user_id,likes,comments,shares,engagement_rate,followers_count,following_count,post_count,main_topic,cluster
00137598-1910-45a0-bb9d-65cea0864795,2733.5714285714284,294.7142857142857,155.14285714285714,0.05877142857142857,54157.0,9499.0,7,15,3
001940bc-9dbc-4e3b-afdd-191cc0a2675b,3501.0,382.75,180.75,0.058124999999999996,69913.0,7821.0,4,2,0
004b929c-8edb-4e58-97b6-4c4ac3b69534,2339.2,180.0,98.6,0.05636,46451.0,8944.0,5,0,2
00681cda-59a2-4c81-bcb8-4329d9ea6d7f,2112.875,228.375,112.125,0.0575375,42642.0,4148.0,8,6,2
007b1164-3330-4ac9-8bdf-44dd945c762e,139.0,13.0,11.0,0.052175,3146.0,2329.0,2,8,1
00871eaf-2e02-4c2a-9806-8216d2acb89e,2670.8,321.8,142.6,0.05858,53532.0,6227.0,5,2,2
0095f558-0f94-4623-8737-f918e814864a,36.625,3.125,0.75,0.05538125,749.0,3229.0,8,3,1
00b07091-5fba-4608-8b1e-492a5d172bcb,470.4,48.4,22.6,0.058600000000000006,9239.0,9517.0,5,1,1
00ea06a6-ffe1-498c-b7a5-2378a78f372d,553.0,37.0,24.0,0.0552,11124.0,6500.0,1,11,3
00ef8ead-f935-4b64-a66c-699ef481585a,2441.3333333333335,201.66666666666666,108.66666666666667,0.056666666666666664,48548.0,249.0,3,3,2
01268ab8-e483-47eb-9058-751e81d6518e,602.6666666666666,46.833333333333336,16.833333333333332,0.05423333333333333,12314.0,4568.0,6,3,1
01376704-fe30-4036-b9f1-6777e79fed61,3819.0,271.5,370.0,0.058,76923.0,1711.0,2,5,0
013e8401-eb70-4e4e-9ae5-715fb4f6aa13,19.5,1.0,1.0,0.055575,387.0,4833.0,4,3,1
014f9871-4a15-4ac0-8c73-500ce0ac97df,543.0,53.0,31.0,0.0558,11240.0,5884.0,1,5,1
01980bd8-1e95-40cd-82f2-e59e33783404,411.5,38.833333333333336,26.333333333333332,0.05714166666666667,8373.0,6112.0,6,0,1
019ba4ba-2911-4dfa-93fe-0cb118c27b76,2110.5,195.5,100.5,0.0572,42076.0,7368.0,4,5,2
019c58b8-8f94-4333-abd4-5545abd0cfc4,4870.6,413.8,263.4,0.05702,97293.0,4778.0,5,0,0
01f05ab9-6634-42ef-8c05-215d2278fb55,626.1666666666666,70.66666666666667,42.0,0.057749999999999996,12793.0,168.0,6,0,1
01f28994-fe90-4ac4-badb-d38ccb750a21,606.1428571428571,61.57142857142857,16.714285714285715,0.05631428571428571,12150.0,2100.0,7,2,1
01f45e95-bd6b-424e-8bd4-50a6465b342b,1812.3333333333333,161.33333333333334,69.66666666666667,0.05653333333333333,36136.0,5514.0,3,8,3
01f61095-343e-47cc-a264-bfb26317e290,704.6666666666666,62.666666666666664,42.666666666666664,0.0551,14696.0,6766.0,3,0,1
02035895-f155-4381-b46e-165af3a83f71,481.75,43.5,24.0,0.058225,9437.0,5599.0,4,2,1
0212ad5e-09b6-4e55-b9b5-60a1b4eef3b3,3976.0,491.0,73.0,0.0577,78704.0,7414.0,1,10,0
02341c5a-1ba8-45f4-8906-76704609da73,2813.3333333333335,347.0,145.0,0.059666666666666666,55390.0,5740.0,3,9,2
023c26f3-7829-4720-8452-740edc29feb0,1097.5,97.25,48.75,0.055875,22254.0,4262.0,4,11,3
024ba0f1-0af0-4ff4-9fe2-2f9efa1814e7,3796.25,373.25,195.75,0.058300000000000005,74891.0,5842.0,4,5,0
024ec76f-6572-44f0-8cab-22e87483ab88,317.5,32.5,19.5,0.0574,6436.0,2217.0,4,1,1
024fdbfd-9a45-4fad-a8b6-3b7096208b9d,4150.0,594.0,276.0,0.0602,83405.0,2219.0,1,12,0
025d5046-cf7d-4144-855a-921d1af7a210,4281.75,454.75,177.375,0.0570875,86090.0,6471.0,8,4,0
025f1988-6595-45c5-bda0-1eb50cb26050,2639.75,248.75,187.25,0.058225,52830.0,8493.0,4,1,2
0269307b-b042-49e5-b8b8-7f9a2f49a6d9,1952.25,233.5,108.75,0.058425,39271.0,618.0,4,5,2
026f549d-75a2-4958-b67c-ee6715b45603,3865.4,348.2,205.8,0.05702,77521.0,158.0,5,0,2
028271fb-9540-4b6a-9d6a-384973b0fe48,1234.5,142.5,60.5,0.0581,24741.0,4027.0,2,9,3
028eec4b-c825-4ec4-a6dd-e3c2a8fd0ba1,2076.0,211.6,98.2,0.0578,41287.0,4596.0,5,5,2
028f89f4-c020-445a-962f-99b5e0adb1ca,722.3333333333334,77.16666666666667,39.0,0.05755,14572.0,4693.0,6,4,1
0299427e-31cf-470e-9769-788da852a49a,184.6,16.0,8.6,0.057679999999999995,3627.0,3484.0,5,5,1
02995366-460d-4f57-ae03-9f77bfcfd6ef,2259.25,234.5,52.0,0.055325,46022.0,8787.0,4,0,2
02a3b024-4f45-48a2-86b2-10628d81b762,3589.5,240.5,74.5,0.055099999999999996,70914.0,9096.0,2,7,2
02a70f02-a3db-41b0-9d61-f3bc0e56f1ae,2921.4285714285716,230.71428571428572,155.0,0.05637142857142857,58654.0,4997.0,7,15,3
02b75f1f-10e9-4405-bc1f-23472a8b184d,4896.285714285715,503.42857142857144,296.7142857142857,0.057614285714285715,98895.0,2428.0,7,7,0
02c5f0a3-4eb2-43ae-9fd2-936567e0faa4,853.0,47.0,84.0,0.0553,17791.0,344.0,1,9,3
02e115ee-405f-4e31-b46e-a84f801c0634,4915.666666666667,582.0,229.66666666666666,0.057666666666666665,99380.0,9989.0,3,0,0
02efd75c-bf11-4ecc-8e56-9620c83b3b6f,4538.25,465.25,165.5,0.056825,90961.0,6914.0,4,0,0
02f36b4c-885a-4dc0-9f18-374c49f5283f,1061.0,103.0,46.5,0.057550000000000004,21037.0,9515.0,4,5,1
02f5057f-342b-4704-9d4e-3e2342f84cb3,4413.166666666667,493.1666666666667,269.6666666666667,0.05893333333333334,87796.0,9338.0,6,6,0
03075781-0a48-4bfa-9d66-a66ff73b6ac1,548.75,61.75,23.5,0.0593375,10609.0,581.0,4,0,1
030b073f-67f2-43f2-b2af-27e72b30fc06,2727.0,330.4,104.4,0.05782,54694.0,9918.0,5,9,2
031c2639-7e8d-4f22-bc4f-ab133713bf22,1510.8333333333333,134.66666666666666,81.33333333333333,0.05773333333333333,29917.0,7160.0,6,4,1
033be639-c3a8-435b-b1ec-35f3fa48ed94,1952.5,253.0,154.0,0.06175,38221.0,7109.0,2,1,2
034a6227-ac1a-4f1a-b026-302db72158cb,2729.0,250.2,151.4,0.056420000000000005,55472.0,7012.0,5,2,2
034bfa0b-742a-49c5-aeb7-7a32659cfb14,2187.75,200.25,105.5,0.056624999999999995,44033.0,5135.0,4,3,2
034eeb46-b7c6-4ef8-9063-a1a523de7fb8,2877.4,254.0,195.0,0.058179999999999996,57198.0,2573.0,5,11,3
03525978-9d9a-46d9-8e07-86e5fd496e66,3947.625,429.375,218.25,0.0583375,78794.0,7323.0,8,15,0
03570ec2-15f6-449e-bebf-a2e2a4e202c7,3425.3333333333335,449.6666666666667,209.0,0.0595,68660.0,1767.0,3,3,0
036e2dc8-0ce4-443c-8b5b-70a7e6d9e280,1649.0,148.6,71.4,0.05484,34089.0,7157.0,5,15,3
037756d6-7e76-4361-8d4b-98d23bf1462f,3669.0,335.5,307.5,0.0606,71136.0,3179.0,2,2,0
037abf4e-75e8-4138-a0ef-11ea0477315b,643.8,65.0,36.4,0.056479999999999995,13190.0,7754.0,5,5,1
037f9b84-7889-48c7-b632-69b912a0fb06,428.6666666666667,45.333333333333336,15.666666666666666,0.05776666666666667,8474.0,892.0,3,1,1
039adca9-a8a4-44b4-b817-28051a229feb,3542.2,267.8,174.4,0.056299999999999996,70757.0,4390.0,5,5,2
03b598b3-6b2e-46c2-8c73-cc4c45250468,4291.6,448.9,256.6,0.05774,86531.0,8029.0,10,0,0
03b854e6-39f8-414c-ac2e-a7fdf6567971,517.3333333333334,47.666666666666664,22.666666666666668,0.056566666666666675,10387.0,8121.0,3,6,1
03ef5524-dcf3-4c74-9da2-a3531da8d1c4,2491.5,251.5,142.0,0.05755,50098.0,6785.0,2,4,2
0417f2b8-1dbf-4bde-b642-149644359935,359.3333333333333,49.0,20.666666666666668,0.062366666666666674,6822.0,4271.0,3,3,1
041996e7-5741-4bfe-be6b-c363f684ab57,2352.0,219.0,198.0,0.058,47752.0,6578.0,1,5,2
041dc2ba-89c6-4013-b1bb-fa333b068656,173.0,12.5,4.75,0.0542625,3545.0,9426.0,4,0,1
0427f578-71d6-4c1a-856f-6d1d3f5db2c7,3938.3333333333335,357.5,205.83333333333334,0.05711666666666667,78808.0,1260.0,6,13,0
042a15b2-dbca-4a82-bbd4-e4ff0d8d2c3e,851.0,79.0,49.0,0.0585,16722.0,4602.0,1,5,1
042da27a-4a97-4a05-87b5-4374a484e193,66.0,5.5,2.0,0.061,1205.0,1847.0,2,0,1
0446a51b-e3f3-418e-adef-c6902ddc8b00,927.0,80.33333333333333,45.0,0.056966666666666665,18467.0,3886.0,3,6,1
0447e939-c54f-45d2-ba14-82946a8700ce,3347.0,313.4,172.4,0.05708,67150.0,5965.0,5,15,3
0453f930-cc4c-4784-a208-d747b12e6659,2576.0,261.0,212.33333333333334,0.059666666666666666,51090.0,2953.0,3,2,2
045c6236-9da0-438c-a3e7-9201a5dc0c83,508.0,48.0,30.666666666666668,0.059166666666666666,9913.0,9469.0,3,0,1
04662a43-8980-4967-9504-183df5ca4107,909.0,94.85714285714286,54.0,0.05794285714285714,18256.0,336.0,7,9,3
04718885-cc64-4b2b-90d3-334c13656860,1361.75,136.0,81.5,0.05765,27397.0,5484.0,4,1,1
04897c8b-4591-4019-9726-6c67d14301c0,4006.8571428571427,426.42857142857144,216.71428571428572,0.058242857142857145,79845.0,8989.0,7,5,0
048bcebc-158e-4af2-bb70-700ce44e9faf,2250.3333333333335,230.0,115.5,0.057466666666666666,45175.0,9506.0,6,0,2
04973079-4879-461d-86f3-5cba81a41ef9,4262.222222222223,435.44444444444446,205.55555555555554,0.05704444444444444,85964.0,7255.0,9,11,0
049e7599-7d8a-4f19-8a81-bb99de680cbd,302.0,31.2,16.2,0.05793,6060.0,4194.0,5,6,1
04a2014a-5a8c-49f5-bbc2-ff5d90ad6627,1567.5,130.5,104.0,0.0565,31884.0,965.0,2,0,1
04a3621a-9a4d-40ef-af14-5f36dba8364f,123.33333333333333,12.88888888888889,4.666666666666667,0.05672777777777777,2467.0,1088.0,9,2,1
04ad60d7-c107-4878-a0a2-c305dccaa7cd,4377.666666666667,398.0,257.1666666666667,0.05703333333333333,88266.0,8934.0,3,3,0
04aecaa4-3fcc-4e77-bbf4-2e6ad0be9ec7,2717.6666666666665,158.66666666666666,201.33333333333334,0.05566666666666667,55284.0,9487.0,3,3,2
04e937db-1348-4b13-8ad9-58a81d603e19,2716.6666666666665,236.66666666666666,116.0,0.0578,53108.0,2479.0,3,2,2
04f9d452-d112-4958-87f5-bd4d141bafc5,344.2,29.4,14.4,0.05494,7063.0,5935.0,5,2,1
04f9fbdd-de35-480b-9d93-fd539fdc0e01,2935.3333333333335,291.1111111111111,108.22222222222223,0.05645555555555556,59074.0,4997.0,9,9,2
050e4cdb-5388-4d44-96a6-a187e515984d,448.3333333333333,50.666666666666664,12.666666666666666,0.0564,9067.0,5357.0,3,3,1
05149b82-84f1-4999-8236-1ee283afc756,4548.666666666667,525.0,220.0,0.05846666666666667,90551.0,9521.0,3,0,0
0525e0bf-b624-4cc0-a5c5-642b996273e4,2654.8,236.6,129.4,0.05720000000000001,52809.0,246.0,5,1,2
05330f80-0f9f-4f7c-9603-c989ea8ea301,3041.375,321.375,177.75,0.058175,60854.0,5391.0,8,14,3
0535923a-ef96-4e5d-aa55-f317c81e97c2,4286.875,487.625,236.75,0.0581375,86194.0,1086.0,8,8,0
05359b27-5ce5-469b-9bf0-76fbe1a67b4e,2051.6,146.4,108.6,0.05602,41164.0,2517.0,5,9,3
0542c258-c638-4cc9-bc78-cb00c8b47f63,1557.0,154.66666666666666,73.66666666666667,0.057333333333333326,31134.0,5211.0,3,2,1
0550d1f2-7179-402c-af5e-b5ea349c2b18,4144.25,308.25,147.25,0.0557,82534.0,8336.0,4,6,0
0551046d-4cd5-40b9-9f8b-857d78b2cad6,3379.75,421.5,212.0,0.0592,67813.0,4504.0,4,10,0
055431dc-fad9-424c-9abd-ee8c20281f3d,1313.5,113.0,100.0,0.05735,26618.0,4995.0,2,8,3
055d82b9-c435-4dbd-b5c6-2df2cef99e1f,241.33333333333334,21.0,14.333333333333334,0.0579,4778.0,1841.0,3,1,1
0566c95a-e174-486e-a001-676c94acb852,3291.0,298.0,91.0,0.0552,66607.0,4892.0,1,11,3
057da513-ff20-4f4a-8189-77e7f23417b8,890.75,90.5,35.75,0.056475,18012.0,3037.0,4,9,3
058c1c42-0032-4c24-975f-d9eccfc4e73d,3903.4,403.6,203.8,0.05756,78396.0,2293.0,5,6,0
05abe0c7-a652-43e9-84ea-cec8d3c695f9,3413.0,265.0,205.66666666666666,0.05723333333333333,67844.0,6050.0,3,1,2
05bd34f1-6c42-41b4-a7db-6e22518ef3ba,3275.3333333333335,299.8333333333333,157.83333333333334,0.05706666666666666,65432.0,3226.0,6,1,2
05cf4c14-8e12-46fc-b080-fda36769bd28,2404.4,267.4,119.2,0.05822000000000001,47952.0,8907.0,5,3,2
060961b7-00df-4c7a-a42e-4b368a37a2f7,2524.75,230.0,101.5,0.057475,49717.0,4710.0,4,3,2
060e3492-60d3-41e1-9c4b-09e926fcd50a,1546.6666666666667,166.0,63.0,0.05673333333333333,31303.0,7320.0,3,10,3
0625bce7-516c-42f7-b02c-2d301a8ca905,82.0,9.0,4.75,0.058987500000000005,1611.0,7180.0,4,2,1
0626af57-f71d-44ed-9270-13b36f72e247,147.0,8.75,4.5,0.053774999999999996,3058.0,5691.0,4,5,1
062b5c49-2968-4b52-91af-d7b51d4adc57,4734.0,478.6666666666667,160.0,0.0567,94796.0,956.0,6,4,0
064302cd-a1c1-4b30-b50b-3057a8e6593d,2317.8,171.4,107.0,0.05686,45679.0,6813.0,5,2,2
064382c4-0052-4f14-93aa-c597c9b5b149,3084.5,239.5,206.0,0.057050000000000003,61849.0,7230.0,2,2,2
06508741-daea-41f4-941b-fe1b6bf537f2,1067.6666666666667,103.66666666666667,52.0,0.056600000000000004,21621.0,9507.0,3,10,3
0650956b-1fbe-46b8-a913-7df46f949ef4,4709.166666666667,481.5,296.75,0.05855,93737.0,3638.0,6,10,0
0667a841-bee9-4bad-ad2e-7711d0a19705,3965.8,329.8,199.4,0.056600000000000004,79410.0,7421.0,5,1,0
067109fc-46b7-4e29-bb25-dc11dc482ba1,444.0,62.5,30.5,0.060700000000000004,8852.0,904.0,2,2,1
0687ba66-fbc7-4a4c-a7e3-405e92519217,2523.0,228.2,178.2,0.05774,50731.0,7515.0,5,7,2
0695a589-170a-4d12-a3cd-c77f80e73fbc,1552.2,157.4,109.8,0.05974,30460.0,1933.0,5,0,1
069972f3-799b-4554-8ef6-1ec5aa1dc066,3421.0,324.2,169.2,0.05684,68862.0,7832.0,5,0,2
069bc398-613b-4a9e-937b-ab9ddcda92b6,87.0,6.6,4.6,0.060640000000000006,1587.0,9432.0,5,0,1
06b297d0-a5bb-40e7-a5d1-3993677cfd42,3768.0,414.3333333333333,250.33333333333334,0.05901666666666666,75100.0,9261.0,6,12,0
06b8f051-b629-49f0-b2cd-648a14b8ed9c,4033.0,538.0,329.5,0.060899999999999996,80464.0,8520.0,2,3,0
06bb3e6a-e334-409f-bf07-60a09e480627,3783.0,301.3333333333333,268.0,0.05826666666666667,74699.0,8524.0,3,5,0
06c61f65-37ec-4e4a-a50f-8aa4e7131ce4,4871.0,590.0,70.0,0.057,96977.0,9307.0,1,14,0
06cb3a1c-32a3-4144-aa4e-3749d90e9449,3209.0,306.6666666666667,161.33333333333334,0.057466666666666666,63976.0,5839.0,3,4,2
06d413f4-5727-4b10-94ae-ff0c497ae0d2,1349.25,149.5,115.5,0.05905,27334.0,8656.0,4,0,1
06ede0ab-fab2-4326-a0b0-e3b875e839d5,4543.4,541.6,177.6,0.05786,90942.0,6766.0,5,6,0
06fb3326-94e1-4753-b0b3-924c3770615c,1822.75,204.75,105.0,0.056975,37416.0,1827.0,4,2,2
070a0e4c-eab4-4321-b902-2bb3307ed8c8,1097.5,132.0,46.5,0.05895,21644.0,5195.0,2,1,1
070be264-1a80-4722-bf93-7e265d59982f,4796.75,461.75,223.5,0.05695,96219.0,641.0,4,3,0
070c1433-e956-43b8-b2b8-6ac8dbcf239c,2726.6666666666665,285.0,166.33333333333334,0.05843333333333334,54362.0,428.0,3,6,2
070edd7d-d9e6-44e5-8758-76b461ce490e,647.5,54.5,32.0,0.05545,13237.0,2299.0,2,11,3
071fcb50-ba93-4e13-9c90-e705df4fd840,5019.0,474.5,266.5,0.057725,99827.0,2552.0,4,5,0
0750a930-d69a-426a-9108-64fa7e48d685,4142.8,503.6,254.2,0.05832,83977.0,3766.0,5,5,0
07592309-36cf-463f-9c35-c30b71e0ce78,2033.75,221.5,132.75,0.05785,41282.0,3369.0,4,10,3
0759495a-2e0b-47ea-8d3c-9b9e11393e48,927.0,68.0,47.0,0.05575,18681.0,5351.0,2,3,1
0761b6e5-d8c3-4a23-81fb-65dde640b41b,4993.0,392.3333333333333,251.66666666666666,0.05673333333333333,99376.0,9228.0,3,3,0
07692075-b35e-4018-af7d-8b5ef9066458,551.8571428571429,42.285714285714285,28.714285714285715,0.05675714285714285,10978.0,2407.0,7,0,1
07720a64-e2be-4f8e-8e44-979531a7ed08,1267.5,72.5,70.5,0.05405,26087.0,2814.0,2,0,1
07818640-5555-4fbb-9dd3-c49b96c413c0,271.8,21.6,18.4,0.054479999999999994,5724.0,503.0,5,12,3
07848d14-e95e-4cc2-98da-72aab7b19e68,5027.0,531.0,340.0,0.0593,99467.0,8912.0,1,15,0
0785e548-514f-4d7e-875b-738fe146e148,113.8,11.6,5.8,0.058719999999999994,2234.0,7280.0,5,0,1
0792ea44-8441-4cf1-9a58-6bfdbc37a599,2379.0,229.5,123.5,0.0575,47509.0,331.0,4,3,2
0799af1f-23ea-4359-94ad-dfc6995898f7,4058.0,373.0,119.33333333333333,0.056066666666666674,81185.0,4723.0,3,0,2
07c11722-96be-48fa-9453-6e1505d2c524,1921.0,257.5,86.5,0.05815,38944.0,9096.0,2,2,2
07cb0823-8a0b-4ad6-8d51-e33554239536,1039.6666666666667,95.66666666666667,42.0,0.056266666666666666,20915.0,4106.0,3,3,1
07d68921-76ae-496d-8a50-c515c4014614,3447.0,284.3333333333333,240.66666666666666,0.05723333333333333,69406.0,6466.0,3,6,0
07d73821-4836-4d74-966d-a71d8ee1d600,3069.5,305.5,165.0,0.057874999999999996,61189.0,6998.0,4,12,3
0805966c-dfff-49f6-908d-72ccd5c9c880,510.25,37.25,20.5,0.05635,10079.0,1400.0,4,1,1
0809571e-3463-432b-8570-605c395f3112,999.0,84.0,76.0,0.05965,19431.0,1911.0,2,6,1
080be3ae-7204-46f1-97f4-b1f60d15c131,2094.1666666666665,245.16666666666666,100.0,0.05753333333333333,42410.0,908.0,6,12,3
0814bc35-e533-4bce-9924-e85a42248277,3094.25,285.5,132.75,0.05645,62226.0,3652.0,4,2,2
081ec04e-6029-4fc3-904d-828392170444,756.5,72.0,56.5,0.0577,15344.0,7582.0,2,7,1
081f9164-078e-445f-a403-ef80b88bcba3,974.0,107.0,67.0,0.05745,19987.0,5028.0,2,6,1
08285886-1692-4a92-b3d6-27a60a634bf2,4684.142857142857,519.1428571428571,205.14285714285714,0.05771428571428572,93712.0,8314.0,7,5,0
082e1601-4006-4180-83df-edd9c1ee70a0,743.0,56.0,33.0,0.05635,14765.0,5434.0,2,3,1
0869cf83-9005-43c2-b6f5-50f258c806ea,1408.111111111111,134.66666666666666,76.55555555555556,0.058411111111111115,27727.0,3542.0,9,0,1
086d4f32-8e5c-4175-8420-0a01d545ddea,4337.0,222.0,204.0,0.0538,88489.0,5238.0,1,12,0
086da7ef-b214-4c73-af8f-326fd9d5feba,3689.3333333333335,391.6666666666667,174.33333333333334,0.056933333333333336,74723.0,7091.0,3,12,0
08763cb9-eb02-4c3c-b418-78596a70166b,3962.3333333333335,377.0,159.0,0.056600000000000004,79523.0,264.0,3,3,0
0876a24f-e58a-4794-827e-fbd4185353de,3944.5,299.0,255.0,0.05655,79582.0,4739.0,2,10,0
088d8e54-2c69-405e-ba62-01d9edefc129,250.4,25.4,14.2,0.05843,4950.0,690.0,5,5,1
0898ed27-ecf5-4742-aa5f-359654e123e0,3021.0,407.0,138.66666666666666,0.05933333333333333,60131.0,2211.0,3,0,2
08b2f1f4-53ba-4497-9e3f-5d76d1b94f52,2472.2,234.0,145.0,0.057679999999999995,49432.0,6386.0,5,5,2
08b9b461-ce03-49c7-bff5-ef0033997d42,2616.0,203.5,168.5,0.0566,52791.0,9120.0,2,7,2
08cbd232-feb5-49be-a32e-464a628b44dd,4057.75,365.25,314.25,0.0588,80613.0,2503.0,4,1,0
08de679d-3f40-4adb-91aa-ce60e11a5fea,4129.333333333333,436.6666666666667,247.16666666666666,0.05883333333333333,81829.0,7702.0,6,2,0
08ed9b75-40b5-4177-9641-7b96a5acdc63,1712.3333333333333,186.0,118.0,0.0577,34967.0,5958.0,3,8,3
08f62691-f58f-4959-a05e-eb000a052d13,2007.25,187.375,78.875,0.0570625,39840.0,4223.0,8,0,2
08f7902f-3080-4503-b05b-fb8493248f3c,897.75,102.25,51.75,0.05975,17610.0,5773.0,4,3,1
08fe05db-31bf-4c51-971c-71842e30a972,4192.6,445.8,221.6,0.0576,84381.0,3475.0,5,8,0
09370195-e432-454f-814b-9e11c30d5a2d,859.3333333333334,88.0,38.333333333333336,0.056299999999999996,17507.0,7601.0,3,6,1
094edf83-36ca-41c7-9186-e206590e1527,1012.6666666666666,94.33333333333333,67.33333333333333,0.0582,20178.0,6171.0,3,7,1
09534c8d-c26a-4d8c-9a24-8537c4f2eb55,1595.5,153.0,66.0,0.057725,31428.0,6208.0,4,0,1
0954c04a-d0aa-4349-8872-8128aa944b2f,2171.3333333333335,186.0,123.66666666666667,0.0578,42923.0,2927.0,3,5,2
09977184-9931-402c-a018-516a37a40e99,2388.0,174.5,180.5,0.0561,48880.0,4983.0,2,1,2
09a96c08-71e5-402e-8302-1a559d051eec,3600.75,326.5,205.75,0.0577,71627.0,8020.0,4,8,0
09aa2418-c08d-46ce-b99c-1f548397242a,679.4285714285714,62.714285714285715,35.42857142857143,0.05807142857142857,13391.0,8280.0,7,0,1
09aac73a-49b9-4487-9a2d-c1f4b68cfe9f,3875.5,334.25,182.5,0.05625,78094.0,1147.0,4,14,0
09acd010-7896-45e1-868b-7203665411f8,1167.857142857143,107.57142857142857,59.0,0.057557142857142855,23186.0,4475.0,7,0,1
09ccc346-b17e-4d6c-9990-3d7e13cb0858,63.4,4.2,3.6,0.05506,1300.0,7021.0,5,12,3
09e2bad6-69b9-4710-afd8-3ee3ef39e0ee,970.0,65.5,58.5,0.057300000000000004,19093.0,6075.0,2,3,1
09e3018d-d473-4b45-a8a4-45ce48f55881,892.0,84.0,83.0,0.0584,18135.0,971.0,1,6,1
09e3eb0c-be9b-4429-a149-4eee8049531a,2630.5,214.75,144.0,0.056075,53325.0,5028.0,4,1,2
09f5b313-30c6-414b-939b-71c508d597e8,4405.75,447.5,184.25,0.057425000000000004,87684.0,6806.0,4,4,0
0a0c45db-c54f-4dab-92d9-a0d9ba35145b,2548.5,178.0,178.5,0.057749999999999996,50306.0,9342.0,2,4,2
0a0ef685-95e9-44f4-93b8-244d3d5e51cd,3293.25,388.0,156.75,0.058475,65635.0,558.0,4,1,2
0a11e502-567f-4d18-86df-c9ce6e90e930,3512.6,325.0,134.2,0.05666,70109.0,7889.0,5,2,2
0a160f11-ca93-4164-b2fe-b4674fa3008f,2218.3333333333335,207.33333333333334,114.33333333333333,0.056900000000000006,44643.0,5104.0,3,0,2
0a1af455-9355-49ae-a012-d8f04eb73f46,1436.6666666666667,151.66666666666666,79.16666666666667,0.058166666666666665,28669.0,4248.0,6,13,3
0a22a325-6322-41c4-a7ab-333eadd65149,998.2,76.6,50.0,0.05702,19723.0,2345.0,5,13,3
0a2501f7-070a-4107-addf-d16a633124c0,1078.0,89.5,43.0,0.054625,22161.0,5957.0,4,7,1
0a27ee7e-ecec-4d4b-9f94-617662430be7,4106.0,440.6,264.6,0.05824,82614.0,9593.0,5,2,0
0a324b72-9be9-41dd-b5cb-c516e9d48eb4,4550.75,413.25,219.75,0.056625,91530.0,1564.0,4,4,0
0a3f38a3-e68a-47c7-b729-a1dfd2f96a06,4484.0,415.5,138.0,0.0565,89194.0,8488.0,2,5,0
0a475059-9642-41ca-9cd6-bd88cf7e0a11,1379.3333333333333,166.66666666666666,95.66666666666667,0.05884999999999999,27895.0,8277.0,6,6,3
0a55f2aa-b6ca-496a-bbad-adc291d92647,2876.5,300.0,206.5,0.059175,57171.0,7386.0,4,7,2
0a595fd3-c4b5-4d45-91cc-0d9861f42a36,4454.666666666667,472.3333333333333,319.3333333333333,0.058666666666666666,89427.0,9393.0,3,6,0
0a5b2f5f-cad8-47fe-87bf-021ccbb2b88a,2056.6,192.0,84.0,0.05724,40753.0,6508.0,5,3,2
0a60a593-a4fe-4e3b-b1af-16a518bb483b,3490.0,347.85714285714283,134.71428571428572,0.057199999999999994,69452.0,238.0,7,0,2
0a6d9f38-ff9b-443f-a518-aaba669370bc,4484.0,475.5,233.5,0.05755,90246.0,5985.0,2,4,0
0a8ef473-63a5-4901-85f1-a6623b24ec2f,4990.0,362.3333333333333,291.6666666666667,0.056833333333333326,99366.0,3910.0,3,3,0
0a9c9529-7852-42b7-a7b5-b5538ae535b0,1757.5,205.25,122.5,0.05985,34837.0,8871.0,4,5,2
0a9fa60c-120b-40c6-96cf-85755faf4f20,4566.5,565.5,316.25,0.059625,91366.0,2494.0,4,1,0
0aa0b2e4-c1cc-43ca-82e6-0b8d8036a579,3120.285714285714,294.7142857142857,201.0,0.057928571428571426,62424.0,1268.0,7,1,2
0aa0cd0a-ac20-4cdf-b160-2b4d026645ab,3427.0,288.0,38.0,0.055,68225.0,6152.0,2,5,2
0ab4ad70-c36c-4098-ba7d-466da84abf68,4770.5,540.3333333333334,195.16666666666666,0.057883333333333335,95130.0,6918.0,6,1,0
0ab8a9b3-1f95-47d4-8fe3-15312643b9a1,2927.3333333333335,266.6666666666667,93.5,0.05641666666666667,58253.0,4956.0,6,0,2
0ac264fa-10bb-4d28-b3f0-42e9a2294d41,2889.6666666666665,248.66666666666666,168.5,0.056933333333333336,58081.0,1108.0,6,1,2
0ac30802-80b0-48ad-8af4-62585a2ae4aa,2948.6666666666665,248.5,160.0,0.057,58894.0,6751.0,6,14,3
0ac3d566-f395-45b3-bff2-3ab7b661d154,1220.2,129.0,30.0,0.05772000000000001,23884.0,4932.0,5,3,1
0aca357e-b4f5-4700-9674-00d08848f783,66.2,6.0,3.0,0.057089999999999995,1320.0,9274.0,5,3,1
0aee4221-5cb7-4671-9396-4761d621e07e,1608.0,127.0,81.66666666666667,0.056566666666666675,32129.0,7106.0,3,14,3
0b06e487-3da0-45d2-bd56-22b155161a11,3647.1666666666665,439.5,178.33333333333334,0.058249999999999996,73198.0,857.0,6,5,0
0b08cc0d-b968-4dcd-a87d-6337cb5b985f,1155.5714285714287,106.71428571428571,62.0,0.05832857142857143,22695.0,1817.0,7,6,1
0b14f1a5-552d-47f6-9074-2a078cbb93d7,2724.8,254.2,176.8,0.05836,54064.0,4421.0,5,1,2
0b1c7204-266b-4c62-8b03-d12a8f3bac56,1888.142857142857,184.0,98.71428571428571,0.05721428571428571,37928.0,7729.0,7,9,3
0b4f7ed0-f096-42a6-83a0-5a720c48175b,817.0,104.33333333333333,38.666666666666664,0.05883333333333333,16316.0,8128.0,3,4,1
0b7f87f7-b422-4b9d-8be9-9a5b49830f52,1296.25,127.0,45.0,0.057,25768.0,8668.0,8,1,1
0b8c38c9-7ab5-476f-a9d9-4c2e980500e4,3453.3333333333335,317.3333333333333,250.83333333333334,0.05833333333333333,68960.0,805.0,6,15,0
0bacb530-f966-41c3-8622-3c005617087b,2911.8,268.8,125.8,0.05636,58665.0,9817.0,5,5,2
0bb02612-76fd-46ae-8ae0-09478424eccb,4159.142857142857,429.7142857142857,215.42857142857142,0.05738571428571428,83734.0,5162.0,7,5,0
0bb2458f-aedd-4106-9508-2f3bd7b6c158,1211.1666666666667,112.83333333333333,53.166666666666664,0.057133333333333335,24096.0,6193.0,6,0,1
0bff33df-1b48-41fd-82cb-4bff29767c71,3261.0,300.25,235.0,0.0576,65879.0,2203.0,4,8,0
0c186117-d364-45c7-b608-4b38823c63c6,351.3333333333333,33.666666666666664,21.166666666666668,0.05699166666666666,7150.0,4990.0,6,4,1
0c1b4bb8-141c-46f3-974a-a691f2348be3,3740.0,430.0,236.5,0.05905,74653.0,5642.0,2,5,0
0c214e10-dcef-4eac-a5be-5df7a7dc376d,1970.0,217.0,65.0,0.0542,41565.0,7390.0,1,15,3
0c226db3-e3a5-4eaf-ad7d-b41ab4ba4971,1375.5,194.5,38.0,0.0594,27078.0,4563.0,2,0,1
0c268662-be98-476f-90fe-d751136da538,578.6,72.8,23.2,0.05816,11598.0,3177.0,5,1,1
0c4216b1-3dba-4559-8da3-9b724383f460,2789.5,269.0,206.25,0.058825,55476.0,9585.0,4,4,2
0c4bc598-0952-4abd-8846-1e9c2ab877df,2766.0,406.0,239.0,0.0613,55649.0,7570.0,1,15,0
0c639713-bf7e-4b29-82a6-70dfcb8858db,3740.4285714285716,390.0,173.85714285714286,0.05745714285714286,74928.0,8472.0,7,1,0
0c65cb55-da81-4527-b309-049fcc19bf78,2372.8,219.4,173.0,0.057479999999999996,48116.0,8250.0,5,2,2
0c729f6d-491c-471b-8ba5-56c85b4a125e,1149.5,96.0,28.0,0.05505,23132.0,9529.0,2,5,1
0c8accf1-0a89-4929-a363-91b433f361a8,4380.0,239.0,186.0,0.0553,86872.0,1361.0,1,12,0
0c97d347-f45e-4e43-97a8-7c31439c185d,935.5,96.16666666666667,47.166666666666664,0.058166666666666665,18544.0,6728.0,6,14,3
0c9dae15-02ed-4afa-9ff3-138740a040d6,2491.0,267.0,144.66666666666666,0.0572,50739.0,9058.0,3,11,3
0caec1e7-6fae-4650-9c07-2f8ce8ef557f,1281.8,121.2,85.8,0.05876,25326.0,2368.0,5,0,1
0cc37cfb-c055-4744-a527-67e6ec23c3f2,5001.25,393.25,225.0,0.056375,99708.0,3293.0,4,6,0
0cc6ad70-c126-44cd-a46e-58ba44bd0eb3,1083.6,101.4,47.8,0.05586,22064.0,6961.0,5,7,1
0cd0d908-7113-4779-baa6-32b180fc35c1,3658.0,522.6666666666666,159.0,0.05896666666666667,73615.0,2720.0,3,3,0
0ce4313e-7545-4a13-818d-f22d9ac6ec8a,1081.3333333333333,149.0,46.0,0.05806666666666666,21975.0,2118.0,3,15,3
0cfbd9f0-2b95-4a1d-be7e-2274c207253a,750.125,80.125,34.0,0.05695,15175.0,4102.0,8,5,1
0cff93d5-08a9-49ce-9802-515ae5728a7f,3928.2,402.6,274.4,0.05852,78679.0,2240.0,5,1,0
0d06ea9b-b688-4132-9482-f6c01f372f33,1474.1666666666667,125.0,78.5,0.0572,29335.0,1581.0,6,6,1
0d0a9e80-9660-4a9f-ad79-07c30756cc33,254.0,29.5,10.0,0.058975,4977.0,1952.0,4,6,1
0d13acdd-bd41-4f14-a7ae-044101dc1f67,1473.75,150.5,60.0,0.0562,29974.0,7906.0,4,1,1
0d3dfe47-ec78-492d-b701-45374cbe4e9b,2478.6666666666665,251.33333333333334,148.83333333333334,0.05868333333333333,49077.0,5179.0,6,3,2
0d5c4450-f896-4858-9ecd-22cd7d77c15b,4825.5,432.5,171.0,0.05625,96540.0,2386.0,2,2,0
0d602613-6f23-4458-b4d3-dc835339402b,1283.5,108.83333333333333,81.5,0.05831666666666666,25266.0,2588.0,6,0,1
0d743846-bf11-4f9e-bcd3-9abc17dd2973,1640.0,136.83333333333334,97.5,0.05791666666666667,32360.0,6169.0,6,2,1
0d821b0b-7785-423f-a98f-4a2c003c59cc,566.0,54.666666666666664,26.333333333333332,0.056566666666666675,11430.0,2305.0,3,0,1
0d99cf0d-e787-4991-8318-ba0a0efbf4b2,1375.8,147.2,75.8,0.05784,27637.0,9069.0,5,2,1
0da6fc90-044f-47e3-93aa-fe6d0edcc14c,185.5,18.5,14.0,0.062,3516.0,3638.0,2,1,1
0dac02c3-d45e-4d5e-b9c4-7162dccfb68a,2549.0,275.25,88.5,0.057124999999999995,50973.0,6673.0,4,12,3
0dbe2385-f339-4d3f-8bcf-8929cf7f2e07,508.0,39.5,30.0,0.0594,9722.0,4939.0,2,5,1
0dc7c48e-5280-41d7-9f94-7c37f4bc897b,3750.0,409.5,241.0,0.05885,74767.0,8334.0,2,1,0
0dd301e6-2c52-405f-92ab-8b45816d5a25,745.1666666666666,75.33333333333333,43.5,0.05895,14657.0,2583.0,6,1,1
0ddb4011-70b4-4566-97f7-259c9de77674,1686.5555555555557,187.44444444444446,108.0,0.05793333333333333,34215.0,5192.0,9,11,3
0ddcec62-857f-41a9-add9-583d355560e0,975.3333333333334,107.0,60.833333333333336,0.057999999999999996,19705.0,3667.0,6,0,1
0de2dfff-66e8-4679-b975-0ea55b990b91,4118.5,379.5,310.0,0.05845,82279.0,6085.0,4,4,0
0dfc84dc-d1b0-4373-ac4f-e98fb64878b9,3353.0,395.0,211.0,0.058,68314.0,5269.0,1,10,0
0e11700a-5d94-402c-8218-121dcc7bbb14,3789.0,391.25,291.25,0.059175,75548.0,3959.0,4,12,0
0e32a933-2d00-4604-b4c0-bff45dba0be3,554.8333333333334,50.333333333333336,24.666666666666668,0.056375,11190.0,4941.0,6,12,3
0e6c080e-e8c2-40b1-ad1b-62b7759a1bc8,3066.3333333333335,310.3333333333333,120.66666666666667,0.05656666666666666,61812.0,3628.0,3,2,2
0e7dc9fe-0913-45bd-bacd-5d4d833701e4,613.5,61.5,27.5,0.0571,12309.0,3322.0,2,8,1
0e8434f6-eebd-4be6-a5a1-06d6b7214da0,2234.5,236.5,189.5,0.06,44355.0,597.0,2,0,2
0e8fd9fe-d9ce-4627-ad56-dd7893dca60e,860.2,89.8,62.0,0.05858,17276.0,2577.0,5,8,3
0ea98312-fddf-48a5-b768-867a1d490cd7,3248.4,354.0,152.2,0.05796,64773.0,5152.0,5,15,3
0ebaf3ab-a19a-4ff9-a86a-890de4414435,4852.2,595.6,232.4,0.05832,97376.0,8765.0,5,3,0
0ed0fd00-4b49-4c0a-804e-0e0a7ddb7994,2065.0,284.0,127.5,0.060200000000000004,41133.0,9444.0,2,0,2
0ed54b60-6da1-48e4-a70f-af7aef8ed947,2378.75,202.0,119.75,0.0572,47187.0,6659.0,4,0,2
0eda42fd-a925-4c26-9109-9364c75ea753,867.4,91.4,63.6,0.05856,17460.0,3832.0,5,1,1
0ee1ab35-188c-4d72-820a-39ecf4ad66b5,2839.3333333333335,304.0,157.33333333333334,0.0579,57017.0,6428.0,3,0,2
0ef387e3-7cff-4028-a339-6542ce7a632c,2627.0,263.5,118.16666666666667,0.05701666666666667,52762.0,5742.0,6,13,3
0ef63e24-be16-4fe3-b5ed-50f02a94c9cc,4759.0,438.0,183.0,0.0566,95095.0,2149.0,1,1,0
0efdb21a-5fde-4f78-b00e-d06a5f3782d9,3689.25,292.0,259.0,0.057775,73408.0,6526.0,4,2,0
0f0e0197-a699-4598-b192-8f05bd51255c,3902.6666666666665,413.0,291.0,0.05923333333333333,77760.0,5029.0,3,6,0
0f108a0f-0f17-4ec9-b3ef-74ad37781209,4225.8,437.0,185.5,0.05732,84588.0,4938.0,10,4,0
0f15e521-25f6-4ede-b8c9-162eb47891e2,1480.8,141.8,98.2,0.058699999999999995,29314.0,5401.0,5,11,3
0f4343a9-26b4-4697-beb0-f216469933e1,2639.25,200.0,158.5,0.056749999999999995,52843.0,9133.0,4,0,2
0f50a8f7-e560-4801-91be-1fcf54bc8d6d,3514.5,464.5,184.0,0.05995,69488.0,4686.0,2,10,0
0f5f38a0-f465-4e2b-9e3f-8ab7d01d378f,4259.666666666667,410.3333333333333,186.0,0.0567,85663.0,1518.0,3,15,0
0f660319-abf9-4142-acf8-7082019bd710,4702.0,501.75,203.0,0.057625,93777.0,2442.0,4,7,0
0f75be86-610c-45b5-9cf0-211097df57e7,2241.0,265.0,117.5,0.0568,46205.0,6915.0,2,2,2
0f803e68-fd91-4755-a2c7-04dda498fdcf,2158.0,228.28571428571428,156.0,0.058442857142857144,43510.0,6886.0,7,10,3
0f99960c-43e8-4172-bd56-bb629085f124,1650.8,183.8,101.6,0.058399999999999994,33165.0,367.0,5,11,3
0f9b625a-ea38-4134-a705-c787e9b59fe3,354.75,37.5,30.25,0.060475,6987.0,6337.0,4,0,1
0fa5642d-1f45-443c-b4fd-f552e2645678,1934.5,209.5,81.5,0.058499999999999996,38047.0,391.0,2,3,2
0fa640ca-f97c-427e-a446-5ca495c85d96,4555.0,484.6666666666667,236.16666666666666,0.05778333333333333,91313.0,2557.0,6,12,0
0fab13ca-4c40-4b2f-ac3d-b35f0cb90f5c,3366.5,459.0,141.5,0.05905,67148.0,69.0,2,5,0
0fc5930b-97a1-4fc4-9269-f13f0fb86962,471.5,49.0,28.5,0.05885,9325.0,7599.0,2,1,1
0fcad5b3-c8fb-4858-b61e-0e52698e9f38,2888.0,202.0,271.0,0.0578,58179.0,8007.0,1,4,2
0fd11022-0daf-4c7c-aeda-019d09e73351,1234.5,121.75,47.0,0.0561625,24984.0,4284.0,4,0,1
0fd6d21b-1f50-45b3-8c70-c561c74f42cd,1342.2857142857142,117.57142857142857,94.71428571428571,0.05744285714285714,27072.0,9509.0,7,0,1
0feb0cff-fd10-496e-8823-ea280f023ae6,1833.5,179.0,74.5,0.0571,36558.0,7191.0,2,11,3
0ff3bd36-ea1f-4c30-8406-47a16240052d,358.5,35.75,18.0,0.058050000000000004,7099.0,6121.0,4,1,1
0ff6bede-a1b9-486f-aeb1-cb99cd20ea2d,2217.0,258.0,138.0,0.06025,43388.0,7419.0,2,4,2
100865df-c473-4e01-9f48-c257ae36c947,4141.0,434.8,135.4,0.05724,82270.0,1567.0,5,9,0
101d62f2-ddaf-4bc6-b637-ceb50aa822a6,3568.8333333333335,310.8333333333333,174.16666666666666,0.05641666666666667,71861.0,9007.0,6,0,2
101fd0a4-441b-4f4b-aca2-baa8a3d42c60,2167.375,228.5,138.75,0.0586625,43208.0,7589.0,8,12,3
102e0fb1-4dad-415c-9229-bfbb4bbd8ad3,2745.8,306.6,131.4,0.05722000000000001,55667.0,6149.0,5,5,2
1038e532-0991-4562-80ac-b7193bad87ca,2457.2,247.6,134.6,0.05846,48560.0,6251.0,5,6,2
103dcbf4-b071-4c54-bae8-217e4db2af73,4293.0,431.0,240.0,0.0577,86050.0,7718.0,3,2,0
10678a26-28e4-4ad9-90c3-4f55e466adcc,1826.3333333333333,192.66666666666666,120.33333333333333,0.057666666666666665,37122.0,1570.0,3,6,3
106c68c6-cef8-4792-bf20-fb6b18f3bc24,476.77777777777777,43.55555555555556,34.55555555555556,0.056944444444444436,9743.0,1300.0,9,5,1
10759277-637a-4a5b-b176-a24efbcf302f,2951.375,298.75,160.875,0.0572125,59622.0,5230.0,8,10,2
1077b2a5-d2bd-4ec0-bb12-3220ad4aa33e,476.2,43.0,29.8,0.05691999999999999,9645.0,9481.0,5,0,1
10825e06-731a-4d31-b0ea-24c2d977fe8f,4884.8,472.2,317.2,0.05798,97893.0,9496.0,5,14,0
1094c125-d6c7-4cf8-ad35-db26ab5e7b9a,1093.6666666666667,91.33333333333333,81.33333333333333,0.057100000000000005,22169.0,4790.0,3,14,3
109cb2b8-36df-44fc-aebc-290d87f293bd,1088.0,113.8,53.2,0.05754,21797.0,765.0,5,2,1
10b6c7f7-e6f4-4593-9a6e-3a89911fb39a,1917.5,189.5,81.5,0.05735,38168.0,5469.0,2,9,3
10b93061-d545-48ad-a8ac-208010a66f00,103.0,10.4,3.6,0.058940000000000006,1985.0,8719.0,5,1,1
10bbb401-e59b-4ce9-ad9e-781531e02724,3989.8,454.8,291.0,0.058940000000000006,80364.0,7505.0,5,3,0
10be141a-b85c-4f19-9ebb-15143894650f,641.3333333333334,74.33333333333333,49.666666666666664,0.05876666666666667,13023.0,8337.0,3,3,1
10d61d48-ea77-4e9f-b083-066beca7b50a,2676.75,211.5,153.0,0.057300000000000004,53080.0,947.0,4,0,2
10dd9232-d7a0-44a2-8467-a005b9cf0a30,782.6666666666666,71.66666666666667,54.666666666666664,0.05636666666666667,16130.0,228.0,3,0,1
11074c9f-8a4d-4692-833e-e15fed079d9f,1934.0,136.5,91.0,0.056150000000000005,38482.0,3660.0,2,13,3
1112f200-d6ca-4e61-807e-ad0a3dd22d1e,1826.75,200.0,117.25,0.0595,36032.0,3832.0,4,3,2
1150e0de-b307-412a-971d-82b28a16635e,3095.0,297.0,246.5,0.0586,62095.0,6956.0,2,1,2
1162f94f-7726-49c2-b2f4-248b18e628dd,1228.25,128.5,67.5,0.058175000000000004,24488.0,9772.0,4,1,1
1166e0fd-291c-45aa-954d-14aba1d4da5b,4577.5,468.5,275.5,0.05740000000000001,92644.0,7106.0,2,5,0
117cc69e-3ebb-4edf-89e1-a112f1e9ee03,1162.857142857143,115.28571428571429,67.42857142857143,0.058057142857142856,23181.0,5260.0,7,14,3
11864995-7537-4834-9454-6b9d73a0a236,3689.0,526.0,127.0,0.0588,73819.0,1299.0,1,11,0
11992626-2daa-49ee-8035-31427328ff29,3404.0,308.25,161.75,0.056325,68750.0,2785.0,4,11,0
11a382a7-b71b-4af3-aa79-a5a9453cfc5b,4019.285714285714,351.57142857142856,210.85714285714286,0.057685714285714285,79437.0,7749.0,7,14,0
11cf5482-b6af-4c54-b6c7-a5c4b3d12b48,50.0,4.666666666666667,2.3333333333333335,0.05776666666666667,987.0,6274.0,3,11,3
11d0c0e1-a2ae-41b0-adff-4321e6da25b4,128.6,10.8,6.4,0.06037,2396.0,4927.0,5,8,1
11e9bad4-bd03-4886-aa94-1e6e5d0a68bc,743.4,81.0,40.8,0.05872000000000001,14738.0,8754.0,5,3,1
11eab038-c70c-4ca0-b2bf-372bf1d6065c,3302.8,390.0,123.0,0.05854,65184.0,3799.0,5,1,2
11ee6713-3011-4ca0-993e-74db95e77408,337.0,31.0,17.666666666666668,0.05893333333333334,6545.0,7885.0,3,5,1
11f5d4c5-5e45-42eb-a11e-8ce6bd3b75e4,686.0,72.5,35.0,0.0582,13629.0,4530.0,6,7,1
1208e738-5743-446f-8642-1da0ebb26a62,1886.6666666666667,180.0,87.66666666666667,0.0577,37339.0,8385.0,3,6,3
1217b806-6175-4723-9c89-1a04c29cb35e,1352.5,133.0,80.0,0.05835,26833.0,7638.0,2,6,1
12230b33-2b92-43ab-b3a4-af848db33438,3192.0,365.3333333333333,145.66666666666666,0.0572,64725.0,5977.0,3,1,2
1226a529-0a3f-4d13-8cf1-7308df9cd987,4752.166666666667,543.3333333333334,265.25,0.05818333333333334,95607.0,1509.0,6,1,0
122f38ac-9e0e-4ea5-a6e6-afaecffefa0d,217.66666666666666,27.333333333333332,15.0,0.0593,4384.0,6059.0,3,8,1
124c26f7-0191-4deb-802b-382cfcb11b61,2944.6666666666665,332.6666666666667,165.0,0.05836666666666667,59001.0,8923.0,3,2,2
124e71b7-9dea-44a9-97d1-cdbdf39344c2,977.2857142857143,94.28571428571429,37.42857142857143,0.05772857142857143,19211.0,8603.0,7,3,1
125e3c27-8c49-47fe-8def-32d717363f53,1394.75,147.75,73.25,0.05745,28116.0,2747.0,4,0,1
1268daf1-b3af-406f-8d45-85e1bafd0fa1,412.0,26.0,5.0,0.0581,7631.0,8149.0,1,8,1
1271b2ed-6950-450d-a52d-516c7c444ef8,1017.0,101.6,54.4,0.05776,20314.0,2822.0,5,0,1
1279e686-bdf3-457d-9e0a-8a2f72284bd2,3262.6,288.2,221.6,0.05811999999999999,64899.0,2467.0,5,4,2
127d45a7-4f6d-4d7f-a242-614be4566850,1429.25,148.25,73.75,0.057300000000000004,28808.0,4958.0,4,2,1
127dc9ec-0e0c-4e43-b78b-f85f1d67f7d1,76.0,9.0,4.0,0.0573,1553.0,5530.0,1,13,3
129af3a2-7b40-46c9-be69-99d77dd99a41,987.0,54.0,37.0,0.0552,19520.0,3982.0,1,4,1
129cb1b5-a647-4ebc-b6c2-7cbbac4d8a50,4074.75,377.75,215.25,0.05785,80684.0,2854.0,4,6,0
12ababcd-7a3d-44b5-8e08-2e2d8f1c8e16,3143.3333333333335,302.0,236.66666666666666,0.058133333333333335,63353.0,9066.0,3,0,2
12af530b-3ea7-4277-b106-df9a02d995ed,4151.6,408.3,186.9,0.05737,82739.0,8914.0,10,10,0
12c04ed1-6e02-466f-834f-085eb3830c43,269.5,29.5,21.5,0.059550000000000006,5384.0,9219.0,2,4,1
12caec19-fcda-4f56-9659-eeb5f58aa461,2441.5,186.0,147.5,0.05735,48365.0,7162.0,2,0,2
12d14105-17ea-4487-99c5-c5449ed419d2,4556.0,579.5,233.0,0.0587,91483.0,3541.0,2,4,0
12de1e00-7007-4cd3-9157-97c58dc2d4d7,4095.25,351.75,173.5,0.05715,80875.0,5530.0,4,5,0
13057c9d-0001-4e7c-a567-3f2c64938cd4,4362.0,467.6666666666667,221.33333333333334,0.057066666666666675,88517.0,5005.0,3,1,0
130a3a3e-ab19-4168-847c-086e73a9247b,1538.5,122.5,84.25,0.0574,30399.0,1681.0,4,7,3
1310de0c-2ce2-4a65-a457-031fa1f73391,536.6,56.6,28.6,0.05686,10938.0,3035.0,5,1,1
13390c36-3fcb-4ff5-845a-61346c317623,1086.0,141.5,91.5,0.0589,22398.0,281.0,2,3,1
1341d573-03ef-489b-b014-b1ee47e40b6a,1215.2,137.6,83.2,0.060340000000000005,23804.0,6998.0,5,0,1
1344327d-2efe-4fae-bf94-32e6f1630cde,3556.75,274.25,160.0,0.05645,70736.0,4943.0,4,10,2
1356b730-f632-4336-b822-3d7b9b139157,3651.6666666666665,417.6666666666667,241.0,0.05896666666666667,73087.0,9014.0,3,1,0
1358a677-3953-4e4b-8bc9-e80d56c7140d,4308.75,442.5,201.0,0.057550000000000004,86069.0,2224.0,4,0,0
136d035d-d35a-4711-adfc-6d8c5991bab6,2910.3333333333335,352.0,246.33333333333334,0.06076666666666666,57758.0,1313.0,3,0,2
136d497e-7f2f-41bb-b81c-dfc67719a604,3194.0,414.0,93.0,0.0577,64099.0,9915.0,1,7,2
1375d5c6-ab0f-4785-970e-ae96abbd446a,3958.8,380.2,253.4,0.05796,79219.0,6158.0,5,1,0
137a9f0f-57fa-45c3-b51b-668e4677aacd,4233.333333333333,377.6666666666667,343.3333333333333,0.059133333333333336,83774.0,4460.0,3,4,0
13836e9e-c83c-4dc0-bdbd-9d908bf8c035,2524.3333333333335,292.6666666666667,186.0,0.059133333333333336,50811.0,8722.0,3,8,2
139587e6-0054-4b3a-b076-72049103da18,1627.0,197.0,135.0,0.0615,31856.0,2228.0,1,10,3
13afbb02-39f2-4cf3-a876-b8dda06659f1,606.5,54.5,13.5,0.057550000000000004,11724.0,4556.0,2,1,1
13baef4d-ef12-4cf6-956c-187a6c6dfd9b,1443.25,177.75,69.75,0.0582,29054.0,6099.0,4,0,1
13bbc34f-cae2-4c7d-98fd-3d34195f1b1c,1712.0,186.0,48.0,0.0566,34353.0,2464.0,1,3,1
13c4cebd-3469-45e3-9c38-cdb96cd02025,1163.0,116.0,41.0,0.058300000000000005,22625.0,3681.0,2,10,3
13d22cbc-2368-46f0-beb5-bf4604eb50a9,1058.75,110.5,44.5,0.0584,20791.0,8805.0,4,7,1
1416b3c5-532a-4fec-af9a-c4f4328bacf3,509.625,51.375,21.875,0.056025,10403.0,9246.0,8,3,1
142649ca-b5ed-415d-821e-6904b11b994c,387.1666666666667,35.166666666666664,22.333333333333332,0.05890833333333334,7467.0,1125.0,6,8,1
142a26e1-c81b-4b8e-9f7a-386ac42bc4e4,25.0,2.0,1.0,0.051025,603.0,3868.0,2,0,1
143cb7a3-e360-4bb0-803e-ca5508829b0b,4269.0,443.0,311.25,0.059375,84616.0,9196.0,4,4,0
14414589-077d-47bc-b4e2-0797ac1463c6,526.6666666666666,53.0,20.333333333333332,0.058166666666666665,10315.0,3755.0,3,3,1
144e0b96-0c4e-4d30-8096-335ed089a644,2008.3333333333333,135.66666666666666,158.66666666666666,0.057333333333333326,40163.0,1526.0,3,4,2
1450c7dd-ae65-42cd-8262-db0eed6e00a0,4230.0,447.0,257.0,0.0579,85218.0,5073.0,4,0,0
146b21dd-a1e7-4900-b202-b6f198ab0258,1919.142857142857,198.0,89.14285714285714,0.05645714285714286,39080.0,863.0,7,5,2
146cfe83-3b2e-43e1-aa56-931d3481b76d,302.6,32.4,19.0,0.06028,5872.0,803.0,5,3,1
1470984a-f6b2-4809-b2d7-1db880d3737a,3014.25,281.75,154.25,0.056999999999999995,60522.0,8413.0,4,0,2
148b1639-f8ae-4ef8-bab4-ed63f0ed3294,2068.75,176.0,141.0,0.058025,41115.0,9266.0,4,15,3
1499847e-0214-4f23-8d2c-2eee0cd088c9,1306.6666666666667,165.66666666666666,68.66666666666667,0.058100000000000006,26522.0,8805.0,3,4,1
14a04058-a582-4277-9925-c180f0a2ad9d,4456.8,395.6,254.2,0.056620000000000004,90153.0,6486.0,5,2,0
14a1dd60-9754-4f3d-88bf-339ea43a38fc,4778.2,558.6,198.2,0.05778,95776.0,2755.0,5,3,0
14aa34d0-58cd-4cbe-9b63-a54a55c30f4e,300.5,35.5,16.75,0.05955,5927.0,5615.0,4,5,1
14c39071-7066-4519-aa62-1b13680a2cfb,840.5,48.0,62.5,0.056999999999999995,16678.0,1803.0,2,3,1
14d0a90e-ea93-4c3f-bc7a-1524dd62d4de,1742.4285714285713,139.0,126.71428571428571,0.058385714285714284,34395.0,926.0,7,5,2
14d132e4-eade-4809-965a-a42829e9e1f8,3169.125,276.125,141.375,0.0566625,63283.0,6273.0,8,3,2
14d5d7aa-b7d2-4cdb-9bbc-4ac067236aa7,3025.0,240.4,204.4,0.057499999999999996,60336.0,203.0,5,7,2
14de2c32-f071-4fb2-ad9c-58a95fa76b77,476.4,46.2,20.4,0.057179999999999995,9495.0,2321.0,5,3,1
14df725c-4b01-4c4b-bdda-be1da78b67a2,230.5,19.0,9.5,0.055391666666666665,4698.0,3295.0,6,1,1
14e1fca2-5325-4d99-9632-1e031653eef8,3049.75,319.125,192.125,0.0584875,60888.0,3815.0,8,14,3
14f21166-0c76-4ca7-af84-3735d52b5966,3640.5,283.25,117.5,0.0553,73084.0,5928.0,4,0,2
14f44352-a82f-4ea3-8016-d5ad2abf831f,3947.5,435.5,172.5,0.05785,78744.0,4718.0,2,4,0
14fc06c0-d5ce-4b13-b353-8d8adf7872eb,807.0,102.0,55.0,0.0594,16236.0,6857.0,1,10,3
1538f225-72fe-487e-b642-67f4cf05e25f,2546.75,303.5,158.0,0.05865,51319.0,3731.0,4,13,3
154553be-4bf4-42d6-856d-4d6fe8edc692,2095.2,235.8,118.4,0.05842000000000001,41930.0,8094.0,5,6,2
1559b14f-33f9-4a98-add6-3ad4776e7c95,3605.25,368.0,186.0,0.058550000000000005,71019.0,154.0,4,3,0
155cb207-de11-4083-9892-098b34cf2e14,138.83333333333334,11.333333333333334,4.833333333333333,0.057025,2712.0,61.0,6,0,1
15689404-31d5-4ee0-9cf3-5e04351e89f1,4174.8,491.8,276.0,0.058679999999999996,84223.0,604.0,5,14,0
15c2615f-42a5-4b12-b992-f5bcbd253636,3474.4,338.0,156.8,0.05684,69807.0,2304.0,5,2,2
15ce74ed-f210-45f0-9174-4dc294e1479b,2197.6666666666665,246.66666666666666,108.33333333333333,0.0584,43698.0,5184.0,3,2,2
15d2c652-be17-4392-9e89-98341178fbe7,4619.0,515.0,319.0,0.0584,93440.0,6781.0,1,3,0
15e2a576-3f63-4daa-a8d8-542a65b0667a,3239.2,368.0,193.4,0.05908,64329.0,8856.0,5,9,0
15f28409-c65a-4c31-9aeb-31fa6c3c71ba,3036.0,185.33333333333334,124.0,0.05503333333333333,60801.0,2014.0,3,3,2
15f5d317-3b3d-4511-b33e-27e4f2ebcfce,3826.6666666666665,328.6666666666667,210.0,0.056499999999999995,77265.0,4901.0,3,0,2
16048998-84cb-4042-9883-fb53c1688b04,1142.25,152.25,68.0,0.0601,22662.0,4624.0,4,5,1
1617f6da-da9a-4a16-9d7c-b1a58e794375,829.0,81.16666666666667,36.666666666666664,0.05756666666666666,16442.0,5655.0,6,5,1
1619e150-7ee1-4679-a017-2c98fc22190c,2082.0,234.0,145.0,0.058499999999999996,42063.0,1312.0,2,7,3
162aafe7-11c9-4b21-8ba4-9bf203d2bc06,2104.0,166.0,102.0,0.0605,39198.0,3526.0,1,6,3
163744f6-98c9-4cdd-8cd9-97a3a8c59cd7,686.6666666666666,89.66666666666667,56.0,0.06268333333333333,13206.0,7465.0,3,2,1
163f5148-2825-4363-8c45-8996e2eca2aa,2119.8571428571427,218.71428571428572,131.57142857142858,0.058171428571428575,42472.0,8481.0,7,4,2
164eb4f0-0306-447b-b4cc-58ada3934fe3,4157.0,459.0,189.0,0.0584,82218.0,9404.0,1,6,0
1650534a-3480-4e92-959e-ed2fc391e502,1601.5,140.5,132.5,0.0569,32958.0,9562.0,2,2,1
1650a17a-e3e4-405e-af51-525bbe809197,3771.5,361.5,83.0,0.0561,75183.0,5184.0,2,6,2
16577136-9c0f-48a8-aa70-de3eaa8c8e1b,3008.8,369.2,167.6,0.058640000000000005,60467.0,4814.0,5,5,2
165de2e4-4b8c-4767-8354-fa172252825a,4778.714285714285,425.14285714285717,244.57142857142858,0.05665714285714286,96164.0,7096.0,7,8,0
165df34f-974c-4b10-904f-c2c8c68de126,1441.6666666666667,164.0,58.333333333333336,0.05711666666666667,29135.0,7195.0,6,0,1
1668de3b-e37d-4b9b-b385-adc4fc4e7f37,424.5,60.5,19.5,0.0568,8884.0,1998.0,4,3,1
1669b0f2-0c05-4429-bc9c-3bda13d2d8f1,698.5,67.0,19.5,0.0553,14195.0,4824.0,2,11,3
166d6cb9-982d-4de6-ad9d-58dae023f4bd,425.5,52.0,32.0,0.061,8356.0,5091.0,2,11,3
16952190-269f-4176-a9de-bbab63acccae,1936.6666666666667,264.0,190.66666666666666,0.061733333333333335,38730.0,720.0,3,5,2
169994d8-a3fc-45b6-ab49-307a36912bf8,2760.25,273.0,168.0,0.057499999999999996,55679.0,4020.0,4,4,2
16b9effa-3775-4369-be36-a348f3a55537,3191.3333333333335,361.3333333333333,237.66666666666666,0.060099999999999994,63073.0,6279.0,3,3,0
16c3cdac-fff0-4ee9-96f4-439935d7ce82,40.0,3.6,1.8,0.052629999999999996,900.0,9328.0,5,2,1
16e6d977-5ce4-43ee-8f34-bde05d9f311b,1021.0,111.0,59.142857142857146,0.058114285714285716,20492.0,865.0,7,5,1
16ed737d-83f1-4a81-9250-2bdef05d6777,1385.5,114.0,79.5,0.0576,27415.0,2980.0,2,9,3
16ef5e27-353e-45dc-8d30-9c92be4c41be,2234.0,250.8,95.6,0.058719999999999994,43941.0,4315.0,5,0,2
16f51509-6f07-456c-8754-267f7d248cce,3728.75,347.75,119.0,0.055275000000000005,75883.0,3452.0,4,14,3
16f687eb-1820-4eb4-b3c9-64b5806ecfda,1681.2,154.8,88.4,0.05706,33710.0,1469.0,5,0,1
171602ec-2f18-499d-8691-4d654ddd65c4,3634.0,185.0,231.0,0.0566,71527.0,2233.0,1,9,0
17212b0a-4b8d-4abc-a9f6-5f4efc1b3302,4853.0,420.75,240.75,0.056775,97157.0,2908.0,4,0,0
172aa709-53b6-4bbe-90d3-37f42ea5c6d4,4234.0,441.5,300.5,0.0591,84193.0,4565.0,2,0,0
1732119b-0569-444c-80f9-8bddfe30a94d,400.6666666666667,40.0,20.0,0.05653333333333333,8148.0,8639.0,3,10,3
17346907-0580-4512-b29c-aa0bd010f84d,1988.0,224.6,127.4,0.0595,39334.0,3434.0,5,1,2
174852c4-707f-4148-a3bb-100c9934f156,1562.6666666666667,182.5,79.83333333333333,0.05925,30799.0,2989.0,6,1,1
1752ff0c-df6e-4f5e-b4a1-ab66943ad089,3666.0,196.0,189.5,0.0547,74129.0,7976.0,2,6,2
17733fe3-ad67-4a41-be3f-fead664eba10,362.3333333333333,43.166666666666664,25.5,0.06058333333333333,7117.0,6651.0,6,10,3
1782e198-092c-408a-9229-a6e168e07f77,3518.0,465.0,282.0,0.0614,69452.0,5405.0,1,12,0
17930a5b-b630-4618-b7d3-b4667126b836,130.75,14.75,6.5,0.0571,2573.0,5331.0,4,4,1
1797dbac-068c-48a3-a14d-27d7af248b03,1244.3333333333333,117.16666666666667,81.16666666666667,0.05765,25027.0,7012.0,6,2,1
179d99d1-ad1b-40d1-ab1d-a189d946de2e,2250.0,239.6,138.8,0.05904,44524.0,6865.0,5,2,2
17a8a2dc-cd7b-492c-8e8e-836226716cc1,379.0,37.666666666666664,10.666666666666666,0.061616666666666674,6920.0,7089.0,3,9,3
17b53649-e3a1-48d1-8daf-5317712c0f05,1702.0,176.14285714285714,83.0,0.05722857142857143,34274.0,5421.0,7,4,1
17db5cf2-7025-4467-a536-2754dfc61ad0,4029.25,387.75,223.0,0.058325,79543.0,3714.0,4,0,0
17e1d03d-3a04-4184-a52f-786f06574dba,3997.5,426.0,373.5,0.06035,79487.0,6083.0,2,12,0
17fbea70-db0d-43cd-a8e8-d49348feb8d7,2733.6,313.4,112.6,0.05739999999999999,55050.0,8546.0,5,3,2
180c86e0-92ad-490e-b2c3-d8dab1cb2fb5,1811.5,176.0,111.5,0.057,36826.0,4173.0,2,2,2
18162912-7bee-4161-88f8-cf4931f2ec84,959.4,103.0,49.4,0.057920000000000006,19186.0,8743.0,5,1,1
1827a9e5-3257-4fe8-b9ac-ec91731e0f3b,4839.5,482.0,198.0,0.05701666666666667,96803.0,498.0,6,5,0
18377397-88f9-40ac-a675-9a1ef1c695a7,4412.0,573.0,316.0,0.0595,89140.0,3843.0,1,11,0
1848b33a-2fd7-440f-8367-afdbbac3fac1,3275.8333333333335,340.8333333333333,140.66666666666666,0.05783333333333333,64987.0,9611.0,6,14,3
184c4690-2442-4399-861b-ae37bcd19ac2,3017.2,234.4,227.6,0.058399999999999994,59568.0,1991.0,5,4,2
18568393-3a4f-49ac-886a-1019c9d07473,1960.6666666666667,206.0,90.33333333333333,0.0574,39329.0,6258.0,3,3,2
1881c441-5a52-4b64-a467-aa9a35b0e0bf,929.0,96.25,65.5,0.0574,19000.0,7678.0,4,9,3
18937653-2673-4fbc-ade5-ce2f93c03d39,2188.0,246.66666666666666,173.33333333333334,0.05996666666666667,43504.0,4329.0,3,7,2
1896a723-08d9-492b-bfc9-90fc198ebc6c,1772.6,173.0,119.8,0.05788,35679.0,4745.0,5,0,2
18ae1b61-c806-4526-9af6-96aec6a62629,3434.625,347.0,139.625,0.05735,68387.0,4671.0,8,0,2
18b56183-f968-463f-b448-c67c8d6440ec,2008.3333333333333,157.33333333333334,73.66666666666667,0.055299999999999995,40474.0,9851.0,3,3,1
18d11c8c-d6da-4346-990e-aea056fae5ed,1268.0,134.0,92.2,0.05884,25397.0,6917.0,5,2,1
18e64234-670b-43aa-924f-6af6b0c2c28c,1646.5,204.0,38.0,0.05555,33997.0,7920.0,2,7,3
1900be69-b2b8-4bf0-873e-c310d4d48e2a,2773.222222222222,273.22222222222223,157.88888888888889,0.05751111111111112,55728.0,8558.0,9,1,2
1948486a-7d31-42ac-acb4-b676e30e5293,1752.25,165.25,74.5,0.0561,35522.0,7166.0,4,2,1
194b1ff5-fa23-4944-91c0-176f8afac75c,2730.3333333333335,293.3333333333333,133.33333333333334,0.057333333333333326,55057.0,4950.0,3,5,2
1982f823-7892-470f-aef6-5166b49f59db,4049.5714285714284,391.2857142857143,229.0,0.057671428571428575,80962.0,716.0,7,8,0
19a3b673-c724-45d3-b498-d55049b91bfb,2442.6666666666665,206.33333333333334,172.33333333333334,0.05776666666666667,48854.0,2875.0,3,9,3
19b1e08d-2a3d-4b6e-9b0e-70b3040164f6,2871.0,338.75,102.25,0.057975,57128.0,8761.0,4,0,2
19c8b530-005c-4a5e-a852-43821f4c5ab9,3350.75,316.25,67.5,0.0561,66549.0,7499.0,4,6,2
19d6aa3d-f145-4c0a-af15-c812dadd58a9,51.0,4.6,2.6,0.05839000000000001,981.0,1258.0,5,8,1
19f95e33-2fc5-4d3c-acd6-19c013294069,3993.0,360.25,153.5,0.056,80438.0,5178.0,4,3,0
1a060dee-05a1-4a84-9c1c-a9f1439ca734,279.5,21.666666666666668,13.166666666666666,0.05773333333333333,5446.0,9239.0,6,5,1
1a265bee-ea95-475e-962f-61d21698b453,864.0,75.0,29.5,0.0567,17070.0,2256.0,2,11,3
1a2ac905-0aff-4224-b9ce-3d4f9728de42,4942.6,576.0,317.8,0.059160000000000004,98616.0,7332.0,5,1,0
1a43a0bc-1a81-4ce1-a9ea-0ee66a52b46a,2087.6,239.4,107.4,0.05878,41431.0,3471.0,5,2,2
1a50eea9-00dc-408b-9ad1-abd7580ed7bb,2198.6666666666665,234.0,118.66666666666667,0.057966666666666666,44023.0,967.0,3,1,2
1a5f53d2-e80e-40dd-b238-c77c743f765c,2607.25,221.25,121.0,0.0564375,52253.0,9626.0,8,0,2
1a6b4d4a-20ab-4551-a75b-8d96af01d35e,910.0,58.0,70.0,0.058,17897.0,7480.0,1,7,1
1a7218d0-5aeb-4f4c-91df-eda6684423f4,3335.6,421.8,141.8,0.058519999999999996,66617.0,1046.0,5,3,2
1a8a5432-6a5e-4fd3-949b-cb5ab5d49c98,1690.0,151.75,130.5,0.058925000000000005,33487.0,4187.0,4,1,2
1aa659bd-1585-4364-9403-6c3b358ef489,627.0,90.5,34.0,0.05735,13105.0,1518.0,2,0,1
1aa83d96-b784-422b-8787-d73bbbd93d21,1679.6666666666667,125.0,109.0,0.05653333333333333,33838.0,2318.0,3,1,1
1abb97be-0127-450e-8ef5-6f9a43c9c74b,2585.3333333333335,199.66666666666666,138.66666666666666,0.05616666666666667,52049.0,6690.0,3,1,2
1abba019-cb21-4f3f-8c6c-25b181e6502d,624.625,68.375,38.0,0.059325,12321.0,9108.0,8,14,3
1ac886f9-bc3e-4a4d-9ced-46fb428e04a3,3748.0,491.0,161.0,0.059,74571.0,9326.0,1,6,0
1acb7844-76d9-4919-882c-221680059d5c,767.0,73.66666666666667,13.0,0.05433333333333334,15708.0,4969.0,3,1,1
1ad4384c-31dc-489f-b73c-b77aaf915921,539.6666666666666,51.666666666666664,13.666666666666666,0.05786666666666667,10453.0,254.0,3,10,3
1ad46f36-be63-4b8f-816d-dcec4d8e1c94,352.0,19.0,17.5,0.05495,7067.0,6108.0,2,13,3
1ad527bb-87a8-4c87-8cda-ff34532c98b5,2319.3333333333335,203.66666666666666,107.66666666666667,0.0573,45929.0,3528.0,3,6,2
1ae5cada-bdf9-4051-8f33-a826b9ba1342,1893.0,162.25,128.0,0.0572,38163.0,1947.0,4,0,2
1af48b39-cddb-4fbb-b0c4-886acf802f9c,4126.5,415.0,219.5,0.0582,81837.0,2283.0,2,1,0
1af779e5-2ec3-4036-869c-0eafb385c8d1,1680.25,205.25,92.0,0.05895,33542.0,4866.0,4,14,3
1b01a3aa-46aa-40da-b828-b8e16b51392d,3616.6363636363635,379.54545454545456,224.1818181818182,0.0587,71886.0,2520.0,11,4,0
1b04c72b-bbf6-4df9-91ba-8aad5211bc4c,355.5,36.0,17.5,0.0581,7043.0,9674.0,2,1,1
1b1c91cb-fb47-4002-bf00-97aeebe75831,1481.5,177.5,37.5,0.0568,29851.0,5832.0,2,0,1
1b2bf136-3420-49fa-969f-b849bca3ece1,4331.0,474.25,237.0,0.058925,85536.0,4250.0,4,3,0
1b32cd58-bcee-4f3f-b6ef-94bbe9f47e91,4086.6,382.0,123.8,0.055720000000000006,82452.0,9484.0,5,4,0
1b340c01-6134-4e4c-b04f-e397d1228fe7,4336.666666666667,366.8333333333333,281.6666666666667,0.05705,87401.0,712.0,6,0,0
1b36b270-3dd5-4ee0-8f5d-7dd1729f0532,4025.5,375.25,273.0,0.05785,80794.0,586.0,4,3,0
1b571e15-1381-4a49-abfa-454834ed8044,2478.2,298.4,222.6,0.06004,49961.0,7235.0,5,1,2
1b6b978b-b2ea-4ada-bcde-28f942c0968a,2664.6,300.4,226.8,0.06026,52972.0,9367.0,5,2,2
1b846adb-b8e7-40d8-97f0-35d82fcca975,4857.666666666667,542.0,231.66666666666666,0.05803333333333333,97073.0,6139.0,3,0,0
1b85caa4-04bb-42b1-bc06-b7b8399feed6,1877.0,203.66666666666666,137.66666666666666,0.0583,38065.0,1046.0,3,5,2
1b97b74c-7ba7-4bbc-9cac-fc4617c32145,1061.3333333333333,127.33333333333333,28.0,0.0583,20880.0,1184.0,3,15,3
1b9b85c3-5e80-4351-b367-ba29292e70a9,3746.0,417.0,271.0,0.058,76506.0,4580.0,1,8,0
1bac75e5-a581-40a5-8438-d37d5baf05bc,4591.8,375.0,272.8,0.05674,92316.0,1973.0,5,5,0
1bbdbdd6-cad6-4f30-aa3d-943ae674315b,2033.6,224.4,114.6,0.05752,41244.0,1091.0,5,3,2
1bbef42e-7e50-40e0-9e26-8c31645749b9,616.0,62.333333333333336,38.666666666666664,0.05976666666666666,11990.0,5388.0,3,1,1
1bc552c5-b0ff-49a2-a37d-086bfc8886a5,1908.0,201.0,147.0,0.0596,37880.0,6984.0,1,15,3
1bcc891c-52c1-4a09-b294-73e96ad45ed1,2668.0,260.0,106.5,0.05735,52889.0,8552.0,4,2,2
1bccb781-7253-47eb-bcc5-b5e0c19ecd9c,3963.6666666666665,353.1666666666667,196.83333333333334,0.05615,80395.0,7893.0,6,0,0
1bd2a4a4-826d-4dbe-867b-e3ac10b03ed5,1138.0,169.0,53.0,0.0597,22769.0,7158.0,1,11,3
1bddd644-84c5-43e2-b46e-f263c2c2391e,4600.25,373.75,231.25,0.0562,92617.0,100.0,4,0,0
1bee7332-7de0-49e8-8b5a-431ac57faae4,4981.6,398.4,223.2,0.05638,99353.0,1350.0,5,10,0
1beee914-bafa-4885-9ba0-c8f79427b900,1922.0,187.66666666666666,96.83333333333333,0.0578,38188.0,1190.0,6,3,2
1c2c53f2-62cd-4108-801e-1f2d5eb274f9,3023.0,187.0,67.0,0.0542,60510.0,4577.0,1,6,2
1c2ef73a-065f-408f-b5e8-a9069721a4f0,225.33333333333334,29.0,7.0,0.055966666666666665,4670.0,326.0,3,0,1
1c3459bf-4d52-476e-9b32-0ba407be1aa3,2342.8571428571427,246.28571428571428,132.14285714285714,0.05841428571428571,46583.0,4287.0,7,15,3
1c4265a7-1d24-4358-a8b7-f04624f2f4a0,2893.75,314.25,170.25,0.058925,57336.0,5938.0,4,3,2
1c52f49c-0d58-4d86-b8d9-9a1f52b3ae9a,179.28571428571428,19.714285714285715,8.714285714285714,0.0584,3557.0,6722.0,7,9,1
1c54d78f-3462-44ed-bf8c-538b482fc512,2187.75,212.5,102.75,0.057175,43787.0,746.0,4,1,2
1c65a277-017c-42e1-8fc1-338ce88d9ef9,1896.3333333333333,171.33333333333334,124.0,0.056566666666666675,38739.0,5323.0,3,0,2
1c8c78da-887a-4cf6-80d7-b5595cf697ac,4491.666666666667,504.0,235.33333333333334,0.05833333333333333,89691.0,4461.0,3,15,0
1cae4f56-d0a0-4754-b3fd-d75e3753a6c3,710.8333333333334,72.66666666666667,39.166666666666664,0.05815,14146.0,3100.0,6,1,1
1cbed5b2-c6ed-4c0d-9201-08cf9c97e52b,141.5,12.75,9.0,0.0539875,3037.0,8301.0,4,0,1
1cd3b0ad-f204-4988-aeaa-1a46d44196cc,2063.0,182.5,129.25,0.056674999999999996,41899.0,5303.0,4,4,2
1ce740c0-d022-4514-a15a-f0f5d3133302,866.1,86.4,51.3,0.05777,17377.0,6574.0,10,6,1
1cf789f6-95db-43b3-8c7c-b1cb3b128e5e,2922.0,280.0,178.5,0.0576,58732.0,313.0,2,1,2
1cfa77e9-1e72-4e84-af23-38b4ecaa6a27,1750.25,191.75,87.25,0.057975,35000.0,2358.0,4,2,2
1d133e46-6cb0-42f9-baad-8aab2d0c4d40,4555.333333333333,543.0,164.33333333333334,0.056799999999999996,92658.0,7792.0,3,0,0
1d19a883-f05b-4875-b5cc-a92221571a03,244.0,32.0,20.666666666666668,0.06083333333333333,4874.0,8904.0,3,4,1
1d2b517b-a087-4f92-acee-45c4aa879a37,196.5,20.0,11.25,0.0546875,4189.0,233.0,4,0,1
1d46d8c2-8b1b-4222-841a-f0c2a1fa3e8a,2416.0,200.2,148.6,0.05639999999999999,49008.0,1129.0,5,5,2
1d4ac59e-8e3e-4e11-ab61-b6d2b108e391,159.25,19.0,7.75,0.0568,3275.0,3744.0,4,1,1
1d531500-e9f8-4ab0-94ff-95ab8442aaa7,718.25,68.0,36.5,0.0577625,14316.0,7010.0,4,3,1
1d671783-694b-4f96-984f-e68d535579af,4859.25,433.5,273.75,0.057749999999999996,96352.0,2565.0,4,4,0
1d67ef56-7847-433f-bb1b-85d6816a7046,3789.0,350.25,180.25,0.0572,75531.0,1467.0,4,7,0
1d6dd971-fe82-455f-8796-8df60b27ac20,4519.333333333333,559.0,175.66666666666666,0.058166666666666665,90324.0,869.0,3,0,0
1d79e06b-903d-4b45-9e59-726edb00adb6,2506.8,323.4,123.8,0.0595,49626.0,2199.0,5,4,2
1d79eb2a-c0ab-4bb6-9bde-badd93d72f41,4142.6,376.4,287.0,0.058399999999999994,82309.0,4559.0,5,4,0
1da5ec65-9ef4-470d-943b-08d58534c20d,678.5,72.25,22.5,0.055825,13846.0,2832.0,4,14,3
1daaa2fc-e643-4bf1-a8cf-5dea27f2bd80,4826.0,516.0,184.0,0.058,95256.0,5342.0,1,0,0
1db100da-2352-4fbf-abda-0ace54a7ae0d,721.0,85.0,42.0,0.06041666666666667,14037.0,9798.0,6,0,1
1dc994be-5be8-44ff-a316-bba7a93dd768,2332.5,242.5,150.0,0.05765,47275.0,2220.0,2,12,3
1dd99b42-b26b-42a0-9be8-72ba7e16e617,3276.375,311.75,187.625,0.057925,65185.0,7303.0,8,3,2
1df58a7f-ce2c-4770-b969-5467fc02d11a,4821.0,480.5,236.5,0.0565,97951.0,599.0,2,0,0
1df5cb73-d320-45c5-80c1-ceaacae7e658,1647.6666666666667,157.33333333333334,79.0,0.056633333333333334,33262.0,4992.0,3,0,1
1e066860-ee56-48ad-8d93-1ba6f39adee9,1176.7142857142858,82.57142857142857,66.85714285714286,0.05658571428571429,23431.0,9307.0,7,10,3
1e0ac487-5278-4991-b3a2-7d7800dd19ce,1442.5,140.5,83.0,0.058249999999999996,28600.0,1805.0,2,0,1
1e0c02ce-c765-4943-b7c3-19901f4315a4,1039.6666666666667,70.66666666666667,57.0,0.056999999999999995,20490.0,3974.0,3,0,1
1e218503-0c68-4322-b794-3ab0ac3054bf,1505.3333333333333,175.33333333333334,74.0,0.059533333333333334,29462.0,6446.0,3,4,1
1e34e047-7f66-49fb-9b7b-a43b591e43e8,1835.8333333333333,166.16666666666666,112.5,0.05876666666666667,35965.0,6878.0,6,6,3
1e57e9ee-79b1-4de5-b1bb-cad1d8564e0d,2559.3333333333335,261.6666666666667,121.66666666666667,0.05656666666666666,52036.0,7457.0,3,1,2
1e82894c-fd05-4349-91d8-a9252b35d476,1231.25,128.75,67.25,0.058175,24541.0,1875.0,4,2,1
1e95920a-cb49-43e4-a045-644c661b38e4,743.3333333333334,62.0,37.666666666666664,0.05776666666666667,14591.0,1023.0,3,4,1
1e9a3474-e41f-4d4c-8cb9-4bfa27b8365d,3365.2,309.4,164.2,0.057620000000000005,66623.0,7281.0,5,2,2
1ea6efbe-764b-47e6-9469-4c36dcf4d8b1,507.3333333333333,40.0,26.333333333333332,0.056333333333333326,10184.0,9289.0,3,5,1
1ea7e561-d285-4411-8cf6-da1f30b3205f,816.5,72.75,33.0,0.056575,16299.0,7822.0,4,4,1
1eb8fd18-1c7d-4df6-adc7-0f283c455c5c,897.0,102.5,65.0,0.0582,18285.0,6569.0,2,7,1
1eb93311-5113-4842-ab52-e91a64a1190b,597.0,52.0,42.333333333333336,0.05791666666666667,11939.0,8252.0,6,15,3
1ebe1d10-4b98-4318-80f2-2c014b4a57d1,4043.0,406.0,230.66666666666666,0.057850000000000006,80904.0,9333.0,6,0,0
1ec32668-3d6e-4f4b-8627-85bdd34315f0,3389.8,339.0,185.0,0.057699999999999994,67808.0,4365.0,5,7,0
1ec9ce43-0748-4d35-8776-704307814cbe,3930.1111111111113,371.44444444444446,160.66666666666666,0.05695555555555555,78330.0,3301.0,9,4,0
1eca6029-c5e4-47a1-995c-12affd9b4d8e,4147.2,440.8,200.0,0.05766,83056.0,296.0,5,9,0
1eccbe64-c637-4746-82ad-b0db5e9f3b0c,4835.333333333333,504.0,210.66666666666666,0.05803333333333333,95599.0,9670.0,3,8,0
1ef358e6-13fb-4b11-850b-0e3ade068f62,3968.5,358.0,340.5,0.0589,79228.0,1002.0,2,2,0
1ef3a4ca-cda9-40a0-93cc-8305da026b4a,3835.2,410.0,192.2,0.05776,76856.0,660.0,5,15,0
1efaff22-b24a-4a5f-8ffe-a9f1592e34ab,884.0,80.0,11.5,0.054150000000000004,18008.0,566.0,2,3,1
1efda10f-4773-4a42-a1f3-c1fda3d678cd,1619.2857142857142,184.0,77.28571428571429,0.05821428571428571,32297.0,2864.0,7,4,1
1f1531a4-370a-4ae7-bef6-4c3d844e941a,3749.0,238.66666666666666,203.0,0.056100000000000004,74702.0,2669.0,3,6,2
1f193c04-e085-42cd-85e4-b22fd18f9ce0,3242.75,316.75,161.25,0.057075,65200.0,2342.0,4,0,2
1f24caf6-1b28-4937-9f7b-ac8b306f82f1,3370.5,339.8333333333333,175.5,0.05803333333333333,66956.0,6285.0,6,13,0
1f2b913c-e924-401a-8622-3d52c634b86d,2682.0,376.0,233.0,0.0629,52305.0,4195.0,1,13,0
1f3539c0-90af-47e4-8a1b-1bd82382bdb9,3113.0,390.3333333333333,210.33333333333334,0.059,62918.0,7462.0,3,3,0
1f36812d-dda5-4b62-bb88-3b437f486e62,2584.5,224.5,94.83333333333333,0.0574,50593.0,6829.0,6,7,2
1f3c90e4-e3a1-418b-8d92-cbe1a405edec,3815.25,359.75,347.5,0.060225,75094.0,391.0,4,0,0
1f427780-76ab-4139-a190-b91496e5b3dd,934.8888888888889,94.77777777777777,50.333333333333336,0.057466666666666666,18794.0,4730.0,9,8,3
1f5bbac4-f968-4575-9805-6dbde0c7e349,3262.75,371.0,203.75,0.058875,65221.0,3026.0,4,0,2
1f6119b7-3cad-45cc-aff7-e313c3917902,3037.6,306.6,216.0,0.0586,60754.0,1262.0,5,2,2
1f653db1-c96b-45da-a7a6-9dc30eaec3a2,268.3333333333333,20.333333333333332,11.666666666666666,0.055600000000000004,5400.0,7644.0,3,3,1
1f6aa1d5-7504-4559-9315-8a02241375d2,2397.4285714285716,243.57142857142858,95.71428571428571,0.05672857142857143,48247.0,6459.0,7,1,2
1f74809d-269d-4046-94f3-3151621edc56,567.3333333333334,47.166666666666664,30.333333333333332,0.05686666666666667,11339.0,9987.0,6,3,1
1f785682-5bc0-4722-8736-1843292e64e2,4197.625,466.75,308.625,0.058812500000000004,84530.0,3504.0,8,6,0
1f7a9676-e583-43ab-9373-07a4f4b56362,4252.75,398.5,226.0,0.056675,86012.0,5575.0,4,4,0
1f7d1595-f7b0-4764-add0-f8b63d119e85,347.6666666666667,39.833333333333336,12.0,0.059741666666666665,6653.0,9299.0,6,5,1
1f82b76a-264b-4212-be7e-5770518575fb,566.5,53.75,39.0,0.056025,11768.0,2644.0,4,14,3
1fa1117a-4b43-4a9a-8491-8571a53ada49,968.0,88.0,55.333333333333336,0.05783333333333333,19219.0,612.0,3,1,1
1fad712a-d2b3-40ee-b843-fd2246332b08,3552.222222222222,323.3333333333333,179.77777777777777,0.05673333333333333,71480.0,6132.0,9,6,2
1fc2ce6c-686e-4592-84af-03c18f72e082,3238.75,320.25,128.25,0.0567,65019.0,9992.0,4,4,2
1fc6a49e-6b2d-4053-bd07-6e23ec7fd9f3,2305.0,254.5,156.5,0.0592,45893.0,2469.0,2,3,2
1fe2bc77-8a33-4eea-921d-9471bb73fb2b,4601.666666666667,304.3333333333333,141.66666666666666,0.05446666666666666,92675.0,4715.0,3,11,0
1febd7d3-2ac9-4290-8a5a-42347ae16147,4820.0,496.0,203.5,0.056975,96890.0,3220.0,4,2,0
1fec79eb-cb38-4950-a915-b3de844fc76d,363.5,35.0,18.0,0.05825,7150.0,8791.0,2,0,1
1ff56c49-6b2a-4fc0-a6ff-fb179281d2a3,3107.0,336.1666666666667,208.66666666666666,0.05910000000000001,61793.0,560.0,6,1,2
1ffef1bf-5e49-44c5-9194-4406c137f624,4848.5,648.5,358.0,0.06055,96758.0,6993.0,2,1,0
20020663-1b1f-4076-a9b8-10e16ae37d10,2456.8,314.0,118.8,0.05924,48779.0,569.0,5,10,3
200eae17-9eb4-4005-8851-51817efaffdb,3059.75,369.25,159.75,0.05915,60677.0,7617.0,4,15,3
2018103f-7887-4054-8c6d-d14e9afcc755,2530.3333333333335,218.33333333333334,68.33333333333333,0.0551,51118.0,8678.0,3,6,2
20213eb5-ebea-4dac-a11a-8836169c0059,1048.0,89.0,90.0,0.0587,20907.0,5533.0,1,5,1
20268db3-e475-4ad4-a492-eb9a2cda28ec,4409.666666666667,383.3333333333333,301.0,0.05836666666666667,87254.0,2048.0,3,5,0
20282720-8463-4a8e-98b1-2db7de214e89,2369.6,236.0,132.4,0.05704,48017.0,1629.0,5,3,2
20366e6f-6fa5-43de-8cef-98f5bc90d6db,2468.0,270.75,142.0,0.0581,49610.0,5332.0,4,5,2
2039fb65-5069-44e0-97fe-4bdfb60a496f,4927.0,412.5,372.75,0.059550000000000006,96044.0,4866.0,2,3,0
204a9272-4ef9-43df-8953-bf84458c03bf,1418.5,119.25,62.0,0.057025,28062.0,2204.0,4,5,1
204c4dce-629a-4d00-bf65-a662fbca5ebb,1482.0,146.25,79.25,0.0567,30105.0,9669.0,4,0,1
2057cff4-7d9f-4daa-b56e-7e4c361144ae,84.0,8.0,5.666666666666667,0.05955,1649.0,6266.0,3,0,1
20698819-4052-472d-a182-b2fd4098f8cc,247.33333333333334,27.166666666666668,12.833333333333334,0.056799999999999996,5059.0,4415.0,6,3,1
208660c2-9c9a-42d6-a058-fb8fe1f17d58,4936.0,373.0,248.0,0.056,99227.0,6516.0,1,0,0
20872195-2f21-475d-ba46-e686c2f83b46,4645.333333333333,552.8333333333334,195.33333333333334,0.05808333333333333,92867.0,9706.0,6,15,0
20bd22d6-15d0-48fb-b478-dc849b3d63d6,631.6,56.4,41.6,0.05612,12998.0,5952.0,5,13,3
20c12f22-2b13-4f53-9586-7f6af610f6c8,4232.6,420.3,162.9,0.056830000000000006,84726.0,2595.0,10,1,0
20cc6344-c4ce-4fba-92eb-8fa40818e54c,4204.0,349.0,280.0,0.0572,84514.0,692.0,3,0,0
20dde538-3d0c-4b09-9b97-086391d09b4a,1476.0,173.66666666666666,66.33333333333333,0.05963333333333334,28792.0,7517.0,3,6,3
20e358de-4c0d-4d2c-bc18-c7b5181689cc,1720.6666666666667,151.66666666666666,73.33333333333333,0.056100000000000004,34667.0,6268.0,3,3,1
20ec99e4-7751-46f8-8cc3-06f74754aa3b,3225.5,247.0,237.0,0.057749999999999996,64238.0,2255.0,2,0,2
20f01537-9745-4fe3-8359-768e4d98673a,1193.5,100.83333333333333,74.5,0.05665833333333333,24212.0,5553.0,6,8,3
20f2064a-488b-4240-9833-947bd74d6b55,2602.5,219.0,82.75,0.055975,51898.0,8687.0,4,1,2
210477d4-ec07-4321-8b46-3f8fe56c2616,3049.25,246.75,132.5,0.055400000000000005,61904.0,116.0,4,1,2
212da193-0878-475c-a554-e34e3008d7fd,3732.3333333333335,348.0,231.33333333333334,0.057166666666666664,75392.0,2550.0,3,11,0
213895e7-561c-410b-b125-115729e040a7,2324.0,200.5,156.0,0.057550000000000004,46592.0,311.0,4,11,3
21432a9f-a043-40b0-bf92-a89bdb124f1e,3108.25,356.0,257.75,0.059325,62738.0,1701.0,4,8,0
214a9a96-c3f9-4dc3-9b79-51ff5bdb9d70,4267.5,480.5,289.5,0.059225,85040.0,3802.0,4,3,0
214e4ec5-96b8-48ed-a033-56ae7a54f93f,1798.75,151.125,115.375,0.0575875,35860.0,197.0,8,7,3
21645c7c-d349-4767-8628-bb182722fd29,709.5,63.75,29.75,0.0576,13945.0,4737.0,4,9,3
2174f9a7-cf72-4218-8aff-0f3b0a9eb973,3871.0,456.0,152.0,0.05595,80054.0,5716.0,2,7,0
21987668-6202-4c03-a9cb-165d6d694d67,2596.4,249.2,207.6,0.05888,51836.0,2366.0,5,7,2
21b0fe5f-0d57-413d-a82e-f844c8f5e341,780.75,58.0,41.25,0.057,15436.0,8863.0,4,2,1
21b859e5-3d9a-4b39-b992-d3de24630414,1522.0,134.0,73.0,0.05665,30524.0,4424.0,2,5,1
21bd05e8-dc2a-4d57-a00b-587780026af3,4149.666666666667,365.5,235.66666666666666,0.056883333333333334,83524.0,3028.0,6,10,0
21e09352-5562-456b-a76e-d7172bf7cfc9,2416.0,268.0,124.33333333333333,0.05883333333333333,47718.0,2308.0,3,0,2
21e34220-fb9d-442c-a729-d6801f46d431,3852.4,338.4,188.4,0.05686,76999.0,4002.0,5,3,0
21e4f01a-fc72-4b80-8f95-afc2ad867bb3,3504.285714285714,407.42857142857144,267.14285714285717,0.05904285714285714,70783.0,479.0,7,2,0
21eb70ad-9097-4457-b1f4-78b1a3864fb1,1615.75,171.0,83.0,0.056925,32828.0,2605.0,4,4,1
21ef6321-4cf1-4538-9feb-190dc01d3c2e,3924.5,406.0,217.0,0.057600000000000005,78971.0,2314.0,6,1,0
21f12c0c-6264-4db2-8c15-32641d150c49,648.0,96.0,53.0,0.06465000000000001,12281.0,3904.0,1,8,3
21f99549-73ca-406b-b026-c8a275abf91f,513.5,49.75,26.0,0.0574,10264.0,8717.0,4,5,1
22270db1-0ec3-4c4a-8ca1-35a112703be7,3737.0,394.0,233.66666666666666,0.058100000000000006,75163.0,5069.0,3,8,0
2228ea13-aacb-4c05-b6d2-d3bf80cd8a7a,3774.75,453.5,82.75,0.0577,74733.0,8637.0,4,3,2
2238e054-23d4-401f-899a-6a14fa072de2,1938.0,210.33333333333334,114.5,0.05855,38657.0,2313.0,6,6,2
22528917-77cc-40a3-b496-e4e96c02d1da,2839.8,301.4,166.4,0.057620000000000005,57437.0,100.0,5,0,2
22683880-5c88-42cd-86a3-822c526d1a6c,196.5,18.75,9.25,0.0569375,4018.0,6442.0,4,2,1
228d2ce7-6c03-4807-bd94-fba923d63782,4552.333333333333,335.0,349.0,0.056799999999999996,92184.0,1755.0,3,1,0
22978e9e-76a7-4e31-abf8-52d977f10235,5000.333333333333,429.3333333333333,246.0,0.05723333333333333,99178.0,4726.0,3,3,0
2298d4e4-f445-49fc-afd1-dc18c3fbe857,1523.0,184.0,108.66666666666667,0.0604,30079.0,5024.0,3,2,1
22b09dc1-0b76-4f41-870f-b13030b36071,155.25,17.0,8.5,0.0579625,3115.0,4030.0,4,1,1
22b75e0c-eade-46d9-8842-80573f2b4c7b,3842.0,459.0,305.0,0.0605,76073.0,914.0,1,10,0
22bf1a79-ff59-4aa2-a96c-1b198c532859,3109.75,254.25,59.25,0.0552,62003.0,5576.0,4,4,2
22c963e0-1918-4525-9fd9-64316f8a03b5,4414.4,474.2,299.8,0.058820000000000004,88202.0,2120.0,5,12,0
22ccda3a-ccce-4c48-8b07-f5d8ff59f15d,3422.5,377.0,181.0,0.05835,68234.0,7081.0,2,7,0
22dd92d2-78a1-4b96-836c-d30ddeefb03f,4049.5,293.75,181.25,0.05565,81307.0,7364.0,4,3,2
22f91eb4-3235-470a-ade6-4f10ca2c7c97,744.0,100.33333333333333,36.0,0.0578,15226.0,1644.0,3,5,1
22ffa2d2-921e-482b-8afc-e83dc531c44e,523.75,61.25,20.25,0.058325,10377.0,4744.0,4,2,1
2301bb01-ebfe-4858-91ef-689c40329a0f,4710.0,601.3333333333334,202.66666666666666,0.05856666666666666,94136.0,9256.0,3,7,0
23066d40-9f4e-4c60-8a48-ff28dc066c30,3836.5,377.25,207.0,0.05835,75764.0,217.0,4,8,0
230cfd79-297c-4de6-865f-de1f1f3f046d,2426.1428571428573,242.71428571428572,93.0,0.05728571428571429,48228.0,7626.0,7,2,2
23137e05-6ebf-4271-9e43-6e16bd08ad1a,1244.5,127.5,88.0,0.0595,24552.0,3683.0,2,0,1
231cdfc6-948d-4ede-ac70-cab4271f5433,4807.666666666667,403.5,245.5,0.05633333333333334,96901.0,2971.0,6,0,0
233c7382-910e-41e3-9160-1ab9cabd006f,391.0,31.0,21.0,0.055,8057.0,2055.0,1,11,3
233d3483-5cf2-45f7-b096-c1ba469cf56f,2719.0,305.0,200.66666666666666,0.0595,54204.0,5019.0,3,3,2
233eb69a-7ad2-4b89-8f32-2a310a384404,629.0,55.0,61.0,0.0614,12127.0,9042.0,1,4,1
2343b0a8-76b3-42ec-95d6-a965f4063ac3,4406.833333333333,317.8333333333333,255.33333333333334,0.056383333333333334,88309.0,6651.0,6,1,0
236268a4-8bf0-4912-8b17-bb2ef1da229d,2542.8,238.2,173.0,0.057420000000000006,51464.0,9347.0,5,12,3
236c15e9-f3e4-415c-9756-b5029fb483e1,3541.0,223.75,172.5,0.0553,71198.0,9005.0,4,0,2
236eae44-136d-4da4-9542-5e1e6b38f678,337.0,27.0,32.0,0.0601,6593.0,7101.0,1,13,3
236fd5f3-a6ef-4744-868d-c6444b896e92,3428.0,327.5,316.0,0.05935,68604.0,4414.0,2,0,0
2378d24f-4704-4182-9a15-91364920d2b2,1609.0,214.0,75.66666666666667,0.0578,32848.0,1719.0,3,1,1
2393c46f-3d16-43ca-97e0-b31de353d085,3764.0,402.0,239.5,0.06,73396.0,5035.0,2,9,0
23a946b4-0d65-41a4-b700-258b00f60925,3108.3333333333335,264.3333333333333,141.33333333333334,0.056400000000000006,62302.0,9574.0,3,6,2
23b049f2-e459-4652-9c1d-9f342061f4b9,1372.75,101.75,65.75,0.0568,27119.0,1703.0,4,7,3
23ba70f6-1def-48a5-a618-acc7d58873e0,3648.6,392.8,173.6,0.057999999999999996,72703.0,3658.0,5,2,0
23bed42f-4bbe-4787-9415-a6dc34a08b71,4527.6,456.0,254.4,0.057679999999999995,90844.0,4674.0,5,0,0
23cede99-efeb-4b80-ad87-f35325b0b02f,2518.5,223.0,73.0,0.0554,50803.0,6036.0,2,2,2
23d34fb8-6d7a-44af-9822-7eb27c359659,3681.6666666666665,326.3333333333333,242.0,0.05766666666666667,73716.0,4010.0,3,3,0
23f34060-fc55-4dd6-8d17-d491bebba1cd,2416.0,201.5,129.0,0.056249999999999994,48822.0,7104.0,2,0,2
23fb9ba3-d779-44f0-a0f7-7e1cd6269cfc,1596.25,99.25,124.75,0.0563,32332.0,6213.0,4,6,1
240b98a8-8a3c-44c1-909c-21cf53724732,1263.3333333333333,89.66666666666667,46.666666666666664,0.055799999999999995,25075.0,8146.0,6,1,1
24143119-a6e1-4b20-a0ce-16d03156c1ae,4283.75,417.75,265.25,0.058125,85479.0,7381.0,4,3,0
2426cd6d-043e-418c-a714-ed8546b89299,4550.666666666667,509.6666666666667,207.5,0.05818333333333334,90541.0,1161.0,6,2,0
24308c3c-8a96-4af9-a279-bbe7cee28759,4810.0,386.0,273.0,0.057050000000000003,95868.0,5329.0,2,1,0
24318f6e-8f03-4b83-af42-260c29e73d05,789.0,92.0,9.0,0.05475,16247.0,404.0,2,11,3
24322b39-9a7d-4024-b381-fc57fdb16a27,1519.0,139.0,28.0,0.0564,29920.0,6392.0,1,8,3
2432fd4a-66de-4878-bdbc-2032893d3a0e,2992.75,312.25,156.5,0.057925000000000004,59763.0,958.0,4,10,2
244dc392-0ee0-4cf8-a78b-d9cf00e8d7d1,4992.666666666667,445.6666666666667,251.66666666666666,0.057433333333333336,99130.0,4174.0,3,0,0
245f7590-4d36-4a9f-a314-8636f3d178b1,3887.5,410.5,205.0,0.05735,78515.0,1746.0,2,4,0
24655f7c-38c6-4b26-9aa3-0c7d581658c2,2319.6,211.2,87.6,0.055779999999999996,46949.0,1640.0,5,1,2
2479f249-a2f1-411d-8491-9c54f1d8dea5,1624.6666666666667,147.0,88.66666666666667,0.057966666666666666,32107.0,9322.0,3,4,1
248632d4-a93d-4311-9eb3-63271c7b1060,2378.0,201.0,123.5,0.0566,47736.0,1529.0,2,8,3
2493d057-41cd-4d97-bc1d-dc89acecaa66,2690.5,236.5,161.0,0.0577,53522.0,2075.0,2,10,3
249c421c-e549-4261-b4aa-00293148ed9f,144.5,13.5,5.0,0.05765,2827.0,3199.0,2,4,1
24b7e43b-2cc1-45f5-b367-d4558cc27827,3711.3333333333335,401.3333333333333,162.33333333333334,0.0573,74579.0,635.0,3,6,0
24d1adae-52ac-4a6e-bfc6-7499c294f3e8,4551.0,524.6666666666666,298.3333333333333,0.0588,91380.0,5674.0,3,1,0
24d1ea95-f173-4b4d-ad32-bc7955938385,4106.666666666667,279.6666666666667,163.33333333333334,0.055266666666666665,82371.0,4660.0,3,3,2
24db22e7-e7b3-42cb-a7c9-e5ac2ba39cc5,3303.75,355.0,124.75,0.0568,66637.0,5602.0,4,2,2
24f6a5d2-7ec8-4e34-ac42-6bd49c289bce,3924.0,326.75,206.5,0.057175000000000004,77931.0,7551.0,4,3,0
24fb4a66-9cd3-4de4-a8de-754e79ee1cc6,3838.2,390.4,236.2,0.05786,77185.0,9657.0,5,3,0
24fd8ca8-68d3-46ec-9bbc-ce8a9d74f23b,1157.0,89.5,24.0,0.0529,24004.0,4620.0,2,0,1
25004ff2-738f-4605-8aae-a3cc7b138e02,1414.6666666666667,188.33333333333334,43.333333333333336,0.05833333333333333,28216.0,8348.0,3,7,3
251d059a-470e-4d18-bddd-841e3b20c2b3,1765.25,156.0,116.0,0.057675,35335.0,1171.0,4,1,2
252eaa37-ffb2-4fcd-a274-bcadba8b6d8d,3672.8333333333335,355.1666666666667,268.6666666666667,0.058633333333333336,73302.0,6712.0,6,7,0
25564612-15f2-4010-a5c6-c553328a5371,378.5,25.0,21.0,0.0555,7646.0,7200.0,2,0,1
25569dbd-4f8f-40a7-ba70-542f18963b00,428.0,37.0,23.571428571428573,0.05865714285714286,8330.0,3822.0,7,8,1
25636478-3b52-4fd7-b881-e9501a56c549,3608.6666666666665,373.0,209.66666666666666,0.0594,70568.0,4395.0,3,9,0
25714ea4-b622-481c-b395-083e76b12dd4,3884.3333333333335,407.6666666666667,160.11111111111111,0.05764444444444445,77239.0,9366.0,9,5,0
2583b6fa-e2b4-4004-91a4-dffcc1f93c55,2619.25,282.875,137.75,0.057775,52627.0,2737.0,8,10,3
25b95ebf-0bda-46a0-b7b5-620b40703bba,4438.0,453.25,305.125,0.05845,88926.0,6759.0,4,7,0
25c61a92-89b6-44b7-a380-f558d01fda6e,1518.3333333333333,121.0,101.33333333333333,0.0573,30373.0,8311.0,3,0,1
25d70839-8f45-4847-bb6b-c0b93171c612,3672.0,344.75,163.75,0.056325,74217.0,8007.0,4,13,0
2608e627-35df-4e74-9db1-e0f4b42d4fb7,3973.5,436.75,174.0,0.0579,79189.0,9578.0,4,1,0
26113593-44d1-46fc-b451-8dca5e69ed27,4721.333333333333,446.0,205.33333333333334,0.0567,94738.0,903.0,3,4,0
2635ff90-8749-48d3-8e4e-20b720cf2a51,1866.0,244.0,48.0,0.0583,36990.0,1059.0,1,3,2
26369c34-f0d2-4592-bf5e-0bc44c7c52e7,4930.333333333333,399.0,328.6666666666667,0.057499999999999996,98414.0,65.0,3,0,0
263ad904-424a-4bdb-ac02-227a81079c8c,730.0,71.75,40.75,0.05835,14434.0,1885.0,4,3,1
265ab645-ad5e-420d-8c7c-329cc224948b,4089.714285714286,408.14285714285717,199.71428571428572,0.05697142857142857,82458.0,7337.0,7,0,0
26645e5c-9199-4563-b54f-3dd1cad9d03f,2263.5,194.75,132.0,0.056325,45967.0,2969.0,4,1,2
2665ee5e-6bae-4fda-a5ce-382f7721161b,3498.5,415.75,234.75,0.059225,70066.0,9784.0,4,0,0
266e6c2b-2f9d-4bcb-b550-e6c69dc148fa,2147.5,168.25,118.5,0.0568875,42788.0,3317.0,8,8,3
2673d059-5af7-430e-a1a5-3bb72f8b4ef2,2208.3333333333335,179.83333333333334,132.5,0.05648333333333333,44627.0,8633.0,6,3,2
2673fce9-e51c-441a-89d0-5b11225fbd0c,1503.4,160.0,80.8,0.05772000000000001,30210.0,3282.0,5,10,3
268099e2-34a2-47d7-9fc4-dc232e515f5c,3743.0,350.0,194.2,0.057499999999999996,74560.0,3098.0,5,3,0
268b52f7-0a08-46fc-927a-786087ade09f,66.0,6.5,5.0,0.051250000000000004,1513.0,8449.0,2,7,1
2695ec1f-1d46-47ad-9e1c-29049c473558,136.2,11.0,9.8,0.0534,2998.0,9208.0,5,6,1
269d9a4c-91e4-443d-acfb-59518e72e09a,3641.3333333333335,320.3333333333333,140.33333333333334,0.056400000000000006,72733.0,7752.0,3,6,2
26a03d6a-1ef9-44d7-9eea-17d5ef8bbe8a,2561.0,304.2857142857143,167.14285714285714,0.05908571428571428,51321.0,9013.0,7,7,2
26b7a87d-35f8-4a0a-8fcd-0c9710e2c03a,223.33333333333334,21.0,9.333333333333334,0.061233333333333334,4144.0,585.0,3,2,1
26e123f4-402e-4ffe-bb0e-c5e54e53a9b0,4283.5,326.0,240.0,0.05605,86456.0,8495.0,2,8,0
26eb515b-7b51-470d-9bee-5e3dfd8d9cd8,257.0,29.0,15.0,0.06,5016.0,4992.0,3,0,1
26f0ffa5-0e8c-4eeb-ad69-7455bf6b7079,2352.0,226.5,103.5,0.0576,46561.0,2093.0,2,2,2
26f35771-2eb3-40a8-a276-52cfbef6368a,3437.0,352.5,212.0,0.05805,68946.0,2491.0,4,0,2
27011e25-b7db-48a9-a54c-eb08b9ad2fdd,564.6666666666666,50.333333333333336,20.0,0.0555,11443.0,3733.0,3,15,3
2702f8c8-8350-4d66-ab37-9aca68cfd74b,1538.75,145.0,66.0,0.05785,30254.0,3781.0,4,5,1
27163e69-2cb6-4a80-8eae-02629b35483b,4531.0,367.0,137.0,0.05605,89818.0,2935.0,4,0,0
271eb9a3-ee34-45e3-a3d0-d91b5a7f071c,1333.75,144.0,60.5,0.05725,26865.0,8807.0,4,2,1
27289d63-ffbd-44cc-8cfd-b3655e1ace88,4225.0,553.5,242.5,0.05975,83998.0,6724.0,2,6,0
274a5c8c-1ec7-4292-92ce-066a761f4a0b,3199.0,231.66666666666666,176.33333333333334,0.05616666666666667,64217.0,6166.0,3,2,2
27672f76-406f-4865-b5e3-ae61f1317dc0,1719.3333333333333,135.66666666666666,52.333333333333336,0.0551,34604.0,6495.0,3,4,1
2775182d-2ebd-432a-a632-c951d285f8d2,2758.6666666666665,279.6666666666667,105.0,0.057666666666666665,54485.0,4820.0,3,3,2
277f3a48-f4b1-4a30-8eb5-039cca55ea40,498.8,49.0,28.6,0.05958,9675.0,1012.0,5,5,1
2788cc75-8476-404b-8628-6d3842374e58,1258.5,166.0,17.0,0.055650000000000005,25905.0,5142.0,2,4,1
278d323d-d8af-4485-a6c0-f30813dda0dc,1261.6666666666667,114.33333333333333,94.33333333333333,0.056,26251.0,3090.0,3,4,1
2798dead-6bd5-4ccf-ab21-e0d2fc1f57ee,1492.3333333333333,170.0,102.16666666666667,0.059449999999999996,29681.0,7431.0,6,0,1
27b4812b-8e20-4999-9822-181bccf13522,4621.6,490.2,349.6,0.05946,91852.0,7767.0,5,2,0
27c10d51-9898-431d-9ad7-717412bf6c55,712.6,68.2,48.6,0.05732,14471.0,2671.0,5,4,1
27cb5777-1662-4241-9888-2a335ed83674,3173.3333333333335,278.6666666666667,178.66666666666666,0.05725,63418.0,6788.0,6,10,2
27d43ea1-8129-4b8d-b1e0-5991bf6e8cca,3753.0,349.75,193.5,0.058075,73977.0,374.0,4,1,2
27d8cce5-8a80-43f0-aa4a-80b7885ed06d,3041.3333333333335,344.3333333333333,159.66666666666666,0.05836666666666667,60745.0,1146.0,3,6,2
27f0d7d6-6403-4138-ab7b-e643d8c96ca6,2464.6,273.8,139.4,0.05842000000000001,49257.0,9171.0,5,4,2
27f16d86-b3ae-4f61-be03-98948edba9b4,377.0,34.0,23.2,0.05856,7415.0,175.0,5,1,1
27f60b62-024e-4644-ae95-f59c7dcd6568,679.25,64.5,45.5,0.057874999999999996,13638.0,1203.0,4,9,3
2802b650-3082-414b-8b72-519ed23e2543,2830.5,218.0,96.0,0.05635,55831.0,945.0,2,2,2
2802e891-e3cd-4994-89a8-744fd1cfb52b,2072.0,201.25,93.25,0.058025,40786.0,2903.0,4,0,2
2809b19e-5073-4c22-a3f6-753810a14504,3598.8571428571427,416.7142857142857,227.85714285714286,0.058742857142857145,72246.0,2454.0,7,0,0
280e74ec-81a7-4984-9a9e-c87ba312b8f2,5026.4,503.8,222.6,0.05778,99605.0,6747.0,5,8,0
281b7e84-222c-46fd-89ee-867ef97aba38,1835.3333333333333,206.16666666666666,71.66666666666667,0.057716666666666666,36597.0,1958.0,6,4,2
282bc9ba-7ec3-453d-9b91-f8305d573b17,3609.5,493.75,148.25,0.058499999999999996,72655.0,4861.0,4,4,0
28377388-9b96-44e6-849b-2a249078528a,4735.0,383.0,87.0,0.0543,95943.0,7225.0,1,0,2
2847a4a7-c027-47d1-8177-13d842d921d3,1119.0,131.0,40.0,0.054849999999999996,23514.0,1803.0,2,10,3
284a345e-fb96-4187-b9a7-d6a4aff9e109,3652.0,358.0,363.0,0.0598,73070.0,7049.0,1,6,0
285300f7-86f0-4c4a-9b03-84e61dad4955,1597.0,175.66666666666666,106.33333333333333,0.057566666666666676,32631.0,9490.0,3,6,3
2856d534-0050-4f95-b7e1-17e0dec6a866,780.75,66.25,40.0,0.056999999999999995,15559.0,1011.0,4,5,1
285c47af-22b4-4f5f-815e-f259913ba27d,1587.6666666666667,171.66666666666666,119.33333333333333,0.05736666666666667,32750.0,7445.0,3,1,1
286420bc-fa22-495c-b044-446d641fb212,2561.0,245.2,148.8,0.05798,50964.0,1154.0,5,1,2
28673a01-13f0-4a1e-9d50-2b491ad73249,4675.0,390.6666666666667,241.5,0.056799999999999996,93475.0,1373.0,3,0,0
2875e867-b7d3-4e54-99aa-1ee9b8a43bd8,4129.8,421.8,252.8,0.057940000000000005,82931.0,4013.0,5,1,0
2895e6dc-e724-498b-a5f9-c4f5e7551675,638.6666666666666,74.33333333333333,31.666666666666668,0.0589,12641.0,3670.0,3,8,1
289dc8ea-034c-41a8-bd39-42fa3c6adda7,580.75,69.25,32.75,0.05715,11948.0,5720.0,4,0,1
28ab36dc-1f41-49d0-a55d-13390aac6da9,2305.25,224.625,128.125,0.0576125,46140.0,7823.0,8,4,2
28b60e88-bcd7-490d-839d-c9f87328b8b5,4076.6666666666665,311.6666666666667,231.66666666666666,0.056999999999999995,81018.0,4923.0,3,8,0
28c298dc-d895-4bdf-940d-e8ff303f0ee2,807.5,77.33333333333333,48.666666666666664,0.057466666666666666,16244.0,9471.0,6,11,3
28ebcb26-d187-46dd-9f21-201bc53409c5,2273.0,215.33333333333334,97.33333333333333,0.056400000000000006,45857.0,4511.0,6,2,2
28fd1fdd-3e06-4bbc-ad3a-5c88f682c556,3522.0,199.0,237.0,0.0549,72136.0,4410.0,1,5,2
2902ba58-391e-44ae-b5b8-553f75591445,2722.0,349.5,152.0,0.0597,53985.0,2133.0,4,5,2
2926ef7b-3347-436b-b343-eaf1c02f5a02,1805.4,176.2,77.0,0.05704,36102.0,5816.0,5,0,1
292e2549-f83d-41af-9ef5-4531e6a415ee,3446.3333333333335,275.3333333333333,141.33333333333334,0.056966666666666665,67799.0,4364.0,3,2,2
292f607c-a7d1-4105-aa29-a3f706821955,554.6,63.6,31.0,0.05708,11374.0,1626.0,5,12,3
29341367-279f-4785-9eb9-234b3a8b0f4b,3806.5,355.5,148.0,0.05655,76222.0,2237.0,2,8,0
2958e8d8-c70a-449e-95e8-bb2d44cadf6b,3632.25,375.5,294.5,0.059550000000000006,72248.0,3765.0,4,2,0
2962f9f6-b88d-4aa5-b4c4-03bb608ab42d,242.4,32.0,10.6,0.057609999999999995,4952.0,3203.0,5,0,1
29650926-665e-4fd7-8162-58780583728c,487.0,60.0,24.666666666666668,0.059033333333333333,9689.0,940.0,3,2,1
297a9d27-76f5-4608-ab1b-125a18121451,3192.0,325.5,131.0,0.05715,63820.0,8736.0,4,3,2
2980eab9-709b-442c-b654-99ca4cbc4322,3884.3333333333335,331.6666666666667,131.33333333333334,0.05483333333333334,79283.0,131.0,3,4,2
29ab0870-6a52-440c-bdc0-72389deeae2b,4388.0,275.0,127.0,0.05315,90066.0,7024.0,2,3,2
29b85b95-24e1-45f9-b16c-1d207be21a37,174.0,14.0,15.0,0.063,3224.0,6373.0,1,5,1
29ca4809-2fe7-448a-8fd0-53b61a999ac5,1689.6,182.8,101.8,0.05878,33591.0,8272.0,5,10,3
29cb82f2-22db-4835-86cc-066faac31972,2393.1111111111113,273.22222222222223,130.77777777777777,0.05887777777777778,47508.0,4154.0,9,0,2
29d3f8a4-4017-4426-b856-767f6b4011e8,834.0,64.0,63.666666666666664,0.05873333333333333,16372.0,2809.0,3,3,1
29e431ff-612b-47ae-89f9-c6e4cc91f02b,3331.285714285714,314.42857142857144,207.85714285714286,0.05801428571428572,66417.0,257.0,7,3,2
29e78ffe-f639-43c4-b75e-877a3dbdee56,1736.3333333333333,132.0,147.66666666666666,0.0583,34583.0,1361.0,3,14,3
29f4da71-932a-4bed-91b4-80c4f3dcfbd9,4784.428571428572,431.57142857142856,152.0,0.055842857142857145,96159.0,1631.0,7,0,0
2a02d726-c4c5-4648-b039-670a85ec7334,2323.0,210.16666666666666,163.16666666666666,0.0582,46317.0,6994.0,6,0,2
2a054bc0-4e23-44e5-942d-5dc34ef5695b,2138.0,122.0,112.0,0.0542,43733.0,6045.0,1,12,3
2a075e18-3090-4b04-a4a3-5646dfa784be,261.25,22.25,14.0,0.056475,5268.0,8803.0,4,8,1
2a08afb6-7257-48e7-b1c7-5d2c477aa276,1714.0,220.0,118.66666666666667,0.06046666666666667,33944.0,4323.0,3,1,2
2a2406a3-525d-42fe-9bf0-94fee34f905e,623.1428571428571,49.57142857142857,31.571428571428573,0.057999999999999996,12142.0,2429.0,7,13,3
2a2d6a3d-4d02-4aaa-b71c-cc8e4b4ee514,1857.8,196.2,105.2,0.05836,36984.0,8423.0,5,11,3
2a387b00-7984-4457-be35-703b1bd0dd3b,2613.0,375.0,56.0,0.0566,53797.0,9099.0,1,10,3
2a458b3c-9c70-4280-b10d-b3f260450324,2764.0,291.42857142857144,155.57142857142858,0.05778571428571428,55564.0,5227.0,7,0,2
2a4ccce9-0a01-49e3-9afe-bea1ea7e2229,4460.0,319.0,181.0,0.0554,89535.0,6090.0,1,9,0
2a52da7e-7b38-46ee-958d-99039d55671d,3685.0,324.4,209.2,0.057699999999999994,73144.0,6413.0,5,1,2
2a56b1a2-c97d-40a8-80cf-220d6ac048e7,3767.0,441.0,164.6,0.058140000000000004,75221.0,724.0,5,0,0
2a712e92-895b-4be4-b970-cf27ed8812ce,1948.0,231.66666666666666,99.0,0.05893333333333334,38661.0,6241.0,3,8,3
2a79fb07-104c-4676-bcf5-eba027d54ff4,756.0,71.5,50.5,0.0575,15262.0,8908.0,2,3,1
2a7c47a4-2788-4a5a-9a63-6dcdda870448,3056.0,259.42857142857144,197.42857142857142,0.05765714285714286,60912.0,2477.0,7,2,2
2a98baf7-6a76-445c-be0c-7fa4030f4dbf,1304.0,147.75,50.75,0.0585,25679.0,6514.0,4,1,1
2aa2f85d-6105-4002-b281-5315ea7e7fd7,2649.6666666666665,240.66666666666666,148.0,0.058166666666666665,52248.0,6679.0,3,7,2
2aa6620e-8346-4888-b6b9-921b0b69f194,1576.0,161.33333333333334,75.0,0.057600000000000005,31469.0,4687.0,3,1,1
2aac2476-278f-4a31-9bb1-e383fe96b11c,1308.2,142.6,85.2,0.05746,26732.0,5097.0,5,2,1
2ab36d98-2cfa-4144-9b4a-fbff750e3363,3263.0,343.0,162.0,0.05774,65260.0,1109.0,5,0,2
2ac07592-1265-4a92-a392-2f1934a675da,297.0,34.0,12.0,0.0585,5868.0,2228.0,1,3,1
2ac32352-23e5-48e9-81c1-64ae7d5e5574,4719.666666666667,443.0,356.0,0.05936666666666666,92930.0,3098.0,3,0,0
2ac40a79-38d7-46b8-8cb3-84c9688f5809,2895.8,282.0,99.0,0.05738,57113.0,8795.0,5,0,2
2ac7ad86-14aa-46a6-bdb1-a79e78fe1fe3,62.0,4.333333333333333,1.6666666666666667,0.06010000000000001,1131.0,4979.0,3,5,1
2acbad1f-40b8-463e-ad5b-296c83287f36,416.8,37.2,26.2,0.05758,8370.0,655.0,5,4,1
2ad2931f-b11a-4a30-9057-4be2699b71c6,571.0,62.0,21.0,0.05776666666666667,11319.0,7605.0,3,3,1
2ae3dcba-8121-4403-aa31-babdd45fc586,1284.0,147.0,107.0,0.0641,23978.0,1830.0,1,0,1
2b1239cc-fa75-48b1-9c1e-69eb95b9d898,2742.75,296.75,110.5,0.05685,55396.0,7629.0,4,5,2
2b21b11d-a8ba-4bf7-91be-9f82838484d5,2732.0,221.66666666666666,141.66666666666666,0.05616666666666667,55103.0,5893.0,3,0,2
2b6755b5-44bc-4517-831d-81ca505ffdc3,1291.75,123.75,36.25,0.0567,25602.0,1739.0,4,0,1
2b711dfa-3cd7-4bdc-8321-bb1bf3b94b43,2488.3333333333335,276.5,177.33333333333334,0.06001666666666666,49016.0,337.0,6,7,2
2b71df02-3382-47e9-9a06-80f8b62d155e,4085.5,430.75,109.75,0.057425000000000004,80558.0,6828.0,4,5,0
2b77190a-3f33-4e5e-a137-bbd04494b3fb,638.6666666666666,74.66666666666667,41.333333333333336,0.05773333333333333,13072.0,2850.0,3,6,1
2b9f8aa4-8cd5-466b-8f03-8999593278d1,2004.75,219.125,117.625,0.057425000000000004,40783.0,6093.0,8,0,2
2bc04f67-d600-45bb-82f6-09009974ee93,1959.75,207.5,92.75,0.057725,39135.0,3993.0,4,2,2
2bcb7794-6f40-443b-beca-b0cad74468ed,2079.5,252.25,119.25,0.0579,42335.0,7272.0,4,0,2
2bcd2bf8-9341-42e2-8bd5-e10cc5da20fc,2730.0,183.75,127.0,0.05575,54551.0,6640.0,4,5,2
2c01c50e-f2ab-4b8e-8135-9fd1e2e53eb1,3370.0,332.0,112.0,0.0574,66466.0,6945.0,1,1,2
2c07ac5e-ecd4-4a82-b3bd-730cb05fb432,4331.0,332.0,159.0,0.0553,87261.0,4730.0,1,14,0
2c10138e-250c-4f7e-b38f-12e4b610c7df,1482.5,154.16666666666666,86.16666666666667,0.05825,29573.0,3446.0,6,0,1
2c124ebd-7ab5-4043-87ef-420f95b146a1,4390.6,441.6,223.9,0.05796,87253.0,2901.0,5,1,0
2c2879b4-1c3d-426d-923c-1c048296089e,3120.5,302.5,208.16666666666666,0.05758333333333334,63070.0,5162.0,6,6,2
2c3b87fe-20ed-4afa-8cb0-4bf79c42c714,1611.3333333333333,175.0,99.33333333333333,0.05703333333333333,33046.0,1119.0,3,5,1
2c4150ed-cca6-48d4-bf71-5b6c5c7e4bc4,3047.6666666666665,302.5,219.83333333333334,0.057850000000000006,61725.0,8780.0,6,0,2
2c644795-5f50-4fb7-a99b-072980307297,168.0,16.2,10.0,0.05566,3487.0,5839.0,5,0,1
2c7de6df-9141-4cd1-afef-e168b0a5ba68,3040.8,258.4,142.6,0.056920000000000005,60477.0,9802.0,5,3,2
2c7f6f56-1c68-4d9a-9b1f-28f62efb78b4,1425.3333333333333,142.33333333333334,112.0,0.0599,28048.0,2891.0,3,3,1
2c8d80c7-9373-4535-9224-6438086495d3,3493.0,367.3333333333333,227.33333333333334,0.05843333333333334,69956.0,3066.0,3,2,0
2c8e49d2-c614-44a0-a678-15e27400268f,1800.8,179.6,101.6,0.057440000000000005,36246.0,153.0,5,10,3
2cad5c84-2a57-41d1-846f-d7675bdfc3b2,2299.2,243.0,100.6,0.05754,45931.0,4051.0,5,0,2
2cb37faa-3af1-4798-a126-945ce0d95b57,3647.1666666666665,394.5,198.5,0.057716666666666666,73456.0,3366.0,6,1,0
2cb8ee17-b128-4f2c-9aac-e6273e172aa9,54.6,5.0,1.8,0.05713,1059.0,1136.0,5,1,1
2cc88759-58fc-4532-8cdb-f43618588233,4595.5,452.0,125.0,0.055400000000000005,93311.0,8458.0,2,5,0
2ccd5ced-4f90-41c9-afd2-119b86c76354,3457.3333333333335,278.3333333333333,131.66666666666666,0.054966666666666664,70356.0,4004.0,3,5,2
2cd53d54-a1b7-4936-bf6d-1e81560c10a1,3646.2,389.2,172.4,0.05786,72693.0,7411.0,5,5,0
2cd5f811-b17c-4689-b14d-e881a789e07f,4160.666666666667,329.6666666666667,243.0,0.05726666666666667,82618.0,3206.0,3,6,0
2cd87b4d-43dd-4be7-82d6-480ad7c3168c,67.0,9.0,4.0,0.0607,1317.0,5679.0,1,10,3
2ce68634-7873-4971-95cf-675e63d218ba,123.33333333333333,7.333333333333333,9.666666666666666,0.0525,2672.0,4025.0,3,0,1
2cec1f43-9b0b-4d01-affc-83749ead00ce,266.25,27.0,16.75,0.058300000000000005,5335.0,9829.0,4,5,1
2cecd23f-1c89-45b5-af21-5df713c7dc9d,2440.4,241.2,168.0,0.05806,49077.0,8068.0,5,0,2
2cef2dfb-4ee8-4f2c-adb7-14de3d051fab,2653.0,242.6,111.6,0.05674,53007.0,4394.0,5,0,2
2d098b9d-fea7-4f47-b85d-6f8a24c3dd2a,348.0,27.0,10.5,0.05685,6782.0,8906.0,2,0,1
2d184480-fc2a-4c99-b7fe-81214196e498,4772.0,330.0,98.0,0.0537,96805.0,5860.0,1,1,2
2d228003-f4f5-4688-941d-a4d539ffc480,2690.6666666666665,310.3333333333333,188.0,0.05906666666666666,53987.0,8551.0,3,0,2
2d2e19a2-64d3-478a-a76b-44d6224d6d36,4658.0,373.0,256.6666666666667,0.056966666666666665,92842.0,2240.0,6,10,0
2d3680b9-d00b-4f0a-97ba-ef0040b1a44c,3258.6,396.6,183.0,0.05858,65509.0,6405.0,5,5,0
2d425f5c-b261-4802-9f0b-d2e7650b0023,634.6666666666666,69.5,28.666666666666668,0.05755833333333334,12695.0,1521.0,6,10,3
2d42a014-2eb0-4cfd-8749-336e7e527dbb,4187.5,298.5,209.5,0.05475,85764.0,1947.0,2,7,0
2d625bf1-ae0d-455b-b213-c645fb0c374f,3215.0,335.75,227.25,0.058175000000000004,64965.0,3999.0,4,0,2
2d67811f-ba24-49f8-aca5-adb7df5fd465,720.1666666666666,71.33333333333333,31.166666666666668,0.056666666666666664,14525.0,4646.0,6,3,1
2d77d2f6-0a34-47bd-8eb5-41ad56eb7473,3869.0,432.3333333333333,257.3333333333333,0.05926666666666667,76918.0,1506.0,3,6,0
2d80738e-ee35-4025-9d4f-7c58666cb1c6,1594.875,182.125,96.625,0.0585625,31991.0,6610.0,8,1,1
2d82c692-ab3b-4d9e-9f11-490e46c6d6bd,2511.25,194.75,210.5,0.0578,50461.0,3784.0,4,1,2
2d94050c-523a-4123-ac4e-d781940ac7ea,49.0,4.0,4.0,0.054825,1051.0,6608.0,2,6,1
2d9da202-c539-495a-9e8f-113accf7766d,1811.75,170.0,67.0,0.056525,36248.0,4720.0,4,10,3
2da4ce18-5e7d-4150-9030-3c6ce88de656,2915.5,234.0,241.75,0.05715,59350.0,1488.0,4,11,3
2dbe8c7d-2128-4ec7-929b-45f7cacdb43f,2067.3333333333335,161.33333333333334,84.0,0.05563333333333333,41565.0,474.0,3,0,2
2dcb8342-4bb0-44f2-a00e-ab73d05dd74e,1317.0,87.0,67.6,0.05532,26589.0,8340.0,5,8,3
2de36ec8-3fe9-4810-a415-28dc52948af5,4013.6666666666665,463.6666666666667,214.0,0.059133333333333336,79325.0,8372.0,3,15,0
2deb043a-adbb-4415-ba7e-e2db925600f1,2068.0,239.0,126.6,0.05842000000000001,41655.0,9233.0,5,0,2
2def2dfe-6bcf-4af8-922c-9cb38b715152,2197.4444444444443,232.66666666666666,146.0,0.05901111111111111,43654.0,152.0,9,11,3
2df19e70-8bb7-4b6b-a6f7-2557abdc29ff,687.3333333333334,59.333333333333336,47.666666666666664,0.0551,14408.0,7321.0,3,6,1
2e01c9ce-c9a0-4062-9c52-5648f41572f7,1314.3333333333333,129.33333333333334,93.66666666666667,0.05948333333333333,25845.0,7290.0,6,4,1
2e0d862e-a020-496d-95c9-969138c1cefc,2288.0,212.125,151.125,0.058637499999999995,45209.0,8697.0,8,1,2
2e0fcfd4-fc85-448e-9a44-61827e5c74de,3727.6,342.4,179.0,0.05774,73590.0,701.0,5,11,0
2e128586-4fea-43db-a9b2-4ee91f89c140,397.3333333333333,36.333333333333336,29.666666666666668,0.05960000000000001,7775.0,4424.0,3,1,1
2e218a9e-2d9d-4669-b37c-25c7df99fd5b,3938.0,275.5,63.0,0.0534,80054.0,540.0,2,7,2
2e3c2f77-1fa6-4de6-b2ef-bef3ae9c38f2,1100.6,116.4,64.2,0.057940000000000005,22109.0,2932.0,5,1,1
2e418d66-0532-49a3-a273-368ecf36f9ea,4161.5,336.0,334.5,0.05875,82232.0,221.0,2,3,0
2e4cd1a3-0572-49a1-97ef-682968a253e2,3068.3333333333335,272.3333333333333,170.33333333333334,0.05706666666666666,61508.0,1893.0,3,3,2
2e53db49-c93f-4429-8ce0-fc0c32802835,2577.5,266.5,122.75,0.057800000000000004,51314.0,7406.0,4,0,2
2e5f7a66-b2c3-42ef-aa46-348b5f81f29d,916.0,119.0,32.5,0.0586,18224.0,8552.0,2,4,1
2e60f9c0-cbb3-44eb-8038-14b290aee082,4333.0,392.0,199.5,0.0567,86815.0,9840.0,2,4,0
2e63aec2-2541-41af-9dd9-bc678d3c3dea,3375.6666666666665,315.3333333333333,178.33333333333334,0.05756666666666666,67235.0,8950.0,3,3,2
2e79dcab-06fd-4174-a747-7cc0276919d1,2751.875,269.0,197.25,0.0585875,54931.0,2441.0,8,6,2
2e82f5f5-851c-4eda-81be-08e6f5539122,2686.5,225.5,74.0,0.0557,53629.0,1446.0,4,1,2
2eaf97ca-a210-4adf-96f9-4d880a047bc4,1107.0,88.25,50.25,0.0558,22316.0,4983.0,4,2,1
2ebe32ae-48f6-49be-a212-21844fe7e962,3590.4,367.4,225.2,0.05811999999999999,71976.0,5934.0,5,0,0
2ec086f9-6e12-4ff3-8fdf-0ee0d15d5f02,2228.0,242.33333333333334,92.0,0.05786666666666667,44288.0,2925.0,3,15,3
2ecbd646-fa0f-40e0-bc4d-fc0facd62806,1915.0,125.5,179.0,0.0571,38848.0,2204.0,2,9,3
2ed210eb-0d7f-47ca-9ead-696ecc361a5a,4210.5,380.625,260.75,0.0568125,85413.0,7676.0,8,12,0
2eda9946-40b8-4d59-9dca-85dcf00b6fcd,3901.0,302.0,288.5,0.0581,77312.0,4022.0,2,8,0
2eed84da-d82f-4905-bc32-8a03fd65e397,77.33333333333333,7.0,3.0,0.05301666666666666,1688.0,1134.0,3,1,1
2ef1b1f1-aab3-4c9c-ac69-44e958834d59,4431.0,274.0,387.0,0.0562,90534.0,2452.0,1,8,0
2eff9509-92ae-4091-9c07-55f99773276e,3034.0,343.57142857142856,137.14285714285714,0.05797142857142857,60621.0,982.0,7,1,2
2f143b2f-7afc-46c9-b77a-4d5086ba03ba,2468.0,223.16666666666666,164.66666666666666,0.05765,49536.0,969.0,6,2,2
2f1f14cf-eb48-4e0d-8899-1f76454bf2cb,3490.3333333333335,368.0,174.66666666666666,0.05793333333333334,69645.0,628.0,3,1,2
2f1f50a6-d228-4104-b08a-ffa0a625b5c3,2200.75,193.0,127.0,0.057225,44048.0,2526.0,4,0,2
2f2f9778-280e-4571-ba09-0237ae6fc6ae,3551.0,237.0,343.0,0.0583,70807.0,8747.0,1,0,0
2f321d1f-8d5f-45a5-adb8-b0638c44e4b1,4174.25,345.0,209.75,0.0567625,83308.0,6908.0,8,0,0
2f54edcf-323a-4d30-a2a4-58409630968d,781.5,48.0,42.5,0.05655,15428.0,2366.0,2,7,1
2f744064-9fd2-4300-aa4b-3f759d6550da,1216.6666666666667,108.66666666666667,84.66666666666667,0.05673333333333333,24854.0,3005.0,3,9,3
2f7e2679-2e3b-4f32-b4fd-e7d58e1ca84f,2199.285714285714,199.71428571428572,112.57142857142857,0.05714285714285715,43948.0,3396.0,7,2,2
2f8aed7c-9377-48f9-a02c-d3f97d7e2bf2,2898.0,213.0,77.0,0.0543,58700.0,9276.0,1,3,2
2f99664b-7e1c-4998-9d2a-1dc52082573b,1361.142857142857,153.28571428571428,94.71428571428571,0.0598,26912.0,139.0,7,5,1
2f9d3de4-f3ab-4d46-8af5-c273be7546c0,1952.0,144.75,118.5,0.056725,39044.0,2268.0,4,6,3
2fb238d6-6487-4dbb-af6d-4cbffbae1897,2237.5,240.5,103.5,0.05815,44407.0,4666.0,2,4,2
2fb31846-68c8-481e-9ee2-2c8a032a7439,2511.0,216.0,149.0,0.0574,50110.0,5528.0,1,3,2
2fb937f2-6f5c-47d1-8fe1-959426388486,2430.0,232.0,209.33333333333334,0.0588,48832.0,2966.0,3,1,2
2fc5d016-220a-45b5-a2a4-f885a815eb2e,4810.9,520.2,192.15,0.05713,96689.0,1063.0,10,11,0
2fd40efc-83a1-4bfd-8567-87943558cf97,347.8333333333333,30.333333333333332,15.666666666666666,0.05759166666666667,6865.0,497.0,6,2,1
2ffe1381-f056-49b8-a577-46ddb6102757,2863.0,379.2,193.8,0.0602,57063.0,294.0,5,0,2
3010744a-709a-40f0-a23b-07a63962531c,3943.6666666666665,434.0,285.6666666666667,0.059,79018.0,7725.0,3,8,0
3026b520-5651-4599-a98e-f20ddb410419,831.0,79.16666666666667,58.333333333333336,0.05755,16828.0,491.0,6,15,3
302b4309-6a1c-4bae-ba24-014d431b0de8,3802.0,331.0,378.0,0.0579,77881.0,8345.0,1,11,0
302bc2d1-d038-439e-8cd6-504067b2f20d,3124.0,327.75,215.5,0.058425000000000005,62736.0,3089.0,4,0,2
303efad1-5a82-40c7-9b6e-a324cc1eb4bd,682.0,73.0,32.5,0.0566,13910.0,9505.0,2,1,1
3043133c-5e5d-4f89-bd10-485fb5c49468,4241.714285714285,388.0,234.28571428571428,0.05685714285714286,85555.0,1022.0,7,10,0
30498c57-104e-48be-8d69-545d63478f45,2090.6666666666665,181.0,117.66666666666667,0.05833333333333333,40950.0,5768.0,3,10,3
30684a7e-73d9-4027-b091-5a8f5a7aba47,3865.0,451.42857142857144,247.28571428571428,0.05914285714285715,77170.0,2672.0,7,6,0
30688411-20fc-44a9-92e9-2f0e2f0c4708,2460.3333333333335,234.33333333333334,197.0,0.059166666666666666,48890.0,1426.0,3,5,2
306b1abd-5788-4d29-a499-c36a0923fcec,4591.333333333333,539.6666666666666,283.0,0.0593,91350.0,3784.0,3,0,0
307ce9a2-3b11-4030-a7f2-da3d1ebdb24e,3492.0,340.0,185.0,0.05735,70044.0,7051.0,2,5,0
30807178-fa0f-4b64-8bda-5448763c8bc9,348.3333333333333,27.0,10.666666666666666,0.05726666666666667,6740.0,9708.0,3,12,3
30855517-d152-454a-8bf8-f5e91dd6a42a,3651.6666666666665,384.1666666666667,228.66666666666666,0.0584,73011.0,6430.0,6,11,0
30897619-6642-429c-bc5e-d43258cfa1dd,1885.3333333333333,205.0,110.66666666666667,0.05856666666666666,37553.0,1811.0,3,1,2
309738a1-3d23-4cc0-8f1a-992a07c0a4c7,787.5,72.0,36.5,0.056925,15740.0,1022.0,4,6,1
30adc949-7cab-46c0-85ba-19c3a9b9aef3,1875.3333333333333,226.0,89.0,0.057100000000000005,38362.0,7800.0,3,3,2
30c406cd-a1fa-4575-9a57-ca1aad4d0da6,3366.75,393.75,208.25,0.059325,66909.0,9272.0,4,6,0
30d3b084-6af3-4bb8-8152-ebb90dff2044,4154.0,485.75,238.25,0.058750000000000004,83038.0,2331.0,8,3,0
30e637e5-f07b-4f14-bc59-b48c2af31b38,1564.0,167.0,71.0,0.058620000000000005,30745.0,1412.0,5,10,3
30eee62d-f227-4100-b715-03cc38ec1102,1872.25,194.5,79.25,0.057624999999999996,37256.0,8058.0,4,0,2
30f7b1c4-c111-44cb-ae9f-da9f27c16b74,3499.4,331.8,208.2,0.05724,70538.0,9295.0,5,5,0
30f83da3-0da5-4744-9099-63cc1e447bbe,1478.3333333333333,168.66666666666666,58.0,0.05873333333333333,29031.0,3629.0,3,2,1
30fe0a8e-dfbb-46e9-a459-858df93b6111,4480.0,518.3333333333334,270.3333333333333,0.058666666666666666,89840.0,5550.0,3,6,0
3106e1f3-9139-4491-a90d-88a03e4d7733,2626.25,333.5,180.75,0.059975,52386.0,3461.0,4,1,2
31083867-a304-4bee-8a03-e6553633c02d,447.0,64.0,11.0,0.0583,8949.0,9635.0,1,6,1
3110511a-6274-4f74-9a6d-3ef9d9c1d19f,3024.0,332.5,150.75,0.058825,59616.0,9680.0,4,0,2
312811c9-1e1a-4516-98e3-22adbb5b2b91,296.8,31.6,16.2,0.058719999999999994,5869.0,1487.0,5,2,1
312ee883-f9cf-4115-85f2-85967e33a24a,674.8333333333334,66.5,24.666666666666668,0.056549999999999996,13546.0,4708.0,6,2,1
31380c2a-e9dc-4197-bb65-4440fff9948b,2125.0,203.375,139.625,0.0592125,41674.0,1356.0,8,1,2
3143cc09-83a0-4514-89e5-807f67e8727e,4427.4,525.2,284.7,0.058620000000000005,89346.0,7278.0,5,2,0
314bc245-5ac3-4cfc-8af3-4e016bf5c3b9,4714.0,523.0,295.0,0.0583,94957.0,1422.0,1,5,0
314d6af6-2ad7-4996-8a0a-f427c31f2c9d,683.5,56.5,28.5,0.056175,13682.0,9549.0,4,2,1
31519568-5b0a-4a2a-9231-f836eb74117c,2649.875,253.5,145.625,0.0572125,53274.0,1896.0,8,3,2
3177fdd0-3f6e-4647-8896-9640d7b17bec,4921.0,396.0,268.5,0.05725,97600.0,7268.0,4,6,0
3183c936-49f6-4189-afc6-446c7a6247f3,4443.5,502.25,206.5,0.057975,88840.0,6338.0,4,1,0
3189a460-0811-4d75-bbf7-98a876c596ff,1910.5,179.25,147.0,0.058175000000000004,38443.0,1666.0,4,0,2
318e5a82-6dfc-411b-bfb2-dac16fbd6231,4486.5,392.0,156.0,0.0556,90574.0,1593.0,4,4,0
31b06983-9828-4040-99b7-d03fed4d74c0,3495.2,314.2,193.2,0.05706,70188.0,9780.0,5,3,2
31b5cf5f-ab46-4404-b793-c98d26c58964,2234.8571428571427,223.57142857142858,154.28571428571428,0.05832857142857143,44796.0,8307.0,7,1,2
31badc14-660f-4eff-8aaf-23ffa82b6323,2227.0,182.0,117.0,0.0565,44701.0,9510.0,1,2,2
31c30cf0-c862-42b0-942c-4902e39e9da6,4597.6,415.4,290.6,0.05688,93260.0,9373.0,5,1,0
31cb9d19-181c-4d6f-9394-c446c1755596,2522.75,251.0,142.5,0.057225,50968.0,810.0,4,1,2
31d8aa8d-8f4f-4092-a6a1-2a88638f67b3,247.0,22.0,15.0,0.0583,4868.0,110.0,1,1,1
31d93c28-a92f-47d1-bb77-614c5737ab93,4819.0,497.5,195.0,0.0577,95505.0,5482.0,2,11,0
31dbbd0f-26cb-4478-ab24-e6ac4f1fff0c,4863.333333333333,469.1666666666667,307.3333333333333,0.057499999999999996,98117.0,2700.0,6,5,0
31eec4ce-365e-40ae-b4ce-97b8b401c6a2,1956.5,175.5,107.5,0.05655,39613.0,4101.0,2,6,3
3202f44c-a3d6-41df-a444-a9a1f5715e84,3607.4,402.2,197.0,0.05826,72206.0,7164.0,5,0,0
321d56cb-45ad-418c-bb88-6096e46cae95,1148.4,100.0,57.0,0.0568,22982.0,1460.0,5,14,3
32225eff-959f-419e-afe9-1f9070346d5e,1920.3333333333333,159.33333333333334,131.33333333333334,0.057499999999999996,38465.0,6677.0,3,5,2
3227f46e-c3c8-4cdf-9071-f9a094de7cd5,4999.0,429.75,297.5,0.05775,99147.0,6291.0,4,3,0
322a3575-a8f9-4fb4-aa2b-b0d6fad999ba,3727.1666666666665,412.0,224.66666666666666,0.05818333333333334,74999.0,9030.0,6,0,0
323f1d57-de8e-49b8-b41d-34dbddc79f3f,2356.25,277.0,146.75,0.05905,47065.0,9735.0,4,1,2
323f70d4-dcfe-4687-85e8-de117a594786,404.6666666666667,37.0,18.666666666666668,0.0579,7948.0,5581.0,3,1,1
325026d4-441d-4b8e-9c8c-3911d1cb3d3c,2643.0,149.0,81.0,0.0545,52697.0,899.0,1,8,3
325ba81c-99b8-4acd-a4c6-673bbb3293ea,3059.3333333333335,354.0,167.0,0.05936666666666667,60311.0,3060.0,3,0,2
3263f963-12ab-48e2-9149-d3281592e758,971.75,101.5,46.5,0.0571125,19627.0,1513.0,4,2,1
327da63a-ca6b-4705-8463-293767ab6923,1509.8,122.0,76.2,0.05643,30316.0,3503.0,5,1,1
3289210c-aed1-43ad-9a49-76f26970faea,1361.25,112.0,85.75,0.0581,26838.0,5926.0,4,12,3
328c848c-d8c3-4e2f-9a55-bce8a9f34438,209.0,24.75,15.75,0.0585125,4148.0,7605.0,4,0,1
32d5fca2-d281-4970-9130-d8acfcd18b1c,1026.2,110.6,52.2,0.057499999999999996,20674.0,2196.0,5,0,1
32e3c49f-1a1f-41b8-995e-6ca32f7a4a34,3261.6666666666665,293.6666666666667,157.0,0.0557,66643.0,668.0,3,2,2
32e5fab7-0850-4b10-b4b6-9f28420901cf,3348.8333333333335,296.6666666666667,166.33333333333334,0.05673333333333333,67167.0,6104.0,6,14,3
32eb1c53-c694-4515-b3ed-27cf69195acb,2976.0,225.5,198.5,0.05735,59251.0,5582.0,2,3,2
32fbb417-43b2-4133-9986-f0e51ee13395,4724.5,426.1666666666667,209.08333333333334,0.05701666666666667,94048.0,4562.0,6,15,0
3306f072-cf2b-4215-83d1-99a71699a4b3,2718.75,314.5,179.75,0.05885,54584.0,9812.0,4,2,2
33092e2d-bc19-4be5-8a12-2b727f8e0040,407.0,43.4,18.0,0.058620000000000005,7990.0,2296.0,5,12,3
3310383a-b628-42a2-aa60-a78ac6849c3c,2376.3333333333335,261.3333333333333,133.83333333333334,0.05775,47987.0,1368.0,6,2,2
331475de-f375-49c8-96ec-9fc80ca01e4c,3843.8,473.8,285.0,0.06,76707.0,6067.0,5,0,0
3316e5fc-b949-4938-ad2f-20ab70e670d9,3067.0,398.6666666666667,205.0,0.0603,60875.0,9747.0,3,0,0
333f7a05-fa71-42df-a130-237a2671ffae,1874.0,194.0,73.5,0.057050000000000003,37531.0,3329.0,4,2,2
335939b1-b9e4-4b73-bdf8-2b3633a56c92,2536.0,249.2,162.6,0.05772000000000001,51072.0,4762.0,5,0,2
33631c30-72f0-475f-ae17-c19ff83bd7b9,68.0,6.0,1.0,0.050649999999999994,1598.0,5940.0,1,14,3
3374fa25-c8bf-492e-9706-531b7719e1ad,223.16666666666666,18.666666666666668,8.5,0.05691666666666667,4398.0,9768.0,6,6,1
33887531-06d2-4850-a1f7-1cec657acc87,2996.0,435.0,223.0,0.0602,60729.0,7853.0,1,10,0
33a119c5-83aa-4c22-946c-b13a1c3bced2,4126.0,356.0,303.0,0.05806,82423.0,6795.0,5,4,0
33d9854c-aa40-4209-92b8-2062a3dcbdbe,583.75,49.75,30.5,0.057300000000000004,11591.0,9958.0,4,1,1
33d9a519-3b03-4139-ae64-5ae5590547c4,922.75,87.75,46.25,0.056775,18614.0,5143.0,4,2,1
33e8c0e2-ae19-4549-9028-840ff35a39f5,530.0,52.5,32.75,0.058525,10513.0,9334.0,4,3,1
33eaf78b-1cbe-487a-bc6e-9bfce9c83b81,3385.5,321.5,132.0,0.05695,67407.0,5361.0,2,2,2
33f6b7e2-6501-49aa-aa09-4852e56de3bf,3052.6666666666665,292.6666666666667,82.0,0.056933333333333336,60220.0,6607.0,3,1,2
34123a30-205f-4997-ab44-4b44e6b540bb,1747.0,149.2,111.6,0.05676,35364.0,2083.0,5,4,2
34136ce3-40cb-4bde-a48d-d61f1b9217a8,1472.5,182.0,64.5,0.0584,29432.0,574.0,2,3,1
341efcdf-0843-4cb0-abdb-fc652e174e7e,1748.75,149.375,107.0,0.056775,35314.0,8966.0,8,0,2
343ff6da-ba07-4a38-87c8-d484d8655355,3950.8,507.0,228.2,0.05924,79126.0,3132.0,5,8,0
3446a3a2-0a59-4326-9747-537a116c548e,1720.4285714285713,182.42857142857142,80.57142857142857,0.05702857142857143,34775.0,3291.0,7,4,1
3448ba77-fd2e-4fd3-b6ff-95227c5b5cc3,3040.25,288.0,247.5,0.0588,60818.0,2020.0,4,12,0
344968a5-03ec-4a26-bd0b-7f35522ae7c5,1110.111111111111,100.22222222222223,58.77777777777778,0.056499999999999995,22456.0,9894.0,9,7,1
3451c028-696f-4cbe-8840-c939c1ae6fa2,774.5,82.5,40.0,0.0587,15282.0,771.0,2,5,1
3464f6bc-3443-4311-9f77-d1fcf054b2dd,1831.7142857142858,176.14285714285714,100.28571428571429,0.057685714285714285,36549.0,4202.0,7,1,2
3476e5b8-a945-419b-8c2c-2be557e8986b,471.6,47.4,16.6,0.058800000000000005,9107.0,3545.0,5,2,1
34964274-e9b1-44f2-9af9-cd3244ab93b3,1909.142857142857,207.14285714285714,107.0,0.05804285714285714,38291.0,3591.0,7,0,2
349e24f8-8053-4b30-b0b4-529b0b66dbca,1576.5,161.0,74.0,0.0569,31818.0,166.0,2,2,1
34a0cc76-3c92-4d83-bb61-53a32edccd12,4284.0,433.6666666666667,134.33333333333334,0.056400000000000006,86005.0,2823.0,3,3,0
34bbfcfa-7768-4d39-a6e9-665ab630e02b,3816.6666666666665,354.3333333333333,219.83333333333334,0.05795,75790.0,4169.0,6,6,0
34cb68bb-d1e8-4336-a811-476ae0274878,2257.6666666666665,245.33333333333334,104.0,0.057333333333333326,45465.0,9341.0,3,3,2
34db5a2c-d432-484c-9588-8136fcb61026,1572.2,128.6,80.2,0.056179999999999994,31704.0,1748.0,5,0,1
34fb631d-b229-4c1c-a9e2-dfbd4618994f,1672.6666666666667,125.0,64.66666666666667,0.05623333333333334,33113.0,2374.0,3,5,1
34fd4f1a-aa7e-403d-a9b6-38f404b951df,1384.0,145.5,78.25,0.056825,28297.0,7482.0,4,7,3
3506a0cb-1524-476d-81cc-a56d69809266,1668.0,132.0,114.33333333333333,0.0569,33650.0,9919.0,3,4,1
350a9bfa-34c7-4fa9-a318-9944cc8ab40c,2960.8,327.4,139.8,0.05826,58833.0,7374.0,5,8,2
3514b4e6-91e7-462b-b6f3-67c671c1631f,4592.6,457.6,172.2,0.05658,92314.0,8716.0,5,5,0
35403205-e348-4476-81b7-7f8bba4e13d5,1181.4,126.4,78.2,0.059160000000000004,23421.0,8106.0,5,0,1
3546753d-091c-4ef2-9c38-3865d90199e3,588.0,49.0,17.5,0.056,11684.0,7325.0,2,1,1
35506a9c-8bfd-482f-afd4-e3a760bdd683,1091.6,112.0,69.4,0.058820000000000004,21631.0,1337.0,5,5,1
356dfa99-58dd-4db5-a1fb-a88677a4bcf7,4532.0,426.3333333333333,173.33333333333334,0.056333333333333326,91071.0,7182.0,3,2,0
357fa6de-e98f-44d1-ab17-eb715bb62949,1237.6666666666667,141.33333333333334,103.33333333333333,0.05973333333333333,24815.0,9348.0,3,1,1
358f2c9b-34f2-438a-8aea-4580e1b3cc26,3942.0,393.0,204.5,0.0565,80345.0,695.0,2,2,0
35981444-f30d-4fad-b536-6b8de6f74391,2045.0,172.66666666666666,72.33333333333333,0.056333333333333326,40672.0,8224.0,3,1,2
359e96e7-ac3a-46eb-92d4-ea7cd816c18a,3981.0,328.2857142857143,225.85714285714286,0.0571,79420.0,8934.0,7,7,0
359f4d38-64ac-4d49-a89f-f6834b17db5c,4725.5,413.1666666666667,225.66666666666666,0.0567,94603.0,4414.0,6,2,0
35a7b182-736e-40c6-b3c5-8bdfc1d918a6,2127.0,261.0,66.0,0.0581,42260.0,8869.0,1,9,3
35af5117-8b4f-4cc6-8a08-557a93501849,688.0,66.5,42.5,0.056749999999999995,14050.0,5723.0,2,0,1
35bf1cf8-3ef4-4167-8e91-7b828a424f1e,1500.5,93.0,32.5,0.05485,29663.0,1603.0,2,9,3
35c74d39-8cd1-4a80-b450-65fcc1ea2790,64.4,5.6,2.8,0.05613,1304.0,5226.0,5,11,3
35d1ca85-fab1-4645-9683-6d8418baadb1,3962.8,410.4,229.2,0.05808,79219.0,2834.0,5,4,0
35fe270e-ea8f-471a-b313-55f55959a6d8,2318.6666666666665,242.83333333333334,110.33333333333333,0.058633333333333336,45553.0,5872.0,6,0,2
360a858d-f8b9-42ad-9689-6fdbf7c22a3b,1371.2,148.4,85.8,0.05922000000000001,27099.0,209.0,5,4,1
360ccd11-95ef-4153-927a-a9f3c925e333,697.2,62.6,29.4,0.057289999999999994,13791.0,9217.0,5,3,1
36471fc9-4c0c-4919-9604-5ac2e4fad596,4090.0,542.0,63.0,0.0576,81460.0,2792.0,1,14,0
365f500b-1585-407f-966b-0451598e2abe,2134.75,206.0,121.0,0.057125,43111.0,8223.0,4,3,2
367db590-9a16-44d3-b7e5-5dc1f8bcedc3,4853.0,432.5,323.5,0.0579,96860.0,9009.0,2,9,0
368c17b0-7c31-4dee-bc0d-4129a01a38e6,3481.75,330.75,113.5,0.056874999999999995,69045.0,6872.0,4,0,2
36942d35-0fad-46f6-af96-56ee5f265934,1062.0,89.42857142857143,72.57142857142857,0.05734285714285714,21341.0,2317.0,7,1,1
36a381e5-a9de-4e3a-aef6-54ab8f0676a4,1453.25,150.0,64.75,0.057,29270.0,3373.0,4,11,3
36c01928-d356-43a6-814e-dcf3497800ac,152.5,18.5,10.75,0.05905,3079.0,8791.0,4,13,3
36c8d534-3341-48d8-b0cc-6e3d07515206,3155.0,389.0,281.0,0.0588,65004.0,8644.0,1,1,0
36ec4607-b653-44b5-87da-9dc8e05acaf4,1801.5,180.33333333333334,78.66666666666667,0.056683333333333336,36347.0,96.0,6,11,3
36ed2648-05f3-43b6-af2d-5e7febe7d4b0,3869.5,384.0,214.0,0.05785,77244.0,2676.0,2,3,0
36efe56f-044e-40d9-8339-2f9ad8bd341b,124.5,13.75,9.0,0.0592625,2482.0,6225.0,4,2,1
36fba836-4266-41e1-acd1-8dcf4039f5e4,1840.3333333333333,150.0,65.66666666666667,0.0557,36927.0,282.0,3,7,3
371f5415-bc67-44d5-a325-c57177c68508,1540.0,132.0,76.0,0.0554,31547.0,9295.0,1,1,1
3729ccbc-0e6c-4931-8314-869d912f84ff,217.0,27.0,13.0,0.0606,4238.0,1850.0,1,5,1
374f539c-e7a0-4c0a-8c80-de891590faf1,4326.857142857143,513.4285714285714,317.85714285714283,0.0595,86703.0,6441.0,7,11,0
37539bf1-85da-4cf0-a575-5b01f7b33741,4787.0,417.0,425.5,0.0582,96995.0,508.0,1,15,0
3753fc73-2c88-4178-94d5-53908a000899,1006.0,76.0,26.0,0.0547,20249.0,6657.0,1,13,3
375c1ddc-3eff-4825-9e86-0b8b72a09082,3208.4,311.4,200.8,0.0578,64383.0,8613.0,5,14,0
375ec706-c769-4bee-8318-def9e9746ee4,1220.5,94.0,84.0,0.056749999999999995,24630.0,7357.0,2,4,1
3784920a-4991-498e-8774-26232e01a35b,1778.6666666666667,155.66666666666666,82.0,0.056633333333333334,35586.0,2942.0,3,1,1
37865fc8-79a1-4771-a55b-bfa435cc4465,4227.0,468.3333333333333,136.66666666666666,0.05783333333333333,83547.0,4023.0,3,7,0
378c3e8e-17a7-4eff-8191-fb9852206bd4,3357.3333333333335,291.6666666666667,240.66666666666666,0.056966666666666665,68262.0,1988.0,3,1,2
379d82ff-61af-4743-bcfe-e7eeb64bdf6f,469.6666666666667,30.333333333333332,33.333333333333336,0.056400000000000006,9457.0,4688.0,3,2,1
37a035f0-a011-4425-bc0f-2f90fad46a4e,907.0,110.5,41.25,0.058325,18158.0,8460.0,4,5,1
37a4b54a-d477-48fa-a478-66ca04fef327,1806.6666666666667,184.0,100.83333333333333,0.058350000000000006,35837.0,4533.0,6,1,2
37a8dcf1-a140-407c-8a7a-94881b518057,1925.6666666666667,208.0,95.66666666666667,0.057466666666666666,38804.0,5467.0,3,12,3
37be064a-6b75-48eb-bea6-d3a7b993aa94,3504.1666666666665,318.8333333333333,120.83333333333333,0.05686666666666667,69326.0,3513.0,6,0,2
37bef2d1-a44e-4fde-8913-858549c85ee4,2606.25,262.0,227.25,0.059225,52286.0,9375.0,4,0,2
37c79e33-b79b-4dcf-a06a-2e2fe66b89d8,866.5,81.5,30.5,0.05635,17375.0,3948.0,2,10,3
37cbca14-b982-4d62-8203-09bbd569c7ca,1521.5,170.75,83.0,0.05815,30524.0,2148.0,4,0,1
37d4685d-fb3b-45ac-acd2-e4efaadb6cf9,4089.0,442.0,232.0,0.05910000000000001,80625.0,2834.0,3,2,0
37d5fbce-48cc-4dc8-92b4-c0e460246027,505.6666666666667,46.333333333333336,25.333333333333332,0.05783333333333334,9987.0,603.0,6,5,1
37f3e46f-f471-488d-9ba7-295830f1ae9d,3801.4,445.4,166.8,0.05802,76089.0,2680.0,5,1,0
37fe7740-e656-4a93-8317-195e865d6400,2870.3333333333335,339.1666666666667,144.66666666666666,0.0582,57635.0,8278.0,6,1,2
3803b3de-8559-423d-82c5-dcbaa2202324,1129.6666666666667,101.0,79.0,0.05723333333333333,22889.0,7458.0,3,10,3
380ac0d5-969a-48af-8fb6-f7a481c350a9,4659.0,498.0,201.33333333333334,0.057499999999999996,93188.0,2705.0,3,1,0
3847ab25-4bab-4c44-9ffa-b0a9a2c52350,2285.1428571428573,245.71428571428572,118.85714285714286,0.0574,46164.0,2848.0,7,5,2
384c33ae-2a86-4cf6-a7f1-b32a559bda4a,4538.0,399.6666666666667,336.8333333333333,0.05786666666666667,91204.0,1052.0,3,11,0
38531179-793d-4020-ba8e-b9979a8baff1,794.1666666666666,77.5,48.5,0.057999999999999996,15865.0,2994.0,6,2,1
3858d0ac-42db-4b4c-883b-7721dd80c682,4616.75,480.5,358.75,0.058625000000000003,93048.0,2227.0,4,0,0
3869de8d-fc57-486b-aeee-98f58e503c79,832.2,88.6,37.0,0.058940000000000006,16243.0,662.0,5,0,1
38768c81-1d52-419a-bc26-12d68e7800e2,16.0,1.5,0.0,0.05765000000000001,307.0,7666.0,2,3,1
38833fe1-c995-4c20-92ff-7a5308eee134,884.8333333333334,90.16666666666667,42.333333333333336,0.05778333333333333,17601.0,4689.0,6,0,1
38b516e4-f878-454e-b51c-cc6232c7fc66,550.25,57.0,40.75,0.0589,10998.0,3343.0,4,4,1
38b6b68b-aef1-4e44-87ff-dd01cad42d54,324.8,32.0,21.0,0.05782,6532.0,9064.0,5,4,1
38b6e174-5cef-4a75-8b87-652358f0465f,2741.25,251.25,195.5,0.057975,54991.0,7804.0,4,15,3
38c1a58c-4bfd-40ae-92eb-9adbf2847122,819.25,71.0,36.0,0.057675000000000004,16066.0,7975.0,4,1,1
38eb8b12-1e3f-42a6-884f-1b7f249f8d90,930.5,119.5,48.25,0.057425000000000004,19129.0,2522.0,4,1,1
38ecd188-5393-4f7b-b5ba-a97c9b3d817a,4525.666666666667,386.6666666666667,282.3333333333333,0.056966666666666665,91196.0,9615.0,3,2,0
38f372c2-f139-48de-8eef-8d4d78c02f4c,2765.0,253.33333333333334,190.66666666666666,0.05736666666666667,55926.0,4675.0,3,9,2
38fed857-2020-4d4a-a678-e36933744370,2891.1666666666665,313.0,171.66666666666666,0.05851666666666666,57695.0,2650.0,6,12,3
39250501-c50a-44be-9ece-d9fe11f64c60,271.25,17.25,16.25,0.057725,5279.0,2841.0,4,5,1
394bf7c0-5493-46c4-9d89-11927140740e,193.16666666666666,16.166666666666668,10.0,0.05706666666666666,3844.0,5896.0,6,3,1
3952b33e-1181-4251-959d-4cdeeec17e32,2802.2,235.2,163.6,0.057179999999999995,56004.0,8951.0,5,14,3
396b1810-009b-4b44-b877-dc56a05422b5,1398.8,140.6,89.2,0.058399999999999994,27882.0,6182.0,5,7,3
3982905c-f2e4-43ef-bac9-635770e54bfd,3581.3333333333335,346.6666666666667,229.83333333333334,0.057433333333333336,72409.0,9239.0,6,0,0
398a2412-c2d2-4d9a-8ecb-7f6b1e1dec73,1997.75,177.75,106.0,0.056825,40153.0,1751.0,4,2,2
3993d850-b257-431b-8e2c-c357f6b85b9d,281.75,31.25,16.25,0.059875,5499.0,794.0,4,6,1
39993ade-f7bd-4c5e-9256-b4d46c3afa1d,1433.0,196.0,71.5,0.057249999999999995,29707.0,1891.0,2,7,3
399e2dd8-0507-4c54-a12d-e9def92e5455,2617.0,265.6,99.6,0.057999999999999996,51403.0,5367.0,5,2,2
39a3150d-80bd-4948-aa42-e38bbfb7f9b1,4188.5,420.0,256.25,0.057975,83917.0,3362.0,4,0,0
39af8452-a5a2-4c31-b730-cea3f8f9b746,3785.6,401.8,210.2,0.057679999999999995,76242.0,2375.0,5,5,0
39cb9517-f9ac-4c79-851d-402899de70f6,4991.0,347.0,105.0,0.0555,98118.0,4685.0,1,8,0
3a25bd2c-697a-4a11-9481-ca22f94abe3d,3947.25,343.25,114.0,0.055375,79552.0,3488.0,4,2,2
3a278239-bf82-4fcb-949f-f52990e988f1,295.0,28.5,11.0,0.0577,5799.0,1034.0,2,1,1
3a30c3b8-8658-4a33-b5ca-01a309d4fa12,78.0,7.75,4.25,0.0643375,1387.0,2986.0,4,9,3
3a30e1d8-8b18-457f-a278-845e8a1b3990,3384.0,292.3333333333333,213.0,0.0577,67403.0,8613.0,3,2,2
3a4387a5-a24e-42bf-a769-705271297c29,4032.4,364.0,209.4,0.05652,81489.0,1125.0,5,3,0
3a4aa266-7312-43d8-8fcc-72f1a12ecbee,499.4,46.2,15.6,0.05550999999999999,10111.0,1918.0,5,0,1
3a5ef70c-4a68-47d4-bd5a-fc4a339aa616,1213.8,134.0,76.4,0.05926,24036.0,9589.0,5,9,3
3a66fd49-beb9-4bd5-868c-636f32b03754,493.0,52.0,16.0,0.0538,10428.0,5975.0,1,8,1
3a8a325f-89a0-4653-b5ff-82f717035529,479.3333333333333,52.666666666666664,12.333333333333334,0.05786666666666667,9407.0,5966.0,3,7,1
3ab50a68-e9bc-475c-a697-8846fa2cb72c,2383.0,189.66666666666666,206.0,0.057433333333333336,48381.0,1845.0,3,8,2
3ac2ddfe-7b01-42f5-b484-741b53024f09,1675.0,144.0,101.75,0.0584,32886.0,6228.0,4,13,3
3ad17a4d-22c4-4cdd-8f55-3c6d926c4d87,3672.25,270.5,166.25,0.056675,72520.0,2138.0,4,3,2
3b0102ae-ada2-4d4c-a1b9-1f9f6875d291,1670.5,141.25,80.75,0.056425,33560.0,9043.0,4,3,1
3b154ca0-cb0c-4d27-8670-a5bf9d4b5a19,1197.5,120.0,38.25,0.056375,24057.0,3165.0,4,1,1
3b19fa80-9062-4fd9-be72-16acd34a7aba,2347.25,267.25,121.0,0.0588,46501.0,5691.0,4,9,3
3b2bc6ea-8ae8-4f3c-bec3-87339c437ad8,4295.333333333333,518.6666666666666,181.33333333333334,0.0584,85520.0,9612.0,3,4,0
3b6d7972-ac44-42a5-8ac4-09c1be0d9346,3783.75,385.25,228.75,0.058550000000000005,75128.0,3739.0,4,13,0
3b86ee91-3d3b-450d-9640-761ab2ce6582,3770.5714285714284,396.0,197.14285714285714,0.05747142857142857,75942.0,2898.0,7,13,0
3b9adada-8b64-4006-873f-3af96d85b037,1110.8333333333333,132.33333333333334,61.5,0.05901666666666666,22105.0,5550.0,6,2,1
3ba7314c-d312-4b2c-8c83-df8d3b37fca0,2370.3333333333335,268.3333333333333,103.33333333333333,0.05826666666666667,47041.0,3619.0,3,3,2
3baacf22-16d5-4d77-9a97-cd1017ecffd1,4167.6,374.8,184.2,0.05686,83140.0,1531.0,5,9,0
3bb4fa62-3c8d-4db4-a6cf-d4560f8224ff,1513.75,191.25,74.0,0.058249999999999996,30543.0,5638.0,4,3,1
3bbb8e65-04a9-41b0-9e1b-7b572b1fef20,1133.875,106.375,68.125,0.057175000000000004,22892.0,2147.0,8,0,1
3bc7c8cb-e948-48cc-b0b6-7154c7e52f5f,3550.0,388.5,148.5,0.05815,70306.0,894.0,2,0,2
3bdea918-9a47-4b5d-a51b-ef1db52b2b52,152.66666666666666,11.0,6.333333333333333,0.05508333333333334,3133.0,6349.0,3,3,1
3be9c3ce-7ac4-4fa9-ac76-5b4d892a36d3,760.4,100.4,40.0,0.05882,15312.0,3816.0,5,15,3
3bf59324-862d-4a13-a9a2-51438d892fdd,1367.0,117.0,63.0,0.0549,28168.0,3265.0,1,12,3
3bffcdae-7edd-4c87-8fe3-3e4485a5d1cb,3911.1666666666665,385.6666666666667,221.25,0.057999999999999996,77898.0,7480.0,12,0,0
3c208fc2-6171-40d4-8bb6-767856316773,669.5,77.75,34.5,0.059375,13166.0,6311.0,4,0,1
3c303bc3-9089-43ec-b6e9-1e0fbd3351ef,2391.0,246.33333333333334,69.33333333333333,0.0569,47574.0,4293.0,3,10,3
3c3f8f24-db21-42ba-910c-352ae49eaa6c,4562.5,565.0,162.5,0.058499999999999996,90469.0,1683.0,2,1,0
3c530ca8-ca1e-4e13-bd87-87c9f5becd63,1528.0,125.8,107.4,0.05686,30962.0,1740.0,5,9,3
3c71931d-8e09-4b72-876a-ea70ee5946aa,3707.0,381.8333333333333,172.16666666666666,0.05753333333333333,74075.0,1425.0,6,4,0
3c7cdb6d-c99e-4e59-9689-61f812b1b47a,1292.0,149.25,60.0,0.05985,25087.0,2308.0,4,0,1
3c9b37a3-f6f8-456b-8a43-20909f069ea0,3113.0,255.66666666666666,95.0,0.055266666666666665,62686.0,4008.0,3,1,2
3cad67e4-f453-4ccb-920d-809b521ff48b,4857.0,597.0,204.5,0.05725,98782.0,8937.0,2,9,0
3cc0399e-8ec3-4946-84a1-9a240143d35c,4900.5,423.0,263.5,0.056675,98585.0,8090.0,4,1,0
3cfceb5c-712c-41a9-a9d0-fb16080c5271,2130.6,247.4,135.4,0.058199999999999995,43198.0,555.0,5,1,2
3d00b8e4-bf94-4925-8579-90ee5b829995,1342.0,178.0,76.0,0.06,26585.0,9258.0,1,5,1
3d016a8f-911c-4092-98d9-97dff75d4af1,3071.5,278.5,240.5,0.057800000000000004,62156.0,8384.0,2,4,2
3d2655ae-28c4-4e63-ba36-43a6c93c0ec2,1040.0,127.0,48.333333333333336,0.05856666666666666,20758.0,6144.0,3,12,3
3d2dfb24-13b8-4d41-b475-6cb5dfdd370e,529.5,64.5,29.0,0.06005,10371.0,3358.0,2,12,3
3d3ec548-00de-404a-8b46-eaa635637abd,3504.6666666666665,278.3333333333333,131.33333333333334,0.05603333333333333,69847.0,3760.0,3,1,2
3d6751c5-bc9c-4a8a-9d9b-d7acbb9d52d1,215.66666666666666,20.333333333333332,12.166666666666666,0.054650000000000004,4540.0,8105.0,6,10,1
3d69903a-01ff-4056-acda-eb028b29a096,2208.5,201.5,95.0,0.0574,43632.0,337.0,2,14,3
3d707c6b-9a1c-4f0a-a683-06979f3ba3a5,4464.4,360.4,253.4,0.057499999999999996,88311.0,6604.0,10,0,0
3d7c3f3e-dcc2-419d-8f33-e2b37f9bd01c,570.0,55.5,27.75,0.0586,11150.0,5118.0,4,0,1
3d83bd5a-44b3-4cdc-8c15-8b5336f16a3c,1821.875,146.125,97.0,0.056775,36367.0,6496.0,8,12,3
3d9a2d6f-4f25-490c-a78f-70b6cdc28644,1831.75,206.5,98.5,0.057325,37271.0,9518.0,4,4,2
3d9a7035-f0aa-4325-b89a-3f511d7b2525,1339.3333333333333,118.66666666666667,44.333333333333336,0.056633333333333334,26533.0,4889.0,3,7,1
3da49597-fbdb-4fc5-b613-b217580170a1,2854.0,321.77777777777777,156.0,0.057611111111111106,57829.0,4574.0,9,12,3
3dacab52-3435-430e-a568-0beeeb254545,1196.3333333333333,125.66666666666667,101.66666666666667,0.06086666666666666,23381.0,9224.0,3,5,1
3dc51b20-b33f-4b6e-9563-838d9d8f912e,931.75,105.5,29.25,0.0581,18355.0,1550.0,4,5,1
3dc62a3e-9257-46b4-9025-d8d79bf37734,2613.8571428571427,227.14285714285714,97.0,0.05614285714285715,52332.0,5664.0,7,0,2
3dff2480-b67d-47e2-b981-c1230d937a55,214.75,19.0,9.5,0.055775000000000005,4361.0,5376.0,4,3,1
3dff91d7-191f-4c1d-bf63-80fe957465b4,3756.1428571428573,394.42857142857144,194.42857142857142,0.057800000000000004,75165.0,2745.0,7,0,0
3e185990-c76e-45c7-98fc-4ea8ee1507b9,1539.75,163.0,90.25,0.058175,30821.0,5063.0,4,1,1
3e4de4ad-9236-41d7-b17c-f9c864b018d8,292.44444444444446,26.22222222222222,17.555555555555557,0.05723888888888889,5844.0,7307.0,9,15,3
3e869aa7-5048-47f6-8113-4ac5cd61fe60,2128.0,184.8,124.8,0.05669999999999999,42998.0,1576.0,5,4,2
3e9447ca-b84d-4e5d-8d3a-3ff3cf9c0349,839.8,83.8,46.4,0.0576,16841.0,1547.0,5,1,1
3e99a53a-a70c-45c7-92e5-8d584ec84c88,3026.6666666666665,248.33333333333334,149.66666666666666,0.056466666666666665,60647.0,9812.0,3,3,2
3eb10420-173c-49e6-ab7d-055265854f38,581.5,59.0,34.0,0.05575,12093.0,1426.0,2,4,1
3eb7dd6d-a16b-464c-9432-8222281756fe,1839.5,204.66666666666666,94.0,0.05818333333333333,36751.0,9411.0,6,0,2
3ec8036f-d08e-48ed-8a06-86b1fa551e23,782.0,77.0,20.5,0.054849999999999996,16031.0,6064.0,2,5,1
3eccb61b-5531-4d11-9a24-49c581332693,1824.25,156.0,78.5,0.056225,36600.0,3560.0,4,4,1
3eec65a5-971a-4df6-a12b-39507a18d221,2861.4,283.6,145.6,0.056979999999999996,57768.0,5906.0,5,0,2
3eee715b-b949-4e1f-b694-e45099e359b8,1850.4285714285713,172.85714285714286,107.42857142857143,0.05815714285714286,36635.0,3513.0,7,1,2
3ef0ae6a-6f34-4648-926c-a24f1669c90e,1161.2,101.6,40.2,0.0553,23561.0,8659.0,5,14,3
3ef30bc7-42f4-468c-a298-5ce183a10d5f,3483.2,335.0,143.6,0.05706,69413.0,7453.0,5,0,2
3f1e307f-52b9-46ae-97e1-74f0b4f54a45,395.0,37.75,24.0,0.0566,8072.0,7034.0,8,0,1
3f274d56-1951-4b56-8202-0dd7212176b6,4740.0,312.0,184.0,0.055066666666666673,95106.0,9420.0,3,3,0
3f34d205-1a64-4f2b-9a63-189060911474,1663.0,234.0,143.0,0.0606,33663.0,4065.0,1,0,2
3f405dbc-06ff-4353-a2de-a411e2912aad,3371.0,413.3333333333333,229.5,0.05898333333333333,68059.0,8203.0,6,11,0
3f47f078-c59a-4074-b9ff-9eb5f93a7490,4012.0,418.5,292.5,0.05895,80097.0,5561.0,2,2,0
3f4d3842-379b-41e1-816c-8a6611d4e67a,1159.6666666666667,124.66666666666667,74.83333333333333,0.05971666666666667,22760.0,5921.0,6,15,3
3f6dd556-4286-416b-bb71-a3ed64a4bb59,4370.4,504.8,223.2,0.05858,87016.0,2440.0,5,8,0
3f7a4caa-2914-409a-b20b-eec4622e10b9,282.3333333333333,28.0,22.0,0.057166666666666664,5815.0,8806.0,3,1,1
3f8d50f5-3314-4d25-a3b6-4c53b0844634,3677.3333333333335,283.6666666666667,144.0,0.057433333333333336,71495.0,6246.0,3,1,2
3f9c7a6f-6b6f-4240-9a50-6a3383c8d331,1407.5,125.0,57.166666666666664,0.05703333333333333,27875.0,5114.0,6,2,1
3fb1c87c-ba8a-4392-98a7-1c67ba559fa0,4022.0,375.5,205.5,0.05795,79404.0,1896.0,2,7,0
3fb6a973-180d-4a17-8acc-76e63e2a6888,4903.8,501.4,323.5,0.058660000000000004,97653.0,5409.0,5,1,0
3fb87c20-178b-4165-b41a-7236b26bcc29,1291.0,117.0,76.2,0.05816,25507.0,1818.0,5,1,1
3fef78be-cc20-4325-a4b5-981f0451efc2,40.25,3.5,1.75,0.058475000000000006,748.0,5697.0,8,15,3
40113ffe-c11c-4d53-adcc-3ad0fe48d345,2104.0,274.5,123.5,0.0598,41844.0,4691.0,2,3,2
4014b0c1-5539-4674-a020-ea7396c5cf0b,2282.3333333333335,259.6666666666667,129.66666666666666,0.0594,44982.0,3533.0,3,5,2
401d66f6-1301-4f7d-b727-b3a19e9bbefe,3737.4,344.4,239.6,0.05752,75139.0,3428.0,5,0,0
402f4091-1488-4747-9da0-0c8815f251ae,2585.6,297.4,142.8,0.05808,52090.0,1295.0,5,3,2
4049aa09-9947-41a8-83f8-eae906645fc3,434.3333333333333,41.666666666666664,12.666666666666666,0.054966666666666664,8891.0,59.0,3,1,1
404fa7f1-c6de-4554-9480-a5d91660fc8d,4419.285714285715,409.0,224.35714285714286,0.05771428571428572,87532.0,2889.0,7,6,0
406f9137-8e11-42cf-951d-9772aa321847,341.0,33.5,17.0,0.055349999999999996,7075.0,944.0,2,9,1
40707ee2-45b5-4e87-9668-77323acd2d4c,457.0,62.0,37.5,0.06015,9249.0,8010.0,2,1,1
40749d65-bfb4-4899-b05e-deaab84a5fea,2683.0,268.3333333333333,81.66666666666667,0.0569,53297.0,6893.0,3,1,2
4088fe56-f5d4-41f4-b371-803b6c81c02f,1800.75,143.25,77.5,0.0562,35961.0,6872.0,4,6,1
40963fe7-3ab0-4b4a-8288-cad42bde3eff,1628.2857142857142,146.14285714285714,82.0,0.056685714285714284,32753.0,2893.0,7,8,3
409ae25d-a7fb-4836-a023-b6616becb60b,1305.5,109.5,75.5,0.056475,26380.0,7049.0,4,3,1
40a24503-bc22-467e-a742-57c0ecb2b46e,719.4285714285714,67.85714285714286,30.285714285714285,0.05701428571428572,14339.0,7447.0,7,0,1
40b5bccf-55b7-41dd-8107-18ea4b17cba8,4036.3333333333335,390.3333333333333,189.0,0.0572,80676.0,8756.0,3,5,0
40b780e5-309b-49cb-9b88-98db32686920,3668.6666666666665,306.6666666666667,180.33333333333334,0.056833333333333326,73124.0,1539.0,3,1,2
40c40070-c68b-44ee-a1f3-5322f214e930,4155.428571428572,322.7142857142857,176.57142857142858,0.05568571428571428,83584.0,3870.0,7,6,0
40c402f2-7420-4bb4-a172-72eb56f6247c,3042.0,338.25,132.75,0.058475,60056.0,9068.0,4,2,2
40d2cd7f-3f6d-4203-b8b8-69835bcd4af9,2115.4,141.2,161.2,0.056479999999999995,42806.0,2592.0,5,14,3
40d6a26c-da30-43ab-8a82-e950a812f0c6,3018.0,179.5,87.5,0.0537,61169.0,3438.0,2,8,2
40d79876-cdeb-4eeb-ab9f-2533465214ad,301.6,30.2,15.2,0.058410000000000004,5876.0,5156.0,5,3,1
40dc71e3-1782-4983-adae-0b863ec65c0b,1230.0,134.2,46.8,0.056940000000000004,24773.0,2951.0,5,4,1
40e5d726-00ff-4636-84ca-17230fd8bca8,3102.0,298.0,195.0,0.0595,60417.0,9777.0,1,10,0
40f3c240-646d-424b-a59e-e03c0a613000,1085.0,115.16666666666667,62.166666666666664,0.057883333333333335,21811.0,4628.0,6,9,3
40fb0cc7-4661-43b3-95b2-29387a519e86,1350.6,146.6,86.6,0.058940000000000006,26872.0,3960.0,5,1,1
410882f5-1105-430d-9cc8-fadac423e039,3648.8333333333335,413.0,245.33333333333334,0.05908333333333333,72905.0,7818.0,6,0,0
41094a3c-61d5-4bec-98fa-759a23af201e,2733.1666666666665,286.0,212.16666666666666,0.05921666666666667,54577.0,8056.0,6,2,2
4113180c-30d5-447e-a028-e05f56fdd2c5,99.25,8.5,3.25,0.05716875,1946.0,4883.0,8,1,1
411a6c58-ff7b-4c37-ac8d-fa0b9e69c917,2875.0,283.5,184.5,0.0574,58250.0,7609.0,2,12,3
411d7910-68b2-4730-9a15-d2ebdabb591d,2681.3333333333335,305.6666666666667,166.66666666666666,0.05896666666666667,53481.0,2947.0,3,6,2
4128a87e-a9c4-41c2-af2e-f6e5c1e2f703,162.5,16.0,6.25,0.060375000000000005,3060.0,1841.0,4,5,1
415d1ae9-3c7a-44a5-b40c-924eefac705b,3926.6666666666665,448.6666666666667,177.66666666666666,0.058666666666666666,77570.0,573.0,3,0,0
4165b7b3-ef5b-4dc3-9398-c0bbf8899b7c,47.8,4.2,1.8,0.05375,1096.0,8365.0,5,4,1
4172c267-6261-41f2-b926-a532a0e21bb0,417.8,38.8,22.2,0.05406999999999999,8970.0,8362.0,5,1,1
4175c054-b890-429d-bc0b-0dfeb3a7a105,4797.833333333333,510.3333333333333,206.33333333333334,0.05753333333333333,95882.0,5183.0,6,1,0
418c6d46-378c-4e76-a5bd-dabb56b100c4,96.33333333333333,8.666666666666666,6.666666666666667,0.06268333333333334,1751.0,5275.0,3,1,1
419ad4ef-2dbc-4f02-94cb-a2ee57e5a40a,2336.5,235.75,131.5,0.057874999999999996,46727.0,852.0,4,4,2
41b1aa6d-2ed5-4101-81b9-68e506b0cf5d,3542.3333333333335,320.3333333333333,147.0,0.056066666666666674,71472.0,2885.0,3,0,2
41b9044c-d6d6-46f8-a7a8-34831e62acc1,1654.75,192.75,140.5,0.060774999999999996,32710.0,3019.0,4,1,2
41c0e886-2b7b-4db0-9142-b274cb16312e,1791.0,159.0,118.4,0.0578,35783.0,8140.0,5,0,2
41d7bc9b-fa56-4c71-b14f-6e3d738f0340,701.1666666666666,78.5,36.833333333333336,0.058666666666666666,13919.0,6932.0,6,15,3
41dfa397-a4b2-4b88-a22d-21e8f76b1dfa,667.3333333333334,61.333333333333336,42.333333333333336,0.058633333333333336,13151.0,7995.0,3,2,1
41e9b1b1-6308-419a-b0e2-c1e5d4274e5c,53.666666666666664,4.333333333333333,3.0,0.0536,1159.0,2419.0,3,0,1
421c1007-c45f-4330-b872-17637e2b3d80,4153.666666666667,390.3333333333333,253.66666666666666,0.05791666666666667,82820.0,2950.0,6,14,0
421f0935-ed4e-4a9c-b3bc-05ad36e3d348,3214.25,264.75,252.75,0.058975,63272.0,1156.0,4,12,0
42268373-4a0b-4de3-80fa-ac480490e4db,95.5,10.166666666666666,5.833333333333333,0.056383333333333334,2034.0,2774.0,6,1,1
422c126a-304f-446d-b7f9-09bf471e25e4,4606.5,427.5,320.0,0.0577,92732.0,250.0,2,1,0
4269224e-a03b-43bc-a72a-0947c1d3375f,399.0,29.0,15.5,0.05405,8209.0,5676.0,2,2,1
42757b32-f926-4c3d-891d-e023489e6bff,3002.0,240.5,160.0,0.0558,60952.0,886.0,2,9,2
42887f29-8e42-4b4c-86fd-606f290023e9,957.0,119.0,84.0,0.0627,18507.0,9649.0,1,15,3
428fb14a-0cf8-45a0-9219-07599f5dbea2,1890.2,199.0,86.4,0.057600000000000005,37783.0,2978.0,5,2,2
42a4d3da-fed4-4554-9550-6eadfcd372b3,4774.0,455.6666666666667,264.6666666666667,0.058133333333333335,94553.0,9361.0,3,1,0
42b34359-cfb2-4fbe-b5a8-94e3af5ebf8c,630.0,73.0,44.333333333333336,0.05996666666666667,12468.0,6146.0,3,2,1
42be129d-fec3-4299-a117-3d89c680afe9,1144.0,87.5,70.0,0.05645,23057.0,7250.0,2,4,1
42c02504-c9e4-4e56-b5bc-9dcd6d1de542,4055.0,439.5,322.5,0.05895,81745.0,7305.0,2,4,0
42c09df9-2f1a-4e2f-93d8-93b4118c9260,2253.5,221.5,137.0,0.0588,44436.0,6618.0,2,7,3
42c3e70d-6d19-435c-bd32-5d140ec145ae,3702.8,426.8,251.0,0.05926,73922.0,6597.0,5,0,0
42d5bf5b-6d30-443e-aab0-c22873d51f02,1320.8333333333333,122.66666666666667,75.83333333333333,0.057749999999999996,26308.0,1254.0,6,1,1
42f0c08b-3a95-4b25-9032-76ab64bcb220,4975.5,680.0,157.0,0.05935,97963.0,233.0,2,3,0
42f6f98d-7772-45c8-8f39-bc54e8f2a6cb,1529.4285714285713,175.42857142857142,87.0,0.058614285714285716,30562.0,5892.0,7,11,3
42ff31bd-a06e-4c1d-a228-b1dd2a644225,4159.0,357.0,150.0,0.0565,82617.0,2021.0,1,14,0
431c0827-eda9-4193-921a-424db7ed7fa8,2527.25,278.75,149.75,0.058625,50423.0,6318.0,4,11,3
4328db7d-4d2e-4929-b30a-f65de50cd425,3978.8333333333335,404.1666666666667,238.83333333333334,0.05803333333333333,79641.0,9698.0,6,2,0
433b8517-91a3-48fb-8e1f-0e14c0f4af17,2374.25,217.5,120.5,0.0562,48240.0,7093.0,4,14,3
433cde83-2553-4ed1-bf17-5511888230e9,1152.3333333333333,90.33333333333333,91.66666666666667,0.05776666666666667,23106.0,3337.0,3,2,1
438b15e2-b3de-4371-a161-e5aa9a39c0cf,201.4,18.2,10.6,0.05677,4069.0,2094.0,5,1,1
438cf521-389b-4a7d-bf3a-0a04ae8b3e93,1914.5,180.0,82.75,0.056125,38791.0,5454.0,4,11,3
43a01971-8e28-4666-bcc7-bfc0d422c1c5,4859.0,482.0,199.0,0.05695,97280.0,6009.0,4,6,0
43a404e3-38b1-4eda-876f-969e3218cbc4,2992.0,392.0,283.0,0.0584,62748.0,8428.0,1,1,0
43a540cc-f8d4-4cb3-9600-b52095c4fdc7,2690.6666666666665,266.0,213.33333333333334,0.05856666666666666,54108.0,1068.0,3,1,2
43b4e9fe-5da8-458e-989a-c42bfa47ae5d,179.0,19.5,14.0,0.0615,3458.0,8433.0,2,10,3
43c35803-f2ef-4888-9165-f5e377c024f3,4742.666666666667,535.6666666666666,202.83333333333334,0.057433333333333336,95445.0,8359.0,3,4,0
43c59ea5-7b33-4fe9-a979-c7d43e73b60e,3537.5,328.0,188.0,0.056150000000000005,72185.0,5579.0,2,3,2
43ea128b-dd01-4a82-af85-9c0ff1168f8c,3546.5,316.0,295.5,0.058050000000000004,71635.0,9493.0,2,5,0
43f3bbfc-5bdc-4a9a-983b-77b879e411e1,1611.0,123.66666666666667,72.33333333333333,0.05603333333333333,32254.0,4748.0,3,5,1
440adcc1-6c0e-400a-8709-1a7ecef2940e,2734.0,281.0,143.5,0.05935,53250.0,8620.0,2,5,2
4411299e-7520-47d0-95ef-8a2dfeb10ba4,505.0,51.666666666666664,24.0,0.0587,9889.0,9629.0,3,4,1
4433ddde-1d3c-4c85-a150-9263511e098b,1280.0,135.8,92.6,0.05907,25482.0,5783.0,5,4,1
44383792-e84a-4d44-9445-7c7ff97b0cd6,3583.3333333333335,462.0,224.0,0.05963333333333334,71560.0,6112.0,3,4,0
443f8067-6e6c-472b-9613-26f95d83cc48,3560.1666666666665,323.5,204.0,0.05793333333333334,70555.0,7451.0,6,4,0
443ff0f9-2f7b-4f42-99db-dac867a379a0,1422.857142857143,125.57142857142857,72.0,0.0569,28478.0,5260.0,7,2,1
44478f76-806d-46f7-973c-daef66a5bdda,1307.0,183.0,44.0,0.0578,26542.0,3958.0,2,6,1
4449fed7-9ad9-428b-9176-25bb1363501e,2182.0,276.0,166.66666666666666,0.0592,44321.0,7772.0,3,7,2
444f01ee-40e9-431f-89b1-bb9e5a49c5c2,3251.4285714285716,377.14285714285717,183.0,0.058614285714285716,65022.0,8646.0,7,0,2
445ac34f-168e-4171-8960-4e9c0901b681,4760.666666666667,515.0,132.66666666666666,0.056999999999999995,94905.0,4080.0,3,4,0
445b7f2d-d5eb-4a99-96a8-b4d106d6fa15,1190.6666666666667,121.0,85.66666666666667,0.05756666666666666,24282.0,618.0,3,2,1
44809260-77d1-4eb5-9994-f0db43c77d1a,803.0,75.25,46.5,0.05595,16529.0,1337.0,4,8,1
4480a976-fa13-4ec8-89eb-d60674095e19,2557.8,239.6,147.6,0.05706,51616.0,2144.0,5,15,3
44906d91-f328-44de-bb1b-6cc55bbfaf02,2713.4285714285716,244.57142857142858,150.28571428571428,0.057485714285714286,54055.0,9819.0,7,3,2
44a57c03-68bc-432f-8cb3-d8c9c0537b07,1956.0,267.5,147.0,0.05985,39598.0,7698.0,2,2,2
44a6bf27-12b1-4803-91b1-b2b4a35f66ef,1532.6666666666667,133.0,99.66666666666667,0.058100000000000006,30389.0,5456.0,3,1,1
44b24cbb-bd5f-4e4c-8fa9-288b81a6e0ef,3207.3333333333335,314.3333333333333,117.66666666666667,0.056933333333333336,63906.0,3204.0,3,0,2
44b99403-5575-4a4e-9e4b-3d9942926c11,4456.25,392.75,262.5,0.0577,88586.0,9138.0,4,7,0
44bd1aa2-48cc-4477-a87c-cb220f5df4d6,672.5,61.4,32.8,0.0573,13377.0,6702.0,10,13,3
44ce5aa7-6e32-47d7-8322-6776b4adc9a2,303.75,24.0,20.0,0.05745,6052.0,9869.0,4,15,3
44d4c846-f18b-464e-83a6-4ae67d927070,266.5,20.25,18.25,0.05665,5386.0,2480.0,4,3,1
44d6f076-6442-42c1-b0d7-a97e3a863bc3,2650.0,137.0,219.0,0.0575,52271.0,7608.0,1,1,2
44dbf011-2c10-4bdb-b499-3a0fbf922f8d,1796.6,152.6,80.0,0.056499999999999995,35915.0,4533.0,5,6,3
44de37b4-93e6-4bbc-952a-ec9cfb6a918e,3481.6666666666665,295.5,194.0,0.05691666666666667,69774.0,6551.0,6,0,2
44e5b42d-0ac4-46a1-8353-17f61acc9d03,3347.3333333333335,350.0,300.6666666666667,0.0598,66830.0,4296.0,3,2,0
44e696f6-5e75-4ba5-8367-ab92f321ddc2,3413.3333333333335,407.0,237.66666666666666,0.0593,68406.0,7796.0,3,4,0
44ef8cd9-bf2b-4358-b296-0ee19d879339,1459.5,147.5,78.0,0.057275,29429.0,5054.0,4,5,1
4509ca63-bc95-4958-b522-681287dec91e,3052.8,317.4,109.4,0.056999999999999995,61060.0,5412.0,5,1,2
4514373a-73f9-4c6e-9a7c-0afa3d132dd4,4798.0,506.57142857142856,245.07142857142858,0.0576,96343.0,9997.0,7,4,0
4526818b-5688-4bb0-832d-5b59edd0503b,3605.3333333333335,332.0,218.33333333333334,0.058600000000000006,70918.0,8603.0,3,4,0
452b5295-90f6-4855-875b-2817d23d4609,3557.3333333333335,349.6666666666667,219.66666666666666,0.05786666666666667,71276.0,589.0,3,2,0
452db397-0743-4e81-a8a1-c105d4af618a,3497.0,319.4,227.0,0.057800000000000004,69965.0,6937.0,5,1,2
4535fc22-a7cc-4174-826c-c7291217391c,4331.5,411.0,280.3333333333333,0.057916666666666665,86726.0,7156.0,6,3,0
4542dd3c-7886-4ce3-af04-20d855bd4d77,1827.0,213.4,108.4,0.05884,36506.0,894.0,5,9,3
45457e66-e611-4b95-acb8-99d757a528b1,3507.0,398.5,228.5,0.058875000000000004,70220.0,3588.0,4,1,0
454c6cb2-b042-4d2a-87af-90787b63a841,1730.1666666666667,149.0,88.16666666666667,0.05765,34130.0,5617.0,6,12,3
455068ff-0a0e-4d29-b371-9a39de40e06f,869.0,94.0,49.0,0.05915,17104.0,2797.0,2,2,1
455bc28f-f18f-4e62-869e-7f823ea9c40f,1214.3333333333333,138.66666666666666,80.33333333333333,0.057966666666666666,24730.0,5627.0,3,3,1
4566eddd-7a51-4224-be47-c638cb41ac03,4661.75,518.75,282.125,0.058225,93871.0,5767.0,4,0,0
4578148c-1750-4dee-968e-dac3d73ea37a,1370.0,108.25,82.25,0.057125,27327.0,9645.0,4,1,1
457a21e5-d0b2-4bc9-81be-25eb9f202d19,182.5,22.25,5.5,0.0587,3582.0,1798.0,4,2,1
458344ed-9106-461e-8a0a-f5b72f4471aa,2708.0,388.0,173.0,0.0601,54356.0,4113.0,1,8,0
458a3e83-3b65-4bb7-bfae-32d5030d94d3,1308.8333333333333,153.5,81.0,0.05911666666666667,26106.0,8280.0,6,1,1
45978d7a-95ad-4586-94fa-d3366e0efdae,3913.5,467.5,207.5,0.05765,79626.0,733.0,2,3,0
459c9c08-2836-4bf3-a5f3-ea56ca9bec4c,3826.714285714286,435.57142857142856,142.28571428571428,0.057757142857142854,76249.0,5859.0,7,2,0
45b35a6d-083c-461d-a13a-8c1dd420ca08,607.5,56.5,18.0,0.053974999999999995,12726.0,8568.0,2,0,1
45b5aa71-a23e-420f-85c1-927253e0542d,2743.4444444444443,266.0,140.11111111111111,0.05784444444444444,54444.0,4899.0,9,1,2
45b735c9-abe1-4a4d-bbe0-a54c09629ed5,4556.333333333333,536.0,272.0,0.0578,92857.0,3653.0,3,2,0
45c33ba3-d90b-4fa7-95b9-5d7ac65782ef,4569.0,370.0,315.0,0.0583,90118.0,3531.0,2,4,0
45ccbe8d-0966-46af-b727-ea7809c5673f,2387.0,270.6666666666667,175.33333333333334,0.05936666666666666,47723.0,595.0,3,5,2
45e51835-0604-44d2-bd89-603b8725a59e,929.5,116.5,83.0,0.061200000000000004,18450.0,9097.0,2,6,1
45f2fe6a-f7b5-4b70-bd6a-f6ffd5806f88,1192.0,120.33333333333333,64.66666666666667,0.05756666666666666,23912.0,5617.0,3,2,1
460399c7-d5a1-4d49-a83d-a0ef1b6d669a,4200.0,381.0,364.75,0.0591,83679.0,7989.0,4,0,0
46502bd4-a626-47c1-a0a9-987d1ce5bf20,921.4285714285714,101.85714285714286,59.57142857142857,0.05791428571428571,18695.0,552.0,7,5,1
46544d5b-7595-432c-ae3d-b1c994071807,4850.0,398.0,285.0,0.0578,95783.0,7085.0,2,6,0
466b428f-7baf-4023-acc2-0ac5af04bcf8,4668.5,474.3333333333333,252.16666666666666,0.05765,93584.0,291.0,6,12,0
467a4420-874f-4963-a6bf-cc5477b82002,2137.8571428571427,204.71428571428572,130.42857142857142,0.057699999999999994,42862.0,365.0,7,0,2
46834fd9-f092-44a6-af84-d6ad6b649354,4413.4,473.0,187.8,0.0571,88852.0,5701.0,5,11,0
46969c61-ff44-4974-b949-1f9e9b61e769,1398.4,150.6,78.2,0.058820000000000004,27668.0,4786.0,5,13,3
4699f458-c944-4ac2-bdfa-9586542bcd1c,3393.4,342.2,181.4,0.05714,68547.0,2905.0,5,2,2
46a4d631-7152-4479-a42d-39c4b53eb73e,4236.333333333333,425.6666666666667,221.33333333333334,0.0569,85798.0,9951.0,3,0,0
46b2c8b2-8b4b-4da4-b742-5208355cc1dd,2034.0,244.0,117.0,0.0584,41028.0,4851.0,1,10,3
46baaf02-4a5b-4feb-b825-fdbcd6299e2b,1678.6,144.8,114.6,0.05784,33490.0,3369.0,5,5,1
46bff5c9-cf05-43bd-8caa-4140b21642fc,2059.4,211.0,94.8,0.05746,41160.0,188.0,5,1,2
46defd64-e898-477b-bc4d-34a9edbdeeb7,509.75,49.25,40.75,0.05735,10457.0,7570.0,4,1,1
46e8040d-527b-45ad-ae3c-bf972a78660a,2900.0,307.25,224.25,0.05865,58522.0,9959.0,4,0,2
46eddbc0-7e3d-4365-a4e5-1fde0b934d10,3116.0,379.6666666666667,189.0,0.05953333333333333,61885.0,5512.0,3,12,0
47008920-4b9b-46a1-9e86-e710aa9ebf30,3527.4,382.0,157.0,0.05784,70297.0,3890.0,5,5,0
470a01bc-b546-4983-90fc-1ff8f0fe11b0,1896.8,196.2,57.6,0.05689999999999999,37800.0,2638.0,5,3,1
47166e46-e5c7-4299-9512-b5d5df1d302f,3285.0,300.25,204.5,0.0574,66034.0,3809.0,4,0,2
471726b2-9141-46e6-9a1d-940528b70f3c,3075.4,275.2,197.6,0.05888,60277.0,3120.0,5,3,2
471d7994-4021-4a35-aad2-c6711ca13684,1340.25,109.75,65.5,0.057050000000000003,26575.0,4999.0,4,0,1
473444de-33e1-43b9-b099-7f027709d591,1902.857142857143,214.57142857142858,132.0,0.058857142857142865,38216.0,7802.0,7,15,3
473498a8-7782-4f98-a4ce-b336762e86e1,4864.8,447.6,338.5,0.0586,96466.0,1721.0,5,13,0
474020c9-2275-4672-bb85-011dbe7c6b5d,1105.2,104.4,67.8,0.057679999999999995,22145.0,6703.0,5,6,1
474b7a72-0e29-41a3-b776-f6d8b3412500,365.0,36.5,16.166666666666668,0.05773333333333333,7234.0,3928.0,6,1,1
474b9ad3-a600-4de2-8e86-e04a47f2ffd3,1493.875,148.25,79.875,0.0579375,29722.0,346.0,8,10,3
475b5c3f-a07a-4db7-993d-d61fe78f005d,4252.6,405.0,279.4,0.05811999999999999,84939.0,5731.0,5,4,0
478104a4-26b4-44b1-b1de-40ae2d2f05df,3453.0,377.5,137.5,0.0577,68766.0,204.0,2,1,2
478d0696-6d77-4509-ac44-a5428ef45302,707.0,102.0,54.0,0.0599,14416.0,3970.0,1,15,3
47a09c04-5d60-426a-b331-c8d7391cbdba,2971.5,257.0,157.0,0.0562,60240.0,4631.0,2,4,2
47bfd98b-a75d-4fc1-b676-323052a1539b,3011.5,327.1666666666667,197.0,0.05848333333333333,60438.0,5092.0,6,11,0
47d4215e-6acd-4bfb-9ecb-3899bcc0f39c,4587.0,544.0,234.0,0.0592,90651.0,2694.0,2,10,0
47d984ef-02a9-4f37-a6fb-aee136806ad1,1253.75,96.0,59.25,0.056075,25135.0,7358.0,4,2,1
47e0e07d-ebc9-4e6d-8509-27e0ca23d2dd,1525.0,136.0,144.0,0.0579,31161.0,9394.0,1,6,3
48023ce3-c80a-4232-87f4-8f710992c833,2730.5,288.0,120.5,0.057050000000000003,55035.0,6847.0,2,7,2
480630a6-a976-4ff5-8133-ef8495c5c2c8,4407.0,312.0,285.0,0.0549,91140.0,1515.0,1,9,0
48063467-658e-41f9-ba1f-db709fe523bc,82.0,5.0,5.0,0.0589,1561.0,2366.0,1,11,3
48125bd9-280e-4ca3-a0c5-3df3b7afed8c,1490.5,158.0,116.0,0.057999999999999996,30417.0,3408.0,2,11,3
4813ae02-13f7-473b-9771-942094b418b0,1867.75,179.0,108.5,0.056175,38364.0,3429.0,4,4,2
481f0e67-c87c-497f-bff2-7613447c3ffb,1389.0,206.0,41.0,0.0591,27679.0,8239.0,1,5,1
482fb037-e14d-4bc3-899d-b90e5bf0cad7,2612.0,264.0,143.75,0.058525,51618.0,3698.0,4,2,2
48399134-79d9-4aed-84f2-848fb5b6bea7,1926.0,216.0,110.0,0.0583,38637.0,1598.0,1,10,3
483f816d-56ac-4d3c-a040-023bb11374ea,1422.0,169.0,142.0,0.0618,28055.0,2708.0,1,11,3
48403048-9542-4c75-9f7f-14df4a365d5a,597.5,60.75,41.75,0.057124999999999995,12247.0,786.0,4,12,3
4843c769-6563-4c78-a564-d1750e85fbba,3741.0,350.6666666666667,258.0,0.05793333333333334,75046.0,6780.0,3,1,0
485afcfa-05a5-467b-a690-63dee8ee2bc4,2702.5,272.5,137.16666666666666,0.05761666666666667,54007.0,8974.0,6,2,2
4865332d-5488-4fa3-93c0-c5469770fed2,2068.0,257.0,123.0,0.0594,41187.0,3787.0,1,3,2
487193bc-993d-4582-8f72-ee1a35356c25,3849.75,444.75,312.25,0.05975,77114.0,7001.0,4,3,0
4883e536-fda8-4690-8d95-950b98da1795,1720.25,192.0,109.75,0.058899999999999994,34343.0,5141.0,4,3,2
488a34e7-6763-4543-a590-26c0bef67733,3667.5,352.5,193.0,0.057499999999999996,73226.0,6570.0,2,4,0
4892a065-164d-4f1c-aced-b15df4b5b6fb,2405.0,301.0,74.0,0.0602,46209.0,7202.0,1,4,2
4894916a-bb9e-4f92-8477-ae526c42b83a,3026.6666666666665,234.0,167.66666666666666,0.05676666666666667,60393.0,163.0,3,7,2
489cf040-a9bb-49f1-ada6-c6be33fd3b26,695.4,65.0,41.2,0.05896,13597.0,4637.0,5,13,3
489ebc05-5d7f-4bf6-879e-a94ccd1537bb,3262.6666666666665,401.3333333333333,154.0,0.05976666666666667,63884.0,2824.0,3,12,0
48ba7ccb-4697-4c53-bd3b-3a4db25a4c17,880.0,118.0,60.0,0.0599,17660.0,7601.0,1,7,1
48be9876-b686-4b07-9998-cf0e5cfb5976,3684.8,366.6,197.0,0.057940000000000005,73361.0,3843.0,5,2,0
48cdaeea-67a2-4f64-aec8-6cb437ef2c23,1302.0,141.0,61.5,0.054275,27794.0,1076.0,2,2,1
48d46ed2-2530-4b83-9a4e-4becadf4b9d1,4033.1666666666665,424.5,302.6666666666667,0.05891666666666667,80802.0,9333.0,6,0,0
48d4f01d-9826-4823-ac12-92d59a2d3aa7,801.6666666666666,67.0,44.333333333333336,0.05483333333333334,16653.0,2396.0,3,10,3
48e2912c-a27d-4648-950e-af7aaafdc4dc,3162.0,329.3333333333333,207.0,0.058633333333333336,63086.0,1465.0,3,2,2
48f7d609-ee5f-4a5a-89e8-8d9355bd5926,2704.0,217.0,94.0,0.055600000000000004,54227.0,8871.0,3,11,3
491069c5-7cef-409b-bc33-26ac24a4aea7,1070.75,114.75,79.75,0.0582,21745.0,2336.0,4,14,3
49213823-85bc-4b83-87b3-9ffe2c00cff0,1937.3333333333333,158.66666666666666,118.66666666666667,0.055766666666666666,39702.0,6556.0,3,0,2
49351282-d17c-4082-982d-6b03b7856cc2,4965.5,405.5,335.5,0.05715,99788.0,884.0,2,8,0
49597050-aca6-42d0-95e3-f945392bd27b,1464.0,153.66666666666666,81.66666666666667,0.0587,28948.0,4612.0,3,7,3
49642699-0c3a-49c3-bd29-95b1276e51a7,2264.0,213.0,131.14285714285714,0.05841428571428571,44658.0,6848.0,7,9,3
4968362d-7182-4029-bcd8-8a777f99f704,1043.0,128.0,69.0,0.0586,21149.0,9016.0,1,2,1
496851e3-2c0d-4f92-a311-2e66b52a996c,3294.0,351.0,150.0,0.05815,65247.0,6156.0,6,15,3
4983c408-3013-4744-bb46-d187bd13a526,3025.5,290.5,110.66666666666667,0.05695,60162.0,4059.0,6,1,2
49a9071b-3c19-4b41-9793-32fabe513303,4481.333333333333,337.3333333333333,333.0,0.05776666666666667,89191.0,1513.0,3,3,0
49ad3245-81b6-477f-a59c-2f1d35f12900,4895.0,520.25,181.75,0.057175000000000004,97899.0,6272.0,4,1,0
49ba5c13-5db3-47ee-857a-5e29f528dd3f,4637.5,375.0,282.0,0.0567,93379.0,6679.0,2,6,0
49cb16a6-918f-46d1-ab8c-28d4f3397fed,1411.0,135.0,84.66666666666667,0.05846666666666667,27888.0,1277.0,3,5,1
49d60a27-9bfb-411e-b318-397dfdef14f1,791.5,86.75,23.25,0.0577,15625.0,9983.0,4,0,1
49d897ae-edb7-478c-8a20-66ad074e30a8,1233.0,140.5,58.0,0.058175,24614.0,7852.0,4,4,1
49e196a1-0f33-4b5b-9f52-8003728ede77,2879.0,317.0,158.0,0.058050000000000004,57754.0,3891.0,2,9,2
49ebc6ca-75f6-410d-aeda-51863d38cf31,866.6666666666666,106.33333333333333,63.666666666666664,0.057633333333333335,17991.0,418.0,3,2,1
4a0c4a4b-47ab-4d83-9bd5-a551824e886e,4608.5,533.5,231.0,0.058399999999999994,91995.0,1644.0,2,0,0
4a0e8de8-4d02-4dc9-9835-26d8e66ad9f6,151.0,14.666666666666666,5.666666666666667,0.05273333333333333,3251.0,7878.0,3,12,3
4a1cd440-4311-4f38-b05d-20e832c1961c,4014.0,362.2,130.0,0.05569999999999999,80907.0,5235.0,5,5,0
4a1e78c9-9b7a-4037-86bb-34bf36d9c6c0,2887.0,266.0,176.5,0.057925000000000004,57489.0,4014.0,4,7,2
4a2b55a2-5409-434f-a258-47613483f93a,2609.5,232.125,167.625,0.0575125,52313.0,1824.0,8,8,2
4a3366e5-2778-4bbb-842c-4ad483d9db33,3517.0,422.3333333333333,90.33333333333333,0.056900000000000006,70856.0,159.0,3,7,2
4a33df5f-6525-461f-9af5-923d110ec40b,3416.0,343.2,169.6,0.05789999999999999,67840.0,6927.0,5,3,2
4a365ad2-4349-44f3-8a71-c9cce99ac1b8,609.0,56.0,39.333333333333336,0.05698333333333334,12177.0,8762.0,3,9,1
4a3b9acb-d9f8-4073-866c-30f28542b315,1585.0,140.66666666666666,64.16666666666667,0.055683333333333335,32132.0,6149.0,6,0,1
4a4b7f6b-e933-49fc-8cb3-e5465edda90c,4738.0,474.6,212.6,0.05728,94733.0,6814.0,5,13,0
4a51c971-eb58-44bc-9e47-103587a0b288,2688.1428571428573,240.0,154.71428571428572,0.057257142857142854,53828.0,8665.0,7,1,2
4a57459a-1f7a-478e-b534-ea7792ef421c,1545.0,159.0,86.0,0.057166666666666664,31305.0,5184.0,3,3,1
4a5afb74-9221-448e-897e-9e969ad2a7dd,4004.0,459.0,331.0,0.0602,79598.0,3078.0,1,3,0
4a866a9a-0540-483c-b710-7e643a81d683,2777.5,230.66666666666666,173.66666666666666,0.05701666666666667,55803.0,4618.0,6,0,2
4a8f8180-713f-4f19-882a-5f99e8ad3f7d,407.8333333333333,33.333333333333336,17.666666666666668,0.05803333333333333,7906.0,9661.0,6,4,1
4a92d548-41f3-4c19-84b6-b45585ef664c,3589.5,355.5,142.5,0.056499999999999995,72285.0,3403.0,2,0,2
4aa127ba-0c04-40df-9519-c2c484cc5eb0,1968.6,181.8,103.4,0.05654,39859.0,4042.0,5,8,3
4aa79235-5877-4a3b-8ad9-758e3cbde969,2824.0,227.0,169.0,0.0565,56954.0,1753.0,1,13,3
4ab8cb90-657e-44d4-9bd2-d2f5e7ce92e2,251.33333333333334,24.333333333333332,8.333333333333334,0.05425,5271.0,5760.0,3,0,1
4ad1550c-2900-44f4-89fe-27080082b29d,831.5,108.5,18.5,0.0563,17034.0,7043.0,2,1,1
4ad682df-8818-4c4a-b9be-11403c80b193,2216.0,219.5,102.0,0.056650000000000006,44776.0,3702.0,2,7,3
4ae33bc9-ffb3-476c-a1cb-449ec27b34a9,851.5,115.0,61.5,0.0608,16914.0,7708.0,2,1,1
4ae7de75-4f1c-43c8-ba75-6adc8fa218a5,636.25,61.0,28.375,0.056425,12861.0,5847.0,8,0,1
4aeb433c-eb07-43df-9a6b-203db3a72551,2051.0,211.66666666666666,172.66666666666666,0.05993333333333334,40643.0,3499.0,3,0,2
4b0664bd-b2d8-4aaf-add2-b3533a90ccdb,674.8,79.4,36.8,0.05968,13255.0,1771.0,5,15,3
4b0bce5e-eccc-409f-b7e9-d7655483a5d9,4475.0,637.0,65.0,0.0574,90251.0,7482.0,1,5,0
4b1c65dc-7fe0-4afd-8641-d2f67272405a,4844.2,362.4,268.9,0.05614,97549.0,2481.0,5,4,0
4b34786e-f8a0-4251-995a-f1a5bd63de7a,4674.333333333333,485.0,300.6666666666667,0.05883333333333333,92843.0,994.0,3,7,0
4b6196b6-34f8-4ade-98dc-a4214ada0cd3,2504.0,275.14285714285717,116.57142857142857,0.057800000000000004,50101.0,9276.0,7,12,3
4b6e2ad9-0b7e-4921-a1ee-da5f5a99c6fa,3257.0,361.0,218.2,0.05806,66076.0,4799.0,5,1,2
4b8560ec-7db7-42ef-9913-8195bd213212,2641.0,296.0,44.0,0.0562,53001.0,4863.0,1,6,2
4b85ee9c-bb0d-42aa-9ce9-8b317d70c5f3,4306.0,501.0,238.5,0.0587,85965.0,5500.0,6,4,0
4b8bb6eb-7499-43cc-8c5b-8b5aa626e8a6,1209.0,78.0,70.66666666666667,0.05603333333333333,24227.0,7071.0,3,3,1
4b958741-58f2-413a-a220-f18c08725d17,563.6666666666666,61.333333333333336,24.0,0.059166666666666666,10974.0,429.0,3,3,1
4b965189-a2ea-4017-8407-4c87e4ff10ed,4004.0,326.0,221.5,0.056499999999999995,80549.0,6567.0,2,13,0
4baa6f78-f279-4d10-b340-f3aa9d43063e,1625.625,165.75,72.5,0.0574,32470.0,3027.0,8,5,1
4bc12e18-050b-4809-84dd-314ac9e4979a,3149.25,359.5,225.5,0.060074999999999996,62141.0,5731.0,4,15,0
4bc14e11-73e9-4552-a23a-75a29dba8904,4000.1666666666665,348.0,204.83333333333334,0.05723333333333333,79545.0,2055.0,6,10,0
4bc1567f-5b95-4e9c-9e79-8f75e3eb9fd6,1083.0,89.0,33.666666666666664,0.05516666666666667,21850.0,2441.0,3,10,3
4bc79c9e-c487-4a7f-947e-d08ea365ba82,3915.0,339.0,158.66666666666666,0.0579,76222.0,2453.0,3,4,0
4bdfc357-372a-4d62-8230-3f7aab1f17d4,899.0,72.0,73.0,0.058750000000000004,17758.0,692.0,2,4,1
4be2bf93-df97-44e1-9d4d-ba1b9594de0d,1416.0,133.5,99.75,0.056475,29198.0,6605.0,4,4,1
4bef6100-6841-48dd-8a03-480491fb176b,1398.25,170.5,88.25,0.05885,28159.0,828.0,4,7,3
4bf6879d-bec4-4e3e-9d86-50f1873795b1,3456.3333333333335,281.6666666666667,139.0,0.0567,68374.0,4882.0,3,5,2
4bfcec1b-89ec-4039-b084-6e41d5ac87cd,1874.75,127.5,132.5,0.0579,36869.0,9507.0,4,3,2
4c00b83a-16c3-478b-8417-f136c7ffca05,3628.25,439.25,239.75,0.059425,72473.0,498.0,4,0,0
4c0c5e50-f0be-4ee9-9d47-107f9dc68dbb,2503.5,244.25,144.75,0.057675000000000004,50158.0,5584.0,4,11,3
4c15519a-f29c-42e2-8284-a5274244aadc,3937.2,357.6,279.0,0.05848,78191.0,3616.0,5,2,0
4c18e522-e526-4998-b4b0-8fbc1c22c288,3563.0,292.0,231.2,0.05752,71034.0,5385.0,5,10,0
4c1c0aec-bd8b-4ff8-a3b4-f2a569b1f8fa,2949.6666666666665,234.0,212.33333333333334,0.0569,59709.0,4345.0,3,0,2
4c25a99b-70e1-4e1f-9883-106af5df8215,2889.6,322.0,141.4,0.05784,57952.0,8150.0,5,8,2
4c2f0809-2fe7-4cc3-9f42-50b7995779cd,4741.0,393.6666666666667,139.66666666666666,0.0551,95777.0,4055.0,3,10,0
4c2f21aa-df9c-457e-827e-b9220b9e8c10,3249.3333333333335,306.6666666666667,155.0,0.057433333333333336,64586.0,367.0,3,4,2
4c32fdb9-7c62-4692-9407-082c1a816ac2,1658.5,161.0,83.5,0.0572,33258.0,5117.0,2,5,1
4c5dadf1-1a92-4927-9a8e-42f827ec5c84,1848.0,214.5,70.5,0.05895,36187.0,2677.0,4,8,3
4c663c8c-ff8d-4bdd-a01f-959c1efe4ff9,4157.0,385.2,157.8,0.056799999999999996,82781.0,7361.0,5,3,0
4c80cc51-30ef-458a-85f7-066e4a267bec,3359.8333333333335,420.8333333333333,247.16666666666666,0.06048333333333333,66594.0,9196.0,6,1,0
4c81c794-4e0f-4ae8-8392-639f467d297f,381.3333333333333,40.333333333333336,10.666666666666666,0.0557,7760.0,8841.0,3,1,1
4c889015-c7f6-450f-939f-1e973339d188,668.5,94.5,47.5,0.0592,13693.0,7958.0,2,0,1
4c8a6d46-7cdd-490b-9be0-2fee7f1b8885,4638.0,468.0,318.75,0.058825,92198.0,5478.0,4,3,0
4c8ae570-8fc5-43f2-ba2f-80937a91617e,4566.666666666667,411.0,244.0,0.0573,91110.0,9873.0,3,0,0
4c8dc497-8a98-4c6e-b4c3-24796ea0b68e,3814.5,507.0,202.5,0.0595,76038.0,6358.0,2,5,0
4cae3f5a-2443-44a7-bfb0-919d0cc7be58,3811.285714285714,382.0,214.57142857142858,0.05802857142857143,75949.0,9483.0,7,6,0
4cbdc216-3e4d-48ce-8324-8d00ea9f7909,2570.4,243.8,154.2,0.05804,51152.0,8812.0,5,15,3
4cca7e82-e5af-4f2b-9ba8-d613f72d1f3c,2839.3333333333335,304.0,218.33333333333334,0.0592,56751.0,2439.0,3,13,3
4ccadf37-7e93-45e4-8356-b9b555898f67,3225.6666666666665,383.0,254.66666666666666,0.0604,63982.0,9964.0,3,10,0
4ce21ab9-bec8-47b3-879d-4965eefaf290,55.5,4.25,3.5,0.0575125,1094.0,788.0,4,2,1
4cef53db-84c8-4194-a432-6717578eee7e,3689.6666666666665,407.3333333333333,296.3333333333333,0.05996666666666667,73249.0,3779.0,3,2,0
4cef6c49-ac21-48d2-bdd8-750ea1393477,4818.5,493.0,360.0,0.0593,95640.0,5308.0,2,4,0
4cf7813a-3974-49f6-8a80-792225ba20f4,2009.0,178.0,93.75,0.05615,40625.0,7181.0,4,2,2
4cfa40dc-b5d0-4b1a-9b7d-6c3d9ca83039,3821.0,474.5,287.5,0.060149999999999995,76164.0,7418.0,2,9,0
4d033426-041f-4b6b-a3ab-9d8422b0c5b1,1485.0,175.0,56.5,0.058575,29315.0,5831.0,4,0,1
4d08652f-7406-4d86-899a-24de75035477,1260.5,92.0,94.0,0.0601,24070.0,6379.0,2,3,1
4d09acd1-22c7-41c8-ba9b-530110835bea,2900.0,243.66666666666666,121.66666666666667,0.0567,57556.0,1887.0,3,3,2
4d1dc849-becc-4082-ad90-81d0534da3ca,60.75,5.25,1.5,0.055775,1210.0,2738.0,4,5,1
4d1fbc77-9078-4b0c-966b-8615ddd3c449,2324.0,168.0,26.0,0.0556,45250.0,3183.0,1,3,1
4d37e169-c75c-4240-821b-1976a91b20d2,2422.5,190.5,171.25,0.057624999999999996,48300.0,1477.0,4,5,2
4d38be76-d488-42e8-8235-2829cf4e5df2,1948.75,202.75,105.0,0.0564,40016.0,1409.0,4,8,3
4d397d31-d6fe-49eb-9118-88b53cad51bd,1150.6666666666667,95.33333333333333,36.666666666666664,0.05586666666666667,22956.0,4613.0,3,2,1
4d3eadca-c8b8-4d63-a515-586e02662fa2,4547.0,429.5,297.5,0.0573,92024.0,2111.0,2,5,0
4d3f4d7a-a1e6-409c-8283-1d53cfefad05,1890.0,201.5,76.5,0.05645,38388.0,8081.0,2,4,2
4d4f4b74-bf1e-41b2-83bf-19d9d986d345,4841.75,447.0,275.75,0.056775,97991.0,9561.0,4,6,0
4d53fe62-9df5-4ece-85aa-2ad025cdc7c2,1850.1666666666667,174.0,120.66666666666667,0.05725,37463.0,4168.0,6,5,2
4d5c9a3d-f893-47ce-b891-0c5ddfa4a6f1,3740.25,281.5,181.5,0.05715,73560.0,5985.0,4,3,2
4d6c4497-3608-49f9-af6f-5215619034f5,4204.5,370.5,204.16666666666666,0.05678333333333333,84158.0,8675.0,6,3,0
4d8b9e07-f37d-4d0e-836e-a13da94c5059,3385.5,423.25,198.5,0.059325,67527.0,1771.0,4,0,0
4da4c649-e3d1-4373-81b2-ea8ebf0549e8,368.3333333333333,42.0,14.333333333333334,0.057166666666666664,7431.0,5218.0,3,2,1
4db625ed-a85d-4208-91b3-13d359a33a21,928.0,120.0,14.0,0.0565,18806.0,6981.0,1,10,3
4dd1432c-05cd-4207-9d2c-0a4cc43aa81d,852.0,84.2,59.8,0.05822000000000001,17109.0,8680.0,5,1,1
4de319b2-d015-41a0-9bfb-d2da17d8fc46,955.0,107.0,47.0,0.0561,19771.0,9108.0,1,12,3
4e070b8c-66ef-43ca-9a8a-27281bc3115e,1325.0,131.33333333333334,111.66666666666667,0.0584,26848.0,1531.0,3,0,1
4e154cd0-bc45-4805-aa03-3629c5d82173,3237.6,389.6,214.4,0.059,65104.0,3948.0,5,10,0
4e229cae-c884-4b2f-802d-57bc6a0ae6c7,4668.75,443.5,305.25,0.057475,94258.0,1544.0,4,9,0
4e2620c4-0ffb-46c6-96e6-247e7477e120,2975.75,268.0,243.0,0.057775,60371.0,5343.0,4,1,2
4e2a6b4d-c8b4-4d5c-88f9-97fefd0c0a8e,2537.3333333333335,252.33333333333334,109.66666666666667,0.056799999999999996,51026.0,9026.0,3,0,2
4e30629f-e433-4b4a-ac87-1ea03d0c3dd8,4684.5,302.25,232.25,0.055025,94864.0,6879.0,4,11,0
4e328cad-41ea-4136-a9b0-e0f57c4171f5,28.8,2.6,1.6,0.05671,604.0,7542.0,5,13,3
4e355d96-0f6a-4e5b-97b3-d03e6b1e0d0c,361.0,27.0,25.0,0.06,6887.0,369.0,1,0,1
4e38f592-c86d-437c-a4ad-a0914039f68b,821.0,82.0,40.0,0.05745,16417.0,8059.0,4,6,1
4e4d7c92-ed82-43c8-9842-21eb659a544b,3462.4,362.2,149.6,0.056940000000000004,69785.0,3214.0,5,6,2
4e4ec483-a603-4fbf-9fa9-79ea2f7a99e7,109.16666666666667,11.333333333333334,5.666666666666667,0.05665833333333333,2233.0,8602.0,6,1,1
4e5338d2-eb07-4668-a849-bdfcbb189d87,2584.0,199.28571428571428,138.42857142857142,0.05651428571428572,51715.0,8734.0,7,5,2
4e583441-ca2a-40c7-9d7b-c5576e5c0ed5,1896.0,212.2,103.4,0.058660000000000004,37701.0,9343.0,5,0,2
4e7f97af-88de-445c-881b-b6a335609b25,2196.0,268.0,82.0,0.0565,45100.0,6112.0,1,0,2
4e8612dd-4464-41bf-be24-60277d4e42e9,1344.0,127.0,119.5,0.060700000000000004,26217.0,4792.0,2,0,1
4e8b1c4c-5adf-41e2-bbf9-dc8947f772a0,557.1666666666666,55.666666666666664,32.0,0.05825,11069.0,9414.0,6,2,1
4e8ecc2c-d98d-4b8c-88a4-05ee3e2a6f35,31.0,3.25,1.5,0.0583375,668.0,9114.0,4,15,3
4eabb2c2-12e6-47b3-adb9-7e401c078dc0,349.6666666666667,29.333333333333332,17.666666666666668,0.0578,6865.0,5054.0,3,13,3
4eb43b25-028e-4bac-98c9-6a5c6f8a8657,3583.0,212.0,114.0,0.0547,71481.0,7073.0,1,5,2
4ec3edc6-8bb6-441b-8211-ff0837a01247,1395.6666666666667,164.83333333333334,72.66666666666667,0.059166666666666666,27612.0,9678.0,6,7,3
4eccbb9a-1409-428d-aa23-6fda529c7a02,2445.4,310.0,153.2,0.059660000000000005,48762.0,6659.0,5,15,3
4ed16c62-1c7a-4635-8931-110b2198adf0,4533.2,376.0,290.3,0.0568,91598.0,1129.0,5,14,0
4ed3e4d0-abaa-449e-9e9e-fb0a2f750806,479.6666666666667,51.0,25.666666666666668,0.056933333333333336,9776.0,6488.0,3,1,1
4edf2ba5-a0ec-4183-9f7b-98211c62eb57,1812.75,200.75,102.75,0.059425,35609.0,3827.0,4,7,3
4eeea218-32c0-48a1-9dfa-3a923ca2a4c7,1680.3333333333333,154.66666666666666,95.33333333333333,0.05896666666666667,32732.0,9494.0,3,1,1
4ef03a15-3020-40db-bf38-c81f0f945dd0,1457.0,163.5,83.5,0.058175,29285.0,9227.0,4,0,1
4ef51373-d5c4-4880-8c14-5961c9892203,1772.3333333333333,205.5,95.83333333333333,0.057716666666666666,35924.0,9280.0,6,3,2
4ef6de02-6c99-4ae4-9b6c-f7d5366581df,242.0,25.0,12.5,0.0552,5065.0,939.0,2,1,1
4efb7cd3-418b-4e21-87cb-89f9606939bd,4651.0,574.5714285714286,240.85714285714286,0.0591,92489.0,3404.0,7,1,0
4efcedc3-da16-410e-a241-9ac472c5d610,791.0,71.0,48.5,0.0561,16231.0,1734.0,2,1,1
4f06a324-97bd-4b04-b048-79999055770a,4711.333333333333,489.0,210.66666666666666,0.056966666666666665,95036.0,3605.0,3,9,0
4f1ce6cf-9932-4408-baca-47fc9e1bf680,3933.2,331.0,229.2,0.056600000000000004,79407.0,7881.0,5,8,0
4f281e14-8f79-4a5d-91c3-6e7fdd9af6ef,3991.5,439.0,359.0,0.05975,80118.0,488.0,2,4,0
4f28c27c-07ae-4eb0-9cee-d75c16d3a11a,4504.5,502.0,315.0,0.0582,91453.0,7975.0,2,11,0
4f28f2e4-ff00-4cef-8a83-ff1164c59911,285.25,26.25,17.0,0.0563,5833.0,2687.0,4,4,1
4f294e51-28ed-4112-91fa-3d3ff4a0e747,3690.0,336.25,257.0,0.058425,73329.0,2099.0,4,3,0
4f4b5bdf-dacb-4b6b-b574-e544540f4434,3317.0,279.8,159.4,0.05624,66766.0,1935.0,5,1,2
4f57d68e-60c8-422a-a74a-99714278b7f8,4639.0,429.5,261.5,0.057300000000000004,92966.0,2573.0,2,1,0
4f622d62-105e-4ff3-8173-307f5fdbeaf6,190.4,16.2,9.0,0.05722000000000001,3767.0,9710.0,5,8,1
4f750d75-c109-408b-9f6e-2c0c8b6adbae,753.25,58.25,35.0,0.05785,14628.0,4200.0,4,4,1
4f803409-146f-4bcf-b752-ee819b6a267a,3396.75,321.75,184.5,0.056975,68509.0,146.0,4,1,2
4f810da1-791f-4013-add2-99558b1df048,3640.0,388.0,251.33333333333334,0.0587,72913.0,3590.0,3,3,0
4f93f555-1c6f-4fb1-85e9-b87313b2379d,4110.2,447.8,183.4,0.057640000000000004,82257.0,72.0,5,10,0
4f944206-d723-4992-9180-d7eff2c3dc2f,3698.1428571428573,295.0,212.28571428571428,0.05655714285714286,74362.0,8521.0,7,13,0
4f951a33-b38d-48df-a4f6-05ad7ecaf621,3266.75,269.75,134.0,0.055825,65740.0,4343.0,4,8,2
4f9d999a-120a-40f5-9997-91b28956f907,4559.0,425.0,157.66666666666666,0.05636666666666667,91254.0,6160.0,3,4,0
4f9e611a-e562-4599-9438-b94d500a3284,262.6,29.6,19.0,0.06119000000000001,4995.0,4353.0,5,4,1
4fa8e71b-f598-4693-95dd-656f0345751a,4330.0,436.0,207.0,0.0566,87870.0,7713.0,1,12,0
4fb11874-b023-4446-88cd-7ae9d8e6c870,1251.5,138.0,56.75,0.058175000000000004,24856.0,3723.0,4,3,1
4fbb684f-271a-494d-bef8-f229ff3e4e69,480.7142857142857,43.42857142857143,32.285714285714285,0.05828571428571429,9547.0,7197.0,7,2,1
4fbe29b3-8e3e-4ca0-925d-c10d2e2a3072,3579.0,420.0,246.0,0.0595,71402.0,1750.0,1,9,0
4fd7e9eb-e40b-463b-864f-8270c67f80aa,4702.25,476.0,287.5,0.058725,93070.0,6050.0,4,1,0
4ff22e0d-046b-4794-8471-ada4c7a4ac79,4735.0,434.5,213.25,0.056975,94486.0,5803.0,4,4,0
4ff62535-08a4-40cd-8d56-363debafedab,1440.0,138.33333333333334,112.33333333333333,0.05783333333333333,29233.0,335.0,3,3,1
4ff85fd0-9ace-4b40-9d0d-9ad784755743,686.0,68.5,27.25,0.056975,13721.0,7180.0,4,3,1
4ff96727-7451-4965-b124-a1e7ce0c177a,1184.25,102.0,43.75,0.055575,23939.0,8419.0,4,6,1
50137aa8-4949-4822-9256-975fe5101dca,537.75,59.5,31.75,0.058025,10844.0,8874.0,4,4,1
501c41c2-3cf6-46eb-9c8b-13b3b2a7adf6,3656.2,360.8,231.0,0.05756,73799.0,9399.0,5,2,0
501ff2d4-4f40-455f-9290-ab781603a221,2086.25,155.25,95.0,0.056625,41278.0,3327.0,4,0,2
502719f4-d00a-4b52-b29a-a5ab11ea1ee3,3608.8333333333335,451.0,182.66666666666666,0.05859999999999999,72384.0,4302.0,6,1,0
5028021b-c73e-4022-9d82-34090da3fb71,1375.0,142.0,53.0,0.057499999999999996,27304.0,6098.0,3,3,1
502d3591-3249-411a-9f53-28f950fbdeb8,889.8,98.6,51.8,0.058710000000000005,17648.0,8412.0,5,6,1
50381bbf-2af1-4f81-abdf-d75a7903d9f2,390.2,35.8,24.2,0.05802,7756.0,2010.0,5,3,1
504ac4e4-33f4-456a-838c-af0ec47736bf,3324.3333333333335,280.6666666666667,172.66666666666666,0.0572,66073.0,2786.0,3,6,2
5061d320-8b87-400b-8406-9049bac6a43f,665.6,52.8,31.4,0.05512,13601.0,7802.0,5,0,1
506b3922-6d49-4876-b25f-57d37a4504a6,2151.6666666666665,219.0,107.77777777777777,0.057388888888888885,43187.0,3426.0,9,5,2
507cd748-7d4f-4139-88dc-a18ebb586849,1704.5,192.0,135.0,0.059,34429.0,9115.0,2,9,3
507d5605-8172-4c60-8c8f-1730d469cdfc,1155.7142857142858,100.14285714285714,76.71428571428571,0.05722857142857143,23292.0,7915.0,7,14,3
50853e9c-a243-4ccc-a7ae-4ef038149408,3571.3333333333335,353.8333333333333,239.16666666666666,0.05805,71728.0,8598.0,6,9,0
50871d7b-d537-4178-9f69-e7af28f7d93e,4607.2,411.4,287.2,0.05738,92536.0,9265.0,5,0,0
50880738-5e2f-4e1e-9b80-7146010fb16f,874.25,79.0,55.0,0.057525,17531.0,1993.0,4,13,3
508c5e94-1e9f-44b8-a9cb-f483d226df0b,1442.0,178.5,60.833333333333336,0.05906666666666666,28469.0,2450.0,6,12,3
50916089-68a7-43c7-9008-bc10a1ac1d23,914.1666666666666,89.16666666666667,47.666666666666664,0.05711666666666667,18404.0,4628.0,6,0,1
5094fd8a-7539-4c36-8bc9-382a6ee9e0aa,4393.666666666667,309.3333333333333,349.6666666666667,0.057633333333333335,87671.0,9781.0,3,1,0
50acb8da-034f-45c7-877d-eaaf022cfe71,3741.0,392.6666666666667,247.0,0.05826666666666667,75209.0,3699.0,3,11,0
50bf4c0b-331d-4db9-a37b-37f18d1bd42c,1720.4,207.0,124.6,0.059399999999999994,34546.0,7431.0,5,0,2
50c64093-81ee-4273-9221-2f8d2c898baf,4199.0,315.0,264.0,0.057050000000000003,83801.0,2462.0,2,9,0
50ccfe63-ca59-4872-be92-3b549abef6db,670.75,76.5,37.25,0.056875,13803.0,1456.0,4,3,1
50cd71a4-a044-469e-9af6-b32348c16bdc,1523.0,86.0,45.0,0.0539,30674.0,8740.0,2,5,1
50ceb7e9-8384-4bfc-b751-c3cbb3ca7038,406.6666666666667,33.666666666666664,25.0,0.05856666666666666,7947.0,4078.0,3,4,1
50d2e8dd-323a-4e2b-80fc-70838925d1d0,3025.6,291.0,212.8,0.05882,59989.0,6568.0,5,3,2
50d52125-d427-43d1-adf0-9cead4f8fc46,617.0,43.5,21.75,0.05675,12019.0,961.0,4,0,1
50e0e7cf-3e13-4ab5-bdbe-a0118f74a6bb,985.8333333333334,87.16666666666667,47.0,0.056383333333333334,19862.0,5664.0,6,3,1
50fead4a-de9b-4e0d-ba78-2c7a89714587,2428.8,179.4,159.8,0.057940000000000005,47759.0,8619.0,5,1,2
51179595-7ebd-4a4b-8354-164e5689bae5,4848.5,468.5,334.0,0.057,99102.0,328.0,2,8,0
5134a84b-dc94-44c9-a4a2-84b21c4f2312,3508.0,327.5,94.5,0.0566,69449.0,6001.0,2,0,2
51573b18-0cc8-49da-9de1-ef0b036ec7e7,37.25,4.25,1.25,0.0550625,802.0,6291.0,4,5,1
515c8840-6199-413e-bb6c-a4c7f388cd1e,3606.75,442.5,251.5,0.0591,72789.0,1704.0,4,12,0
517b2b77-967b-4a06-84a2-4e3c39fb83c6,4498.5,535.0,193.33333333333334,0.05806666666666666,90057.0,7844.0,6,15,0
51804120-2ad5-4f77-85ba-f8c9e3c63766,3150.0,255.16666666666666,205.0,0.05793333333333334,62315.0,4240.0,6,11,0
5192d525-0f18-4497-bb10-3fd6afda2352,34.4,2.4,1.8,0.057940000000000005,665.0,6021.0,5,14,3
5193d51a-8b38-4dfc-b656-6d78dc773f76,292.75,34.75,15.5,0.05645,6078.0,4831.0,4,0,1
5195218c-0c6f-4c2d-a619-c5aefed1ce76,107.0,10.0,6.0,0.0555,2218.0,669.0,1,6,1
519715fa-ce6d-436a-9237-bbcd504265ef,1651.0,207.0,159.0,0.0591,34137.0,836.0,1,6,3
51b735d9-8b25-4b8d-b339-e0450a370f20,2035.5,203.5,113.0,0.05745,40935.0,683.0,2,8,3
51b8520a-6960-47d9-91da-5343f448a598,4677.0,354.6,280.4,0.05674,93633.0,8092.0,5,11,0
51c3dee8-d86c-4946-8547-a23905dff7ce,4770.5,311.0,127.0,0.0543,95980.0,5727.0,2,10,0
51e50b1a-63db-4f6a-a4bd-5a04e9d266a8,2486.0,344.5,172.0,0.0606,49544.0,7090.0,2,7,2
51e62c8f-8b95-491c-9b29-763b860a580a,2520.5,228.33333333333334,118.5,0.05673333333333333,50546.0,8748.0,6,4,2
5202af44-7d71-4aba-9968-9b65534c0186,52.0,4.0,1.0,0.050649999999999994,1144.0,4827.0,1,9,1
520545f1-f881-4327-9fc0-0ef8d34aaafe,140.33333333333334,15.666666666666666,4.333333333333333,0.056650000000000006,2822.0,7241.0,3,4,1
5217d0e2-88fb-4741-b0d5-1c03a23ed40d,1347.0,172.0,79.0,0.05915,27017.0,2598.0,2,7,3
521e6435-7172-43c0-9982-7184270d7ca8,762.5,65.75,46.0,0.05655,15462.0,7978.0,4,8,1
52292f31-04db-47ef-bb09-0f3d37087d93,4932.875,542.125,234.625,0.057550000000000004,99219.0,6943.0,8,9,0
522ea8d1-c920-4d75-8760-eeb8dad84738,991.0,83.0,34.5,0.0595,18638.0,1797.0,2,2,1
5235a093-c413-4a5a-9c06-d2bee215d151,3242.0,358.6666666666667,168.0,0.0582,64762.0,6176.0,3,4,2
523e0d0f-f0a8-49fd-ba40-c582215b9782,2394.0,261.2,166.0,0.059219999999999995,47642.0,5074.0,5,0,2
523ffabe-4bb9-4895-bfff-0b0f079be7e3,2624.4,204.4,205.8,0.05702,53196.0,4293.0,5,4,2
52438fc8-2cdd-4901-b87c-3c1269c37f04,2180.2,160.6,105.8,0.056459999999999996,43331.0,4803.0,5,10,3
5254ca80-39ae-439d-8d53-5d6f15b6dfd5,3215.6666666666665,306.0,162.0,0.05793333333333334,63569.0,3000.0,3,3,2
525bb140-9ab8-42a5-bac8-016f4a032a92,4803.5,399.75,363.0,0.058425000000000005,95256.0,9412.0,4,7,0
526585bb-7dec-49df-9453-3f012e59788e,4735.0,328.0,409.0,0.057,95972.0,4426.0,1,6,0
52689ce7-d45d-47d1-b8c0-ef7401034f65,4592.75,446.75,167.25,0.056674999999999996,91875.0,8868.0,4,4,0
5271c3bc-757f-4de2-b9d2-fe0f68b7d1de,4815.75,519.5,276.75,0.0572,98140.0,9916.0,4,2,0
529375aa-f6e1-41d6-8d32-f43b17884877,1462.0,98.5,116.0,0.0557,30107.0,5463.0,2,9,3
5295eb86-2bf8-4a62-a53b-3857788084b4,4241.5,468.75,285.75,0.058425000000000005,85471.0,4853.0,4,1,0
52af8c43-069d-4dc1-8451-78f0f4f13998,3262.8333333333335,281.6666666666667,192.66666666666666,0.057066666666666675,65498.0,7062.0,6,6,2
52d13f48-e3ef-4f84-a80f-8a71b941cb05,4244.0,370.8333333333333,227.16666666666666,0.05701666666666667,84908.0,6390.0,6,5,0
52d7adc0-9000-4173-807d-f70b5be73ef9,2137.8,199.0,127.8,0.05666,43499.0,1834.0,5,5,2
52de4cb0-4fd3-42a8-a3b1-614b5182fe49,1683.0,249.0,70.0,0.0582,34389.0,6787.0,1,12,3
52eb40a8-c6b4-4016-a95a-09c777a723ca,3254.3333333333335,334.0,74.0,0.0562,65158.0,7925.0,3,2,2
53008d24-d74c-4f42-af62-5f9074f06cf5,2831.0,342.6666666666667,185.0,0.059133333333333336,56820.0,6887.0,6,2,2
53024c43-e6e0-4b7d-bb5d-3cf959b43a4a,4018.0,516.4,176.0,0.05892000000000001,79940.0,8801.0,5,0,0
5304677f-a55e-43f3-8a85-48e075bd45b7,904.3333333333334,68.66666666666667,56.333333333333336,0.0567,18157.0,1983.0,3,0,1
53185d59-615b-4f94-89cf-961ed4eb6215,984.0,100.5,67.5,0.05935,19412.0,8134.0,2,2,1
5319f77e-0cfd-4a39-950d-8c58a5eb708b,1867.857142857143,143.0,84.28571428571429,0.05585714285714286,37516.0,8098.0,7,12,3
5328ca9c-bd5d-4b7a-9a56-08977f79626b,4537.714285714285,489.85714285714283,235.0,0.057628571428571425,91330.0,3478.0,7,0,0
536837d2-81c9-4928-9826-53eaf26ddc45,2084.0,209.33333333333334,122.0,0.05793333333333334,41688.0,8320.0,3,12,3
539f774b-fa00-4fb8-a6d3-c91993067e79,4817.0,374.0,200.5,0.0561,96090.0,8032.0,2,6,0
53a38f0c-0ede-4e26-90fc-e4a11bdc87fc,521.0,66.57142857142857,29.714285714285715,0.06017857142857143,10243.0,8341.0,7,0,1
53a4e9c7-0562-46ed-859a-a6fb69acba97,3249.2,348.2,173.0,0.057999999999999996,65030.0,663.0,5,9,0
53a55a6e-0323-4e2d-af05-49cc743a50a7,654.5,78.5,18.5,0.0584,12861.0,567.0,2,11,3
53c3a421-96b1-467f-95f6-cd9c93436e97,2181.25,225.75,116.5,0.058175,43387.0,7536.0,4,1,2
53cbaacb-bec9-466a-b628-9e56d389ab03,2880.3333333333335,328.3333333333333,192.66666666666666,0.0588,57842.0,4745.0,3,0,2
53f4947d-98ec-40cc-ad5a-ffb16ce95666,4501.333333333333,525.6666666666666,254.83333333333334,0.05910000000000001,89381.0,4128.0,6,1,0
53ff2a0f-55c3-419b-b0f1-a38f5ab02bca,3439.0,176.0,90.0,0.0552,67145.0,9248.0,1,15,3
5408c290-b387-4c75-85d6-829b05dfb95e,1893.5,205.0,174.5,0.0616,36908.0,7900.0,2,9,3
5408c4cf-6124-4746-836f-c086c1a9f281,2992.0,222.0,220.0,0.0583,58890.0,1364.0,1,6,2
5410d7af-e0a3-4b0f-949a-8d368c143a93,4930.0,384.5,235.75,0.05625,98683.0,1929.0,4,15,0
5437dd23-82d5-4c4c-85a8-e4da67322c47,1769.5,185.125,122.625,0.0590375,35173.0,3314.0,8,1,2
5448d3bc-a768-432e-8d86-e3b2ab79a5f5,1177.25,128.0,68.5,0.057999999999999996,23677.0,9860.0,4,3,1
54562e4d-8919-4b94-a745-4736850c3299,2110.5,260.5,81.0,0.0599,40946.0,9349.0,2,15,3
545b7d23-06a7-4caf-aad1-4863c7a2e4e1,3300.4,385.4,218.0,0.05956,65531.0,7706.0,5,0,0
545ebf6c-7790-4570-82c9-86dc0b61e541,2461.2,201.6,169.0,0.058120000000000005,48714.0,7292.0,5,2,2
5465777c-1cbb-4c67-9812-991ae850a963,1645.6666666666667,166.0,86.33333333333333,0.05776666666666667,32849.0,4970.0,3,3,1
5466a87a-3c8b-4f32-b54b-64ef43ec1db0,2982.0,262.3333333333333,161.33333333333334,0.0577,59017.0,1594.0,3,1,2
5478931f-b3fe-4457-b5a0-a5cdbb589968,4098.285714285715,414.14285714285717,215.71428571428572,0.05778571428571429,81827.0,6387.0,7,0,0
54939701-591a-43c6-b684-97e4053caf03,1260.0,126.0,98.33333333333333,0.05786666666666666,25646.0,4846.0,3,4,1
54a1ae27-72a3-4459-830e-cc8c9c13f819,4647.0,469.5,297.0,0.058775,92125.0,2739.0,4,2,0
54a368be-634a-4660-a109-5e1d8f041a84,1193.8,114.6,77.4,0.05936,23346.0,2146.0,5,9,3
54aa8135-a1d6-4fae-b1ad-676813eb457e,3653.75,326.0,226.75,0.058025,72501.0,4664.0,4,0,0
54c1d2f0-43e8-4006-8f32-c19fe4fc7f23,798.75,97.75,41.5,0.0591,15871.0,547.0,4,9,3
54d3af28-5519-4bc2-8b2d-03f0c8c18b19,1549.3333333333333,171.33333333333334,97.16666666666667,0.058499999999999996,31073.0,7033.0,6,13,3
54df9183-caf2-44b3-ba24-2daf2cd64860,4899.333333333333,408.6666666666667,170.0,0.055466666666666664,98752.0,2699.0,3,1,0
54e088f9-0388-438a-9e8a-58c7f0ad62f2,3552.6,403.6,268.0,0.06026,70116.0,3713.0,5,10,0
54ef640e-02a3-4f65-af28-74c6bb352221,3346.0,339.5,277.0,0.059899999999999995,66136.0,7723.0,2,1,0
5506e139-558a-48c7-86de-93b5aee684a1,1116.857142857143,127.28571428571429,72.71428571428571,0.058428571428571434,22539.0,9964.0,7,9,3
5513fe7d-7141-4283-bf90-f9d8a5726d44,3254.5,301.5,68.5,0.05375,67459.0,7861.0,2,1,2
55223af2-7f6a-4e7f-adad-06a9f6e61e49,2657.8,260.8,166.0,0.05824,52953.0,7458.0,5,5,2
555ff223-8f25-4f1e-b770-543347707470,3570.6666666666665,412.3333333333333,153.0,0.05776666666666667,71596.0,1730.0,3,2,2
55730a15-9cc2-44f5-9e77-dd45136f1143,47.5,4.0,3.5,0.06252500000000001,861.0,2173.0,2,5,1
55758e86-e70e-4cc9-96a2-2b3a73a6d1b6,2834.8333333333335,290.6666666666667,170.33333333333334,0.05755,57255.0,3213.0,6,14,3
55768611-526f-495e-a91d-e31b7884745c,4270.5,463.5,277.5,0.0579,86538.0,6769.0,2,0,0
558de085-f045-4597-ad8d-e684cf5ab5f3,4925.0,497.3333333333333,245.33333333333334,0.05833333333333333,97184.0,7866.0,3,0,0
55a9bd63-b392-4ba4-937f-b32d6efb6c85,437.0,43.333333333333336,25.0,0.056666666666666664,8922.0,7053.0,3,4,1
55be11b4-d455-4d2d-9982-71871088fb29,2990.6666666666665,260.6666666666667,109.0,0.056299999999999996,59668.0,9793.0,3,1,2
55c6957c-8acd-4d50-933e-85b9d9d4e592,1945.5,197.5,99.0,0.05755,38962.0,6951.0,2,10,3
55db96de-ab57-49e2-bbea-b35250c2d6e7,2882.5,322.0,145.5,0.0593,56520.0,1665.0,2,9,2
55ec3a76-d783-4ff3-998f-296dcf3a3755,4286.4,487.2,238.0,0.05836,85866.0,2675.0,5,1,0
560b7d2b-b34b-4a40-9e21-91788b97f300,4472.5,503.1666666666667,275.6666666666667,0.05806666666666666,90441.0,2257.0,6,5,0
560bb8ad-8067-498a-987a-afcf2ff90391,2325.5,181.5,93.5,0.05615,46329.0,856.0,2,5,2
5618823c-1fae-42f6-9f0d-8b4cdc07503b,2581.3333333333335,227.16666666666666,186.16666666666666,0.058850000000000006,50889.0,8201.0,6,0,2
561ab953-4252-4648-bedc-00571a20a2ea,2382.0,284.0,29.5,0.0562,47950.0,541.0,2,4,2
5633fa37-91a7-4b41-a16a-348613eee6a2,2075.8571428571427,244.57142857142858,160.0,0.05944285714285714,41718.0,633.0,7,0,2
5644de2a-b7c2-4fe3-aeab-392ce50799e7,4823.4,489.2,267.8,0.05786,96446.0,5536.0,5,1,0
564b569e-9e9e-4221-a609-dbe383def53b,170.0,19.0,11.0,0.058600000000000006,3413.0,6954.0,3,2,1
565589a3-62eb-4e66-9bba-ee5622bd4404,1847.6,253.6,87.0,0.05932,36874.0,9567.0,5,8,3
565662ce-3669-48b8-ac9a-41108e48f1ef,4071.2,420.2,215.8,0.05774,81517.0,9990.0,5,12,0
565dbf48-b08e-4439-8f3b-d5e0aaa6f774,830.5,85.5,44.0,0.0579,16583.0,7837.0,2,4,1
5665a7a3-192b-4548-a07b-67503bbad5dc,683.5,71.5,38.5,0.06,13226.0,5624.0,2,5,1
5675c6eb-0ab9-4834-b81b-47fb4d568d9d,2667.6666666666665,304.3333333333333,154.5,0.05793333333333334,53956.0,8005.0,6,6,2
567888ba-18eb-4b32-ae2a-e8758b8e4ea6,3923.75,296.0,161.75,0.055224999999999996,79344.0,2552.0,4,3,2
5680a906-5596-47af-9e05-5c98ef3bd6cf,1509.142857142857,162.85714285714286,79.42857142857143,0.05901428571428572,29679.0,910.0,7,14,3
5685d4eb-6899-4b7f-96ae-fd44bc7e6b04,4874.666666666667,602.0,396.1666666666667,0.0607,96731.0,6978.0,3,0,0
568ce85e-043a-424e-91f6-c49cccc0ecca,3983.75,365.75,242.5,0.058050000000000004,79107.0,4712.0,4,3,0
56cdca59-b50b-4cda-9520-57e99ff61840,567.3333333333334,54.333333333333336,23.666666666666668,0.05756666666666666,11208.0,5181.0,3,4,1
56d1e3dc-8e4c-4aad-9036-6bf3014248ae,933.3333333333334,82.11111111111111,50.0,0.056244444444444444,18937.0,6004.0,9,15,3
56e037db-a34f-4c69-a606-0dfb2a1822f7,1573.6666666666667,171.33333333333334,47.333333333333336,0.05653333333333333,31717.0,4052.0,3,9,3
56ed4e4b-ecfb-4206-bc1a-974714a60ed1,3922.6666666666665,403.0,264.0,0.05826666666666667,78775.0,8186.0,3,2,0
56f5b5dc-4fad-4317-b137-9e2707bd5193,2546.2,277.0,133.7,0.058499999999999996,50549.0,8860.0,10,5,2
56f621ea-5b2b-4c23-8c1f-db91cc881f22,4036.6,464.2,327.0,0.05988,80633.0,1031.0,5,12,0
57135412-3747-422a-b624-737a8cf03bf2,2844.0,296.3333333333333,176.0,0.057100000000000005,58067.0,2848.0,3,5,2
5723b853-579c-4d6e-acf7-b9b06958c882,3365.0,359.0,114.0,0.0572,67068.0,6315.0,1,15,3
57248277-39ac-4c96-9a99-240344c42725,353.25,41.25,19.5,0.060625,6829.0,1220.0,4,1,1
57264cc3-be5c-4a8a-92a0-88895c69f743,3734.1666666666665,413.8333333333333,204.33333333333334,0.05868333333333334,74148.0,5219.0,6,2,0
57278b38-cdaf-4b6a-b107-4a59258e43bd,2516.1666666666665,265.8333333333333,158.33333333333334,0.05906666666666666,49764.0,1057.0,6,0,2
573176ce-5258-401c-acb4-cc9e2eaac21c,3696.0,376.3333333333333,170.66666666666666,0.05786666666666667,73284.0,7237.0,3,0,2
5731cad2-4893-46d9-957b-f5026a9827e1,4835.333333333333,539.3333333333334,312.1666666666667,0.05896666666666667,96498.0,362.0,3,9,0
5732f929-a175-44ff-8f2e-9e19d0f76f2b,1895.0,187.0,110.0,0.0553,39653.0,7141.0,2,8,3
5736c917-17c8-49a0-aa78-223222179f09,2288.4285714285716,249.0,130.85714285714286,0.05727142857142857,46588.0,1119.0,7,6,2
574c02da-1a8b-4657-94a0-f92adcf222e2,1075.625,103.75,63.625,0.058075,21402.0,1478.0,8,1,1
574ce3b6-b382-4945-87c7-09189b28d59c,4000.0,240.5,308.5,0.057050000000000003,79792.0,5413.0,2,9,0
5767c921-b185-4dd1-8238-b0bcb5d55aea,4552.666666666667,506.6666666666667,130.66666666666666,0.056333333333333326,92113.0,9347.0,3,0,0
576f1cdf-c651-4148-8915-66a1a9bc0bcc,4715.6,495.8,246.4,0.05836,93478.0,2513.0,5,5,0
577d65e5-eec9-4629-b449-5a432b3f14f9,651.6,70.4,23.6,0.056499999999999995,13190.0,3572.0,5,1,1
577f1c44-8ddd-4fac-9524-2496de7cfdc7,185.2,20.4,6.0,0.05901000000000001,3554.0,3637.0,5,14,3
5789e940-5d7d-4ba5-b6c9-b8006712630f,2953.25,252.0,201.25,0.0584,58349.0,4359.0,4,4,2
578c1b80-e040-4abf-8399-5881a321217f,1996.0,226.75,98.0,0.05795,40065.0,2831.0,4,0,2
578dc696-3e0e-4c1c-8f19-cac116a08fb5,2517.0,218.14285714285714,105.42857142857143,0.05581428571428571,50879.0,9845.0,7,0,2
5791880a-4a23-451d-a3d9-f1b86b2e8267,4143.0,543.0,242.0,0.0601,81971.0,1417.0,1,4,0
579b18c8-6756-4e58-88ba-149890f1d2cd,3812.75,370.625,236.375,0.0579875,76215.0,3231.0,8,0,0
57a0c29e-9203-4251-975f-ecd4fe28779d,1380.5555555555557,109.44444444444444,85.11111111111111,0.056544444444444446,27859.0,6850.0,9,3,1
57d32e1a-235f-4d2a-9768-e48ac8446c99,4666.666666666667,528.0,229.66666666666666,0.058100000000000006,93332.0,2485.0,3,4,0
57e52a58-d6c8-4126-98d7-ec87f3af250c,892.3333333333334,83.0,37.0,0.05846666666666667,17308.0,8270.0,3,2,1
57e5afdf-44e0-4cda-904a-8cda79ede7e6,1391.0,119.0,80.0,0.058300000000000005,27276.0,7887.0,2,8,3
57faf760-e6c5-4a19-9cfe-7ed353fc7ec6,3354.285714285714,361.7142857142857,178.0,0.05794285714285714,67212.0,7896.0,7,2,2
580aee15-60f7-4cc9-a5e2-65735e7a1163,3097.6,271.6,97.6,0.055920000000000004,61979.0,622.0,5,11,3
5811ece5-838f-4436-8c73-386efb4791fc,4350.8,457.2,269.4,0.05828,87126.0,7803.0,5,3,0
5814ee5a-b2b5-41e6-b5f7-31d74d4e114a,1892.75,242.75,108.0,0.05915,37936.0,9317.0,4,3,2
5820842a-da8c-498a-9b23-85fbe8a1f649,1888.1666666666667,186.5,67.66666666666667,0.0572,37460.0,357.0,6,2,2
582100e4-7651-4b95-8e01-5af3983e0ad6,4470.0,291.0,397.0,0.058,88967.0,5097.0,1,2,0
582522d2-64ec-4fda-ab5b-7b8c5cd67b0d,3237.0,251.0,71.0,0.0542,65664.0,6450.0,1,4,2
584851db-f995-4904-ab4d-0eb53ee67dfd,4366.833333333333,315.8333333333333,264.9166666666667,0.05648333333333333,87628.0,5076.0,6,0,0
584acea3-cd00-4d37-ad2f-609f273c19f0,2529.5,210.0,126.5,0.0576,49755.0,2508.0,2,12,3
584e437a-9869-4186-ac82-0af2e3446c19,4065.5,328.5,234.0,0.056749999999999995,81546.0,5121.0,2,7,0
584f8111-2730-44c7-96d3-6999f6dd6705,3565.5,445.5,244.0,0.0583,73018.0,2584.0,2,3,0
585010ed-b16e-4dd7-96d7-fa3ade4b8b89,2780.0,306.3333333333333,107.66666666666667,0.0573,55741.0,2218.0,3,0,2
5860d2e2-9b3b-4699-baf8-c3d5a918628b,3734.2,418.6,215.8,0.05728,76262.0,9818.0,5,7,0
5867096c-110d-4a08-a16c-40e613a90fb5,3562.5714285714284,364.0,237.28571428571428,0.058871428571428575,70717.0,5564.0,7,0,0
5885c6da-8db7-4ee3-ad70-4d692095f0d2,1017.5,124.75,39.75,0.058625,20156.0,8566.0,4,6,1
589217ca-754f-435d-87f8-c872687d4d03,4462.666666666667,478.0,226.33333333333334,0.05773333333333333,89483.0,9102.0,3,8,0
58b1308a-51e6-4d10-a4c3-6f83eabf41fd,4656.0,494.4,322.4,0.058699999999999995,93268.0,3745.0,5,1,0
58c33d9e-e500-439e-bbf4-fe827afbbcc3,296.0,33.0,12.0,0.0598,5702.0,1295.0,1,5,1
58f510a6-b034-4e5f-ab02-6150d0b5cc49,4904.0,540.0,264.3333333333333,0.0573,99623.0,1582.0,3,6,0
58fd1530-f52e-4258-8925-5db86a9bad38,2796.0,384.5,165.0,0.060475,55317.0,4384.0,4,2,2
59000fce-a9bd-432d-8217-a21964187868,203.2,19.4,11.6,0.05763,4026.0,497.0,5,5,1
590a5a44-9ce4-46cc-9db0-d59e274f387e,3765.0,337.0,175.0,0.05685,75232.0,8387.0,4,1,2
591a5ee2-2adf-45ad-97d2-85eab9d2b358,4797.2,468.8,225.1,0.05664,96978.0,8331.0,5,15,0
591fd25c-5c64-4a72-8d23-c878791c94de,2723.6666666666665,268.5,154.0,0.057600000000000005,54623.0,5214.0,6,0,2
592b075a-9598-4b47-827b-2509e8248075,4808.0,484.0,181.5,0.05665,96592.0,5412.0,2,8,0
592e07f8-6375-4306-a4fd-507508cf0c18,3309.875,295.75,156.0,0.0567,66319.0,1835.0,8,1,2
594740a7-abf0-4409-93d0-235aeaa3abca,3817.75,311.5,274.25,0.05835,75484.0,9636.0,4,0,0
5954e777-c613-4113-bd44-1e5d02f72f7b,3063.4,296.2,140.8,0.05674,61709.0,1120.0,5,11,3
59556750-7443-4f80-9f65-fbd16fc41831,511.7142857142857,47.42857142857143,21.857142857142858,0.05575714285714285,10422.0,3844.0,7,10,3
595ddcfc-bd57-4562-90d4-1dc2c2666420,4495.5,460.5,282.75,0.058125,90127.0,3278.0,4,10,0
596d7ab1-4947-4cda-8a96-f905866f8e0f,899.5,98.75,65.0,0.060074999999999996,17703.0,7913.0,4,14,3
596e9314-2d32-4d3f-a305-de7e99a41fc6,180.33333333333334,20.0,10.333333333333334,0.0609,3461.0,931.0,3,7,1
598bcd53-24b6-4f85-b4da-c0edb64e7017,301.0,30.0,3.0,0.0577,5793.0,7078.0,1,6,1
598d03d5-435d-48e0-af44-cb37afde5dc9,4136.0,348.5,333.5,0.05815,82876.0,6161.0,2,0,0
5994ed63-55ef-4355-8d2b-610dca4c9601,1027.5,125.0,68.0,0.059,20685.0,9093.0,2,11,3
59a9035c-4291-4278-8bfe-dc7997fa48ee,4480.0,444.0,221.16666666666666,0.05723333333333333,89916.0,3922.0,6,4,0
59c7b1d7-1922-4047-82a1-e62325d2247a,4241.0,562.5,190.5,0.059225,84311.0,1837.0,4,0,0
59df9e07-d331-493e-9fbf-ee257f8dc7da,2371.8,266.0,141.6,0.05926,46910.0,3892.0,5,1,2
59e7029c-6740-4a67-8d7a-29928a494243,1981.0,143.0,114.0,0.05595,39982.0,6599.0,2,0,2
59f99672-652e-43b1-bc9b-a1cefc03bea9,4319.875,447.5,267.375,0.0585125,86029.0,3778.0,8,2,0
59fe5128-7b2b-4bfe-8d0b-74663926d62e,1836.5,213.5,77.0,0.056499999999999995,37654.0,9848.0,2,10,3
59ff0f66-3006-4bf6-96ed-5b251787620a,1378.6,126.6,87.6,0.059140000000000005,26938.0,3704.0,5,2,1
5a053d29-917d-4db7-9e87-28511d2757f6,3809.6,374.8,134.8,0.05676,76092.0,4525.0,5,0,2
5a10f9a5-bf2b-4e59-85ac-f32c5ee74b93,879.3333333333334,88.33333333333333,45.666666666666664,0.055933333333333335,18112.0,9872.0,3,3,1
5a11abd5-d541-4780-ae76-b46b7ba765f5,4948.0,433.3333333333333,171.66666666666666,0.055799999999999995,99552.0,5425.0,3,10,0
5a1f3d49-ae9f-4e58-b40b-147c564036c7,2130.3333333333335,227.0,115.33333333333333,0.0593,41692.0,4769.0,3,1,2
5a20d5e3-e20a-43f8-ad5d-78a16ce15a95,4176.0,344.5,196.0,0.0568,83028.0,9449.0,2,4,0
5a2cac5b-d455-4170-aba2-9d4aaabdabe0,4098.2,415.4,216.4,0.0586,80702.0,1140.0,5,3,0
5a5a6846-9f74-4438-bf38-a5b59ede6a1f,4805.5,458.5,201.5,0.0568,96249.0,2209.0,2,3,0
5a5d8024-8e49-4ebb-94a9-2470698bb8ec,2019.3333333333333,169.33333333333334,96.66666666666667,0.05683333333333334,40212.0,6991.0,3,3,2
5a5e3d1d-9325-4b09-85f0-212ade787ee2,381.14285714285717,41.142857142857146,16.571428571428573,0.058942857142857144,7445.0,1219.0,7,6,1
5a6c9055-3923-4e4f-b50c-8bb1e78cceef,1929.0,191.0,103.0,0.0586,37958.0,5204.0,2,2,2
5a734131-0340-4a99-af94-d280daf162b5,4554.0,320.0,238.0,0.0553,92440.0,2753.0,5,11,0
5a823f86-e8ea-4717-973f-098eb976f13e,1046.5,100.5,45.5,0.05915,20160.0,8957.0,2,0,1
5a9345ce-18cc-4daa-8151-480b63f3bdba,2226.5,281.5,94.5,0.05905,44082.0,6017.0,2,9,3
5a99f60b-2780-4e6e-86a6-2d54c4e896b4,1710.3333333333333,137.0,58.0,0.05553333333333333,34300.0,2128.0,3,5,1
5a9e12fe-34bf-45bc-8044-82d2979af755,3330.0,262.8333333333333,183.83333333333334,0.05648333333333333,66866.0,6397.0,6,3,2
5ab088c4-3343-4fd8-a522-0dd1ce8e48f7,672.0,66.75,44.0,0.0593,13200.0,4211.0,4,1,1
5ab2c2a1-b66b-4769-90b6-8503f476be28,826.5,86.5,65.5,0.060575000000000004,16156.0,4368.0,4,1,1
5ab9190a-011c-4d7c-b60f-dcb7b8ac213a,3444.0,431.5,289.0,0.0595,69989.0,4849.0,2,5,0
5ac127b2-1502-4331-ad87-0430698e5e7a,3458.2,293.4,248.6,0.057120000000000004,70042.0,4950.0,5,6,0
5acce39c-c4d0-4b57-bbd7-f07d1ff34341,3635.375,341.125,201.125,0.0581,71920.0,6338.0,8,0,2
5acf0d5e-e026-4c1a-940d-0e6f34e8dfb6,4836.0,388.25,163.25,0.05495,98081.0,7695.0,4,4,0
5ad40c24-93db-4dea-bd44-05f2b3218602,2819.714285714286,272.7142857142857,174.42857142857142,0.058499999999999996,55858.0,5409.0,7,1,2
5adf3843-7db5-454a-b794-adfd6d37f8f5,99.85714285714286,10.142857142857142,3.2857142857142856,0.054157142857142855,2127.0,817.0,7,7,1
5b0afcfa-502d-4481-b6d2-ad0923a6f49a,2931.5,290.0,108.5,0.05641666666666667,59029.0,1636.0,6,0,2
5b0afeb7-63cb-4d51-900c-943b356f8a37,3779.5,471.5,216.0,0.0595,75072.0,9242.0,2,1,0
5b0bb62c-c8cd-4a34-8575-2c4624689c1a,3699.0,339.0,285.0,0.0572,75627.0,9756.0,1,10,0
5b0e9457-82ce-45d0-ae21-4a18faa96664,4778.333333333333,451.6666666666667,294.6666666666667,0.05806666666666666,95140.0,8577.0,3,4,0
5b107ac5-6b84-4172-8290-d05aff7106db,768.0,77.33333333333333,25.666666666666668,0.05745,15160.0,7290.0,6,12,3
5b264d3f-5807-4384-b07b-445f9e12df70,2125.0,200.5,127.25,0.056925,43082.0,1612.0,4,1,2
5b27eb8b-9421-4bc3-b8fe-16ac37b9c4ef,874.25,91.25,56.125,0.05805,17600.0,3655.0,8,5,1
5b596efd-7d49-475d-a118-77695079fba2,1296.3333333333333,157.33333333333334,82.66666666666667,0.0587,26177.0,8871.0,3,2,1
5b70ef90-490f-41b0-a3d9-9e4141433a88,571.8,62.4,27.8,0.05928,11167.0,745.0,5,7,1
5b74a631-cf4c-404c-8b55-912d5eb18128,3210.0,297.0,166.5,0.05815,63160.0,8789.0,2,0,2
5b7b4cd1-88bf-4541-b559-a3d218f1f4c6,2854.0,325.0,153.0,0.0572,58215.0,5992.0,1,14,3
5b7bcc72-d491-4c0b-afc2-143036b9e459,1502.2,156.2,94.2,0.05708,30709.0,6132.0,5,2,1
5b829a57-8f30-4f2b-8cdc-bdac8476a3f3,1616.25,163.25,53.75,0.056275000000000006,32572.0,8426.0,4,5,1
5b8e0b7a-992a-4a6a-8c7f-a7c3e6bdd283,3010.0,190.66666666666666,271.3333333333333,0.0583,59550.0,1050.0,3,0,2
5ba9fa0b-e5b0-46fd-ab08-edcbe3758728,123.0,11.5,8.5,0.0582125,2414.0,1539.0,4,2,1
5bb5dc36-0655-4ca6-b9d5-8fa201d9d19a,3718.0,400.0,107.0,0.05685,74344.0,4933.0,2,9,0
5bb6e1cc-59aa-4344-890a-d826a93d035c,2633.25,241.0,104.0,0.056675,52536.0,694.0,4,15,3
5bcf3cd7-58d7-4428-85e0-b2b6910a0e8b,2197.2,230.0,120.6,0.0581,43841.0,5216.0,5,6,2
5bd211a2-9719-486d-8e3a-c0f56af87e51,4943.0,450.8,210.6,0.056940000000000004,98426.0,937.0,5,2,0
5bd74c62-db6b-4a09-a913-98eb98bbabb0,3753.625,394.75,148.0,0.0572875,74990.0,4220.0,8,1,2
5bdd6566-710c-46a6-9df9-f7fa4e49865a,4272.0,331.75,236.0,0.056749999999999995,85272.0,384.0,4,2,0
5bde6742-9e97-4f0f-83b3-180b44260cbb,2848.2,230.8,82.8,0.0561,56361.0,5830.0,5,3,2
5bec98d1-6dbb-492e-83f7-85b43f456ffb,929.0,100.0,23.0,0.056466666666666665,18631.0,3135.0,3,5,1
5c01c81f-015a-459d-83ad-d7ae963cb112,3536.8333333333335,348.3333333333333,183.5,0.05731666666666666,70986.0,3362.0,6,2,2
5c052d26-4b7e-45ef-80f7-5856ef50e800,1390.25,153.5,70.5,0.0587,27513.0,3628.0,4,0,1
5c12dc68-820d-494a-a1e1-8079dfc3f4f6,2135.6,211.2,113.6,0.0571,43092.0,1085.0,5,2,2
5c1aacee-413e-42a2-abb9-6042b7849729,3784.4,417.6,226.4,0.05898,75063.0,4897.0,5,1,0
5c1e86d5-8142-4d69-92a1-5556485f77e5,1955.75,152.0,114.0,0.057175000000000004,38845.0,6678.0,4,1,2
5c2335c0-cb3c-4bae-bcfe-531241df5cf0,3642.6666666666665,416.8333333333333,252.33333333333334,0.058916666666666666,73203.0,2968.0,6,1,0
5c3f66cc-b648-4494-8808-9e67248d61d9,1603.2222222222222,173.77777777777777,89.22222222222223,0.0579,32227.0,3177.0,9,4,1
5c4a1fab-88ab-4525-a19b-f3f268a28ba2,3425.75,292.0,120.5,0.05635,68139.0,1610.0,4,1,2
5c4a9d27-ca8a-4e2a-82ae-0f2fc2599ae4,4326.333333333333,398.0,269.3333333333333,0.0577,86561.0,7124.0,3,2,0
5c67ca54-31a0-4d77-a5f8-f6a2b42a8883,607.5,56.0,39.5,0.05785,12151.0,3545.0,2,6,1
5c8105d2-ece2-4f8c-928c-3c43f5dd1a0f,2469.6666666666665,253.66666666666666,142.0,0.0562,50960.0,6676.0,3,2,2
5c90dd2b-f66a-4db4-9ec0-1422be24c693,2478.6666666666665,248.66666666666666,154.66666666666666,0.05776666666666667,49892.0,6741.0,3,4,2
5ca58304-8652-497c-8290-36ad1e4b98f0,2332.6666666666665,202.66666666666666,63.666666666666664,0.05636666666666667,46113.0,497.0,3,4,2
5cc4eebb-7275-4214-9886-6f0a74697788,28.2,2.2,0.6,0.05746,541.0,5413.0,5,0,1
5cca4895-d141-447d-9244-3da6a7ea2c46,4438.166666666667,444.1666666666667,268.4166666666667,0.05845,88139.0,7227.0,6,9,0
5ccdc40d-a625-4b2f-b545-813d2113bb05,3935.5,534.5,231.0,0.0597,78725.0,6416.0,2,5,0
5cd0ef9a-6464-48e0-9c9e-44933b54cbcd,4842.75,489.5,237.75,0.057112500000000004,97540.0,8124.0,8,15,0
5cd9e29e-8414-4171-a5dc-01c84120c5e7,2014.0,156.0,33.0,0.0541,40748.0,6199.0,1,2,1
5ce18654-2311-4dcf-b1f6-3eb1ecb87723,2238.2,240.6,146.8,0.05854,44852.0,3696.0,5,1,2
5d10df12-84c9-40de-b3c5-80a5b8a20ec7,2934.0,255.0,148.83333333333334,0.05705,58514.0,8625.0,6,5,2
5d12d752-e786-4e3a-b1f9-7f5746294fe8,1075.0,130.66666666666666,62.0,0.06018333333333333,20682.0,7283.0,3,7,3
5d19e3dd-58bc-4a0d-af22-2faae16856c1,2148.0,203.0,124.0,0.057499999999999996,43036.0,1432.0,4,0,2
5d1be839-fa6f-41df-9230-443e46439b3d,371.5,42.0,32.0,0.06015,7405.0,8155.0,2,2,1
5d1dac40-a794-4aec-a668-4aa253f6e0b4,594.5,65.0,44.0,0.061149999999999996,11500.0,5923.0,2,9,3
5d1e487a-845c-4451-87f8-2f2dee2fe8c9,839.3333333333334,76.33333333333333,50.333333333333336,0.057600000000000005,16775.0,2908.0,3,11,3
5d28b93c-f237-4e9c-b6b1-2b1b773e9a3c,3219.0,376.0,95.0,0.0574,64319.0,9066.0,1,4,2
5d52758b-8e1e-4a96-a69e-cbdca795a03f,2618.5714285714284,302.57142857142856,96.42857142857143,0.05715714285714286,52794.0,1556.0,7,2,2
5d5fade3-0c80-40ef-99aa-0a29a37f6e8d,960.6666666666666,92.66666666666667,55.0,0.057100000000000005,19413.0,4061.0,3,2,1
5d7fd7de-1216-4ea0-8f8f-f5bc12237bb5,4277.0,395.0,189.5,0.05685,85499.0,4966.0,2,5,0
5d870bd3-c8a4-468e-a7c6-c11c888f750e,3845.6666666666665,389.3333333333333,91.66666666666667,0.05623333333333334,76933.0,6635.0,3,9,0
5d9bd251-30e6-4df8-9e14-77da620b8de6,4225.5,433.0,227.5,0.057125,85519.0,7059.0,4,12,0
5db0c702-46c3-486f-b1a2-30de30c6ac58,1750.6,215.2,82.2,0.05898,34731.0,3552.0,5,0,2
5db9230b-492d-4242-b19c-f3a0def9ba1b,3064.0,284.6666666666667,177.16666666666666,0.057100000000000005,61754.0,3922.0,6,1,2
5db952fe-f7c1-4970-84a3-10369e9e2949,1723.0,157.5,110.83333333333333,0.05723333333333333,34788.0,9423.0,6,3,1
5de050b5-1ef8-4c9c-b06a-ce7c7c262d49,2734.6,261.0,242.6,0.05944000000000001,54487.0,6406.0,5,7,2
5e00984e-44eb-4f4d-81d7-ac4f9d7c9308,4077.5,357.3333333333333,175.16666666666666,0.05691666666666667,81004.0,5865.0,6,2,0
5e0f77b4-dcc5-443c-b510-0a0afb238b06,320.3333333333333,25.666666666666668,18.666666666666668,0.05503333333333333,6628.0,2880.0,3,6,1
5e1395e2-f688-4ad0-9d22-7dbcd49db854,1639.0,228.0,47.0,0.0606,31571.0,7525.0,1,8,3
5e18b037-02ad-4361-8e3c-6ddc52eb9a04,2646.0,208.75,163.5,0.057749999999999996,52266.0,1472.0,4,3,2
5e261273-c351-4aec-a80c-51694f66c54b,4460.636363636364,458.8181818181818,220.0909090909091,0.05787272727272728,88824.0,5222.0,11,7,0
5e2ec18c-afc2-4433-961f-fb6e98ac2522,3836.2,445.4,187.0,0.059019999999999996,75723.0,7934.0,5,0,0
5e402295-0271-44c4-b9fc-f2cf0d97a4ad,2380.0,342.0,234.0,0.0634,46644.0,8413.0,1,15,3
5e43d605-5367-476d-ac9d-b3f586c08beb,4386.5,485.5,277.0,0.05835,88260.0,1360.0,2,0,0
5e478bdc-1c5d-4177-95dc-31281db702de,572.0,60.75,25.5,0.059525,11056.0,4537.0,4,2,1
5e51fc9b-0050-4a4e-9948-06eb98554679,906.25,92.0,49.75,0.05795,18080.0,5746.0,4,0,1
5e52c4b1-e2b4-4c91-b07a-99e3c63b19ca,4720.0,451.0,300.0,0.05785,94610.0,9887.0,2,2,0
5e569c21-06ef-4f16-a3df-f9d4d30f6833,220.5,17.0,12.75,0.0583125,4265.0,3632.0,4,12,3
5e57a8d6-d18d-45eb-8483-ec9a65d3037c,3012.5714285714284,323.0,150.14285714285714,0.05795714285714286,60136.0,120.0,7,15,3
5e5b8d12-d774-4664-a1dc-191c40849323,4733.571428571428,489.7142857142857,213.21428571428572,0.057114285714285715,95177.0,4155.0,7,1,0
5e5fa1ed-368c-4e76-a6b5-906244d8fd91,4000.8,412.8,284.0,0.05848,80322.0,4984.0,5,12,0
5e60b226-adcb-4d3d-9be8-6f457e655ce3,857.3333333333334,83.5,60.166666666666664,0.05834999999999999,17149.0,876.0,6,6,1
5e899e28-099a-4741-8f8d-f43c51c9e4e6,1073.0,102.0,50.333333333333336,0.05723333333333334,21399.0,456.0,3,1,1
5ea85eb0-ce3c-4327-b7c2-1a3681328b42,4049.3333333333335,453.3333333333333,277.0,0.05936666666666667,80486.0,2167.0,3,5,0
5ebb683e-f772-4296-91c9-81a9f667b958,1864.8,160.6,130.8,0.056600000000000004,38097.0,7305.0,5,8,3
5ec67369-485a-40f8-be99-d930dfb3b758,2888.0,270.6,222.4,0.058899999999999994,57405.0,5408.0,5,12,3
5ee0064c-8d80-4d2d-8cca-a073ab54bd3a,1699.6666666666667,168.66666666666666,82.66666666666667,0.057466666666666666,33959.0,5084.0,3,4,1
5ee6b62b-7345-482c-af07-737d6ac1764f,3322.6666666666665,323.0,177.0,0.05783333333333333,66087.0,5729.0,3,0,2
5ef901c6-1312-4947-899c-3d3112c89838,1408.8,143.4,85.2,0.058399999999999994,28046.0,631.0,5,1,1
5f0c1582-39b8-4490-b2fb-60d7f0515b82,439.5,49.75,25.0,0.056275,9140.0,4216.0,4,6,1
5f146cdf-8c70-495b-b7bf-a9714567bd1f,915.0,114.5,60.75,0.060275,18087.0,8664.0,4,1,1
5f23a505-c722-46c6-b18f-6cad0f9caa91,364.0,22.0,19.0,0.0563,7194.0,724.0,1,2,1
5f377a0a-1d98-44cb-8aeb-bcb7f9e0e247,4239.8,429.8,271.2,0.05789999999999999,85336.0,8029.0,5,7,0
5f3f4d25-5059-41f5-9a41-1c84d2d1f2fd,2458.2,182.0,131.6,0.05628,49240.0,7070.0,5,0,2
5f5bdd1b-d514-4f83-bc6c-f79b96d56d1b,3296.0,429.0,42.0,0.0553,68117.0,9203.0,1,4,2
5f6738b2-7338-4c35-b22a-de0bd25c852f,2669.5,260.5,134.0,0.05595,54780.0,6616.0,2,8,2
5f75daa7-7173-4137-88c5-bbf923a5eb7d,3906.0,461.25,195.75,0.058425000000000005,78112.0,5202.0,4,11,0
5f81057f-9e42-4451-a70d-2194e9b1abc5,3808.5,432.0,265.5,0.06,75125.0,7425.0,2,1,0
5f8982d3-96d5-4c77-8ee4-506eb6e43032,1287.75,139.0,69.5,0.0601125,24844.0,3044.0,4,0,1
5f953227-413e-4457-8d9f-c4315d051b6a,1319.0,132.0,14.0,0.0546,26807.0,470.0,1,15,3
5fb3b2b6-fe31-4a30-a714-590139bee477,1387.25,151.25,75.75,0.0582,27737.0,940.0,4,4,1
5fb56613-f5dc-48ac-aa7d-dcf308514d43,743.8571428571429,77.14285714285714,41.142857142857146,0.057999999999999996,14864.0,7568.0,7,6,1
5fc9d1d4-d7b3-48fd-9d22-f69259f1fc5c,3293.5,278.0,244.0,0.058375,65388.0,5434.0,4,0,2
5fca8072-25ff-4460-bbba-9cfb8ac1eabb,2129.6,164.2,63.4,0.05512,42761.0,9764.0,5,5,2
5fd30cc6-88ba-41d3-9941-8555f8464f73,3899.6666666666665,406.8333333333333,233.33333333333334,0.0583,77910.0,290.0,6,5,0
5fd4e52a-52bc-46bf-bfbb-ed9cf78eebcc,1766.25,207.75,120.5,0.058175000000000004,35999.0,2803.0,4,2,2
5fd837f0-fa30-4758-954d-4072d1a9cee7,626.6,63.1,30.3,0.05750999999999999,12519.0,362.0,10,7,1
5fef33cd-2755-42ba-9905-9feb2f932e70,3565.0,427.0,258.0,0.06,70828.0,5202.0,2,12,0
5ff09417-f14c-4496-82f6-a24f6c2094c1,630.0,44.0,7.0,0.0536,12716.0,1142.0,1,14,3
5ff2be96-4e16-43c2-a2b1-6dbf0e5a0f9f,1147.5,145.0,45.25,0.058,23068.0,1599.0,8,0,1
5ffe87c0-9a7c-4ea6-8021-981b43b6d392,1847.857142857143,150.28571428571428,123.57142857142857,0.057485714285714286,36911.0,3476.0,7,11,3
5ffeffea-ab2b-4713-bfd1-995cf6cda9b5,182.28571428571428,18.0,11.0,0.05583571428571429,3780.0,2257.0,7,2,1
6003b083-0c63-4586-a856-1979c176dd3b,2821.6,297.0,175.2,0.05876,56074.0,4304.0,5,0,2
601182d3-2cb8-4ec1-b69b-49545aeba420,203.33333333333334,26.0,15.0,0.05993333333333333,4076.0,8857.0,3,1,1
60141f44-653e-4de6-948a-4bccc029edb4,882.8,80.0,38.8,0.05599,17881.0,6128.0,5,11,3
60402e13-319a-466e-9fdb-348c095d8b4d,1545.25,123.75,81.0,0.056375,31038.0,8246.0,4,3,1
606c5254-1563-4cfb-b28c-cb0b6ce646c4,2532.8333333333335,238.33333333333334,150.83333333333334,0.057999999999999996,50385.0,5497.0,6,1,2
607386f2-db55-405a-a272-da4d7bb7951f,381.6666666666667,38.0,25.0,0.05703333333333333,7794.0,522.0,3,4,1
6075c5c3-ea25-4340-8531-deb24f8d0b9f,4490.25,447.25,256.375,0.058175,89335.0,685.0,4,1,0
607aebaa-4a6b-4836-adb4-af02ccfacd5a,2905.8,237.0,124.0,0.055979999999999995,58346.0,8225.0,5,1,2
60962f32-f5d0-42cd-b710-55a2f9b716de,3406.6666666666665,304.0,239.0,0.059199999999999996,66716.0,1193.0,3,0,2
60aff1d9-fb92-4951-8a57-e079726bde87,3711.6666666666665,308.0,230.66666666666666,0.057066666666666675,74481.0,6819.0,3,3,0
60b06aca-d9b8-42d2-b773-12d7c6a9bd94,1981.25,215.25,125.75,0.05865,39596.0,3905.0,4,0,2
60b268d1-9c38-4fb7-b8ee-69207698fcee,4476.0,541.3333333333334,262.3333333333333,0.05886666666666667,89647.0,7885.0,3,3,0
60b3cfa1-e75d-457d-8262-1590d1229566,3273.5,332.0,272.0,0.05985,64768.0,7323.0,2,6,0
60cc3c63-6cff-4062-99ee-71c6d9e902b6,3258.0,225.5,246.5,0.05665,65800.0,4271.0,2,6,2
60cf9c88-a044-4627-b145-0cf34005c58d,3463.0,350.0,89.0,0.0566,68937.0,8623.0,1,14,3
60dca9b5-3b63-40c2-9709-6d086b08906d,664.2857142857143,60.714285714285715,39.714285714285715,0.05782857142857143,13225.0,3757.0,7,6,1
60ebb571-4e5e-48e1-8d9b-b5fc43a102e1,3604.5,271.75,197.5,0.0561,72600.0,3924.0,4,8,0
61092401-1c72-4ceb-b96f-0242c1a28316,4185.333333333333,416.0,110.33333333333333,0.056,84140.0,9135.0,3,2,0
611132f6-aceb-491b-a51b-c40cdc5bfe4f,4203.6,448.0,168.4,0.05670000000000001,85007.0,9134.0,5,1,0
611efce6-f8e6-4b2b-9a2d-47b24eadf498,803.0,83.0,45.333333333333336,0.057333333333333326,16236.0,8646.0,3,0,1
615a2fb3-9505-453d-af27-88735c8f2e34,2831.0,281.0,163.0,0.0562,58314.0,4531.0,1,0,2
616a5238-d009-4756-8d1c-06a6d609d1e0,2904.0,299.5,134.0,0.0556,60014.0,8239.0,2,1,2
617f7eb7-9ca1-4064-9373-ce983e2f9771,4058.0,447.6,292.4,0.059,81365.0,9518.0,5,1,0
61ad7d6c-d307-48ca-9d84-81c96507616d,2751.4,280.2,143.4,0.057640000000000004,55097.0,5239.0,5,13,3
61e33ea0-94f2-4b18-9a61-9cde262491bf,2564.1428571428573,307.57142857142856,138.28571428571428,0.05858571428571429,51390.0,4830.0,7,0,2
61f207be-c4c9-4470-83e8-f7eb9f84c041,3748.3333333333335,395.6666666666667,100.0,0.0567,74843.0,7846.0,3,6,2
61fc2e19-7520-4716-ad40-e22f7aed066c,3820.0,296.6666666666667,186.33333333333334,0.0565,76162.0,7786.0,3,1,2
620109ef-ddca-48b4-b2df-f65f6b6561f1,4980.5,588.75,320.5,0.0602,97841.0,8997.0,4,3,0
62079181-0136-4e40-bc0c-1ca967a19ae6,2584.2,257.6,141.2,0.057940000000000005,51468.0,3652.0,5,2,2
620f0152-8abb-4aa1-9134-c399075c20ee,512.9,52.1,27.1,0.057550000000000004,10288.0,7115.0,10,0,1
62133e48-87bb-4992-92ec-d33eca622c6c,1358.2,124.0,81.6,0.058699999999999995,26645.0,1318.0,5,4,1
621be640-ae61-4648-b468-24fc998e7cf0,1935.142857142857,221.28571428571428,94.71428571428571,0.0589,38225.0,468.0,7,10,3
622653ae-e7d7-407d-9780-73a530a612ca,4683.0,425.0,170.5,0.05655,93342.0,9200.0,4,1,0
622e748a-5118-4dbb-90e1-ab1f4985ad8d,773.0,78.66666666666667,32.833333333333336,0.05550833333333333,15942.0,4794.0,6,4,1
623ff476-6482-4dc0-8d78-f40d85e5468e,3442.2,287.8,234.8,0.05766,68762.0,9497.0,5,1,2
62404ff4-7c72-459b-9d93-b73869da7e15,29.4,1.8,0.8,0.05854,564.0,4341.0,5,3,1
62479087-9914-4d5c-aa4f-a6581d50019c,1732.0,168.0,106.83333333333333,0.05858333333333334,34259.0,7784.0,6,8,3
624f6c13-764a-42cc-a96b-a04473df1db0,4032.1428571428573,400.14285714285717,203.42857142857142,0.057614285714285715,80472.0,9028.0,7,0,0
62729b47-8c4f-47ea-a914-668b239bfad7,2106.0,232.16666666666666,116.5,0.058633333333333336,41856.0,737.0,6,2,2
628a2b8c-f0ea-42a8-805f-3edd201f73fe,720.5,61.0,38.75,0.0569,14412.0,1357.0,4,2,1
628d95c5-ad42-486a-aa5f-1936cee191c1,3975.0,372.5,221.0,0.057725,79134.0,1722.0,4,14,0
628f48a8-0c0b-463e-bf77-8661c6f78f2b,4086.0,426.8,195.0,0.057120000000000004,82427.0,1820.0,5,1,0
629f6daa-7999-49ad-8ff3-74abc46e67ab,3876.0,474.5,206.5,0.0587,77637.0,5811.0,2,10,0
62a3abcd-1fa7-44a4-b7cf-51fdb76af08c,4308.0,308.0,381.0,0.0583,85720.0,5588.0,1,9,0
62ad9460-0cb4-4b03-bf5d-80e4dbacac5f,4995.8,336.4,240.6,0.05586,99779.0,1825.0,5,0,0
62b802e8-f046-4ff2-8610-a9adee51b3a7,2613.5,257.0,98.0,0.058050000000000004,51160.0,7644.0,2,3,2
62c30467-e5a2-4276-b84f-fb5ad61a936e,3623.2,406.2,201.2,0.058120000000000005,72808.0,2065.0,5,4,0
62c777c3-4b95-4e47-be81-71976e6b926f,4009.0,448.6666666666667,192.0,0.0579,80323.0,9411.0,3,2,0
62cfa5a0-c8b9-4e20-9b33-0f2cb400e24d,3903.6,486.4,207.2,0.058620000000000005,78426.0,4893.0,5,0,0
62d8c3a3-d364-4693-bdd5-47996815cbd4,3091.5,185.25,221.25,0.057325,61025.0,1122.0,4,0,2
62e28d50-7029-493b-a41e-36034b2f5279,4477.5,489.25,270.25,0.059050000000000005,88655.0,7802.0,4,7,0
62e59219-4fe0-45d2-a8d8-b044a0cf2e76,4360.5,387.5,260.125,0.05755,87043.0,1916.0,8,7,0
62f2002b-ed55-4925-ab43-5027a34aa4ca,3811.285714285714,407.85714285714283,123.42857142857143,0.05732857142857143,75769.0,6278.0,7,6,0
630315b2-c810-411b-9e9e-597e31201c95,3324.0,320.4,215.6,0.05778,66798.0,6857.0,5,4,0
630aa082-9bc3-4313-a1e6-9a3af0035d1d,3022.5,241.25,253.5,0.058075,60577.0,660.0,4,6,2
63230950-f6a3-4ded-9c85-d74bd3e14392,2686.8,251.6,159.8,0.05796,53467.0,3278.0,5,7,2
6361bbef-78c7-4bd0-a223-68b07a3dbc4d,2616.0,329.75,169.5,0.06,51942.0,3803.0,4,6,2
63624002-98a1-449b-bc3c-93d25c45055c,4416.2,520.4,250.8,0.058899999999999994,88070.0,9546.0,5,0,0
637e58e5-7764-4bec-8fa7-2160ff757217,324.3333333333333,37.666666666666664,16.666666666666668,0.05733333333333334,6607.0,3561.0,3,0,1
638e97eb-85d4-412b-8399-05de8573cd9b,218.75,18.25,14.25,0.056625,4437.0,2426.0,4,2,1
63a57e27-368e-4a90-a3f2-6465d0800d74,4667.6,383.8,306.8,0.05669999999999999,94526.0,6373.0,5,4,0
63af4063-fe65-44a3-a12e-ca92510646f4,465.5,36.5,25.5,0.05545,9514.0,4676.0,2,1,1
63b88308-30f8-4899-aa18-feadb6646566,2103.75,184.5,89.75,0.0568875,41809.0,9315.0,8,8,3
63be9c52-2844-4ab6-9f53-74f6ab12400d,4521.333333333333,599.0,107.33333333333333,0.05823333333333333,89794.0,8620.0,3,1,0
6411147a-11f5-4d5f-9f2f-5251291ddae7,3887.2,426.8,169.0,0.05688,78845.0,2847.0,5,2,0
641e9a9f-3110-4685-90fe-c22a0f38d2e3,4919.333333333333,495.0,204.33333333333334,0.056566666666666675,99327.0,433.0,3,5,0
642070e3-650f-4aae-85e8-c238e21b9965,3643.25,450.25,214.0,0.058124999999999996,74095.0,4746.0,4,7,0
6421ca20-10de-4dc7-b49f-994db0b611c5,106.75,7.75,7.25,0.0543375,2279.0,799.0,4,15,3
6422f110-fcbb-437c-aa93-2d93294035d3,1614.0,170.0,109.0,0.058475,32371.0,701.0,4,4,1
6428daac-c2c5-420e-952e-89f9b82343c8,912.1666666666666,81.66666666666667,50.666666666666664,0.0573,18235.0,3394.0,6,7,1
643b139b-bab7-44e9-a782-967cd56a794c,2296.8,244.6,141.0,0.05858,45782.0,8542.0,5,1,2
643faa83-4752-4106-b810-4174e0129df1,735.6666666666666,75.66666666666667,53.333333333333336,0.06023333333333333,14357.0,8000.0,3,5,1
64439533-1680-43f0-865a-2c3c0137b8a5,600.25,56.0,42.5,0.058125,12021.0,5301.0,4,0,1
644a1c9f-e9b9-40b4-9690-4ca643bc5973,4440.75,540.0,317.125,0.0595,89077.0,2245.0,4,4,0
647d46f3-42c9-4e0a-bdb6-c3224cd1654c,3814.0,273.5,176.5,0.05685,75005.0,2465.0,2,5,2
647e96be-f006-4aa1-b73e-2701e49b043b,662.7142857142857,68.28571428571429,43.0,0.05778571428571428,13394.0,3745.0,7,7,1
648c7ed7-6c4a-4e40-b0fc-66a41936066f,4425.0,285.0,107.0,0.0533,90357.0,7252.0,1,2,2
64929100-c733-42b3-bd3c-1aa224c884d0,467.3333333333333,28.666666666666668,14.333333333333334,0.05653333333333333,9032.0,1088.0,3,7,1
6496a8f1-0a91-470d-9e81-8849369f7f52,2354.0,249.75,154.5,0.059050000000000005,46716.0,4391.0,4,0,2
649d2b93-1478-4203-86ba-0c82362f33ed,3400.6666666666665,373.3333333333333,211.0,0.05783333333333333,68886.0,9937.0,3,8,0
64b5e1f7-ab6d-4a30-b703-7069b82e0b52,273.25,27.0,12.875,0.0585125,5350.0,600.0,8,5,1
64bb1ded-d61e-41f3-ac2b-0721c6945df2,2875.3333333333335,217.33333333333334,171.66666666666666,0.057100000000000005,57160.0,9095.0,3,0,2
64d3e998-15fd-497f-96a9-afb01b66c39b,4299.333333333333,392.44444444444446,206.55555555555554,0.05674444444444445,86293.0,2775.0,9,14,0
64db8a51-0d66-4585-ae6f-4823e90e8c15,589.0,50.0,36.0,0.057999999999999996,11635.0,5421.0,2,0,1
64dbde68-ba3e-4d68-ac12-2e8f539d0f85,2117.5714285714284,148.0,135.14285714285714,0.05747142857142857,41780.0,5705.0,7,1,2
64ea8a2c-4b35-42aa-9fff-ba29df6df30d,1983.5,227.0,144.0,0.060200000000000004,39083.0,7240.0,2,11,3
64fe8d26-c520-4ea2-88b6-ff717b8d2bb9,1432.5,118.5,70.5,0.0557,29116.0,2905.0,2,3,1
65058de2-b45e-4db9-9c6f-6b3aba831d79,2784.6666666666665,242.0,128.33333333333334,0.0567,55672.0,2285.0,3,5,2
6508d811-7bdc-47a5-9c59-cfcaa2ce47e3,4061.0,333.3333333333333,172.33333333333334,0.055400000000000005,82445.0,695.0,3,2,2
650b3518-e99e-4eea-8ab9-97750c6a6c09,3709.0,479.5,210.0,0.0598,73564.0,4154.0,2,5,0
6514e3e1-07b1-4490-975e-ce0717d46800,3953.25,398.25,207.25,0.057800000000000004,78866.0,6622.0,4,0,0
652cfeaf-6f38-4956-8601-2f9a61908520,1729.6666666666667,215.33333333333334,68.33333333333333,0.05893333333333334,34160.0,2811.0,3,0,1
6546ca72-c640-48e6-a72e-7abe336e9621,941.125,81.625,51.75,0.0574,18725.0,8114.0,8,6,1
65502997-ec46-4da1-8b32-9472d3e6d5e1,2971.0,418.5,155.0,0.05925,59795.0,4290.0,4,2,2
65549c9b-4a94-48e6-93db-2024acc0b7c3,4055.3333333333335,408.0,289.1666666666667,0.05909999999999999,80435.0,2621.0,6,1,0
6559da84-e38d-450b-8c1f-92c05a00f488,2392.3333333333335,245.0,123.83333333333333,0.057883333333333335,47719.0,2671.0,6,1,2
6587adb5-91e7-4145-848f-88aa185b43e5,1589.3333333333333,185.0,91.66666666666667,0.059033333333333333,31620.0,9993.0,3,1,1
6597eb99-6532-4fb1-8f11-a4ff85540d6a,2358.6666666666665,202.5,116.83333333333333,0.05563333333333333,48156.0,7124.0,6,2,2
65bf85b9-8bf1-4f17-840e-742900af96c6,3098.5,302.5,93.5,0.05595,62438.0,5668.0,2,1,2
65c7d0e9-aa0b-4494-930d-7674f07a8156,1361.3333333333333,122.33333333333333,69.33333333333333,0.05676666666666667,27359.0,8095.0,3,1,1
65fb5271-571c-497d-848d-2fa783e320d3,579.0,49.0,31.5,0.05465,12059.0,6740.0,2,2,1
66021741-7a7d-47bb-8f67-06631560b2ac,3214.6,324.8,123.2,0.05704,64207.0,7636.0,5,13,3
6603a42f-2a67-48e1-9ecb-5d61782cebc1,2392.5,226.0,190.0,0.0592,47444.0,6250.0,2,4,2
66077e82-14d4-43e6-aa21-15237cd706ec,3342.0,317.5,123.5,0.0565,66949.0,1997.0,2,2,2
6614adb9-f465-4e92-9c83-57d77e7c7fc4,1509.0,164.0,106.66666666666667,0.0603,29518.0,3071.0,3,10,3
6614ee44-3f25-46bd-bec5-b0e189a537a6,511.5,51.25,34.25,0.0573,10422.0,1183.0,4,1,1
6626af07-7f50-4150-a5fb-f92f602d85b2,799.3333333333334,58.333333333333336,36.0,0.05716666666666667,15634.0,5755.0,3,7,1
662d1a7b-6619-42cf-9400-c6b7ce3b293b,4232.0,404.5,269.6666666666667,0.05795,84655.0,7332.0,6,0,0
662f59e9-475d-420c-8c06-1af22968e31e,598.0,42.0,44.0,0.050649999999999994,13724.0,3952.0,1,5,1
6636f4e1-2186-45ed-95f9-5508b4931d0a,4893.0,511.6666666666667,289.3333333333333,0.05843333333333334,97505.0,5912.0,3,3,0
66458e5c-c4ba-4e0c-86b6-767841f43529,34.833333333333336,2.5,1.8333333333333333,0.05535,762.0,8004.0,6,12,3
6650e26e-a179-4f58-ab69-c1b11eae85ed,1653.0,176.33333333333334,86.66666666666667,0.05736666666666667,33415.0,2396.0,3,10,3
66568de0-3d3e-4ba3-ab9d-3180f2ec5d27,1874.4,153.6,90.6,0.056799999999999996,37300.0,4819.0,5,15,3
66586697-861e-48df-b4c5-29cf909cf72e,872.0,84.0,23.666666666666668,0.05736666666666667,17069.0,1754.0,3,3,1
66641e98-58ea-4b10-8019-e332af1270f1,2531.25,250.0,129.5,0.0567,51339.0,1198.0,4,2,2
666ae0fd-9a2a-43fc-b37d-bb02e828600b,4910.166666666667,455.8333333333333,244.83333333333334,0.05698333333333333,98466.0,2419.0,6,4,0
6675703e-accb-4c8b-9077-2dac10d32d71,392.0,34.75,20.75,0.05655,7916.0,9799.0,4,1,1
66758dcc-69fa-4254-ae20-76b948d392e9,1959.5,140.0,51.5,0.05435,39589.0,3074.0,2,4,1
669d0177-dd55-49f7-9118-a0c0141381cc,4097.0,491.6666666666667,256.3333333333333,0.05963333333333334,81239.0,6477.0,3,4,0
66a23685-f171-4d68-8cdf-826f763a22f4,190.8,20.6,11.2,0.0573,3884.0,7911.0,5,1,1
66c2c734-1460-434b-aab0-6ed3347bb794,2194.5,241.5,155.0,0.0597,43421.0,7899.0,4,1,2
66d62305-d64b-4a75-8ebc-ad300b4b090a,432.25,33.0,25.0,0.056225,8723.0,964.0,4,5,1
66e19202-0c42-4c8c-9142-519180cc74ba,1514.0,135.33333333333334,80.83333333333333,0.0567,30513.0,214.0,6,9,3
66e4d776-273a-4846-91a7-16277a5cb470,566.0,54.5,38.0,0.05785,11387.0,2982.0,4,1,1
66ebbcd8-9453-4355-b970-ced1ace93aa4,4978.0,597.6,286.2,0.05944000000000001,98672.0,3464.0,5,2,0
66f0f11e-9a16-4844-915c-61258218a603,3336.0833333333335,324.75,167.0,0.057100000000000005,67044.0,8052.0,12,13,0
67096b61-3272-4d4b-91f1-8728e4b25741,4913.0,576.5,228.0,0.058325,98046.0,5313.0,4,11,0
670f79ef-6f53-4b0d-95e7-381cda4e14f0,4664.0,386.0,254.66666666666666,0.056266666666666666,94288.0,8793.0,3,6,0
67192ab8-2625-4db0-ad5c-3c1ba38cd5e2,999.25,102.25,83.5,0.059375,19965.0,5749.0,4,1,1
672d1ff1-03e4-474e-a0f2-4043e02529c7,519.5,51.5,22.5,0.05555,10680.0,2989.0,2,0,1
6740178a-3f85-4226-ae07-71a21a406906,2883.0,203.0,101.0,0.0547,58294.0,126.0,2,5,2
674ba3f7-d71f-4cf5-a3e7-c7d5d988d8ae,2958.5,286.5,169.0,0.05785,59004.0,8428.0,4,12,3
67627bfd-1691-456e-8ffc-53a55176ef3a,1267.6666666666667,120.0,78.0,0.0595,24625.0,2716.0,3,7,3
67722b91-a7af-45a8-b976-83cf16e2ee0f,291.0,20.0,26.0,0.054,6245.0,5515.0,1,12,3
6782223b-2c1d-4299-97e9-ff5234316a53,2485.25,242.25,138.25,0.057050000000000003,50240.0,3694.0,4,4,2
6785801d-5b08-4420-9ba1-e50be8ab4fe5,714.75,83.0,35.75,0.0562,14828.0,7376.0,4,8,1
67972ded-1f7e-456c-8d2f-3a99af5c2a3f,4793.0,456.4,305.6,0.05778,96117.0,6009.0,5,0,0
6799f2a6-733b-4b9f-ad7b-191646aca433,3348.0,434.5,189.5,0.05915,67132.0,7498.0,2,1,0
67a20277-c065-4e0e-9b41-6f9b99cc68b2,1478.25,143.5,87.0,0.057749999999999996,29582.0,9437.0,4,1,1
67a96ad3-7aed-4095-9bac-12c56855d7ed,1193.3333333333333,139.66666666666666,52.0,0.06013333333333334,23038.0,270.0,3,6,1
67c3b1e9-7253-422c-8831-cd2986325f52,4505.333333333333,376.0,203.33333333333334,0.056633333333333334,89811.0,9550.0,3,2,0
67d586bd-4ed7-40b8-adfe-3ba6e47212d3,4376.5,459.25,226.0,0.057925,87385.0,2066.0,4,2,0
6816ebbe-0fef-4f78-bde4-b50b96383c60,755.125,77.0,44.5,0.0572625,15302.0,951.0,8,2,1
681f52df-b55b-470a-a5de-31a4f2d6d1d1,2123.2,254.4,124.4,0.05856,42730.0,1811.0,5,1,2
6823ca25-8e72-4f37-af98-b1a6b9be1187,10.142857142857142,0.42857142857142855,0.14285714285714285,0.056121428571428565,207.0,2590.0,7,10,1
6841461b-6117-41fb-9d5c-904529bc511c,3740.0,260.0,142.0,0.0559,74161.0,811.0,1,4,2
687eb3e8-e3f1-46a3-8c5b-9beb221626c9,4764.25,445.0,259.5,0.0578,94621.0,6699.0,4,5,0
688753e0-473a-4866-bdd2-996c0a989f1d,4943.666666666667,428.5,212.66666666666666,0.05661666666666667,98646.0,5508.0,6,14,0
689a645b-03cf-4b16-8772-a44cd26b5b06,4585.833333333333,395.3333333333333,292.6666666666667,0.05751666666666667,91752.0,5968.0,6,3,0
68a04166-6901-48c0-971c-bc7e2a8be75f,3009.0,392.5,136.5,0.05945,59537.0,1177.0,2,1,2
68a084d7-3894-4664-9ae3-b51af61c2a54,4134.428571428572,449.2857142857143,326.2857142857143,0.05885714285714285,83396.0,2888.0,7,9,0
68a1234f-f013-451f-88ea-082c62ccebd7,137.0,17.0,4.666666666666667,0.05853333333333333,2711.0,5891.0,3,0,1
68a82df6-4268-4c59-a753-38ce67c13220,4716.0,439.85714285714283,252.42857142857142,0.05721428571428571,94521.0,1319.0,7,3,0
68be6efb-259f-4532-9617-50cd7ad76713,3024.0,318.25,121.5,0.058025,59706.0,126.0,4,3,2
68ccdd74-b5b7-465f-81da-b71d52e5789b,3938.75,295.5,128.75,0.05475,79669.0,3165.0,4,13,0
68cec9fb-bed7-4478-8865-f12819c429e4,1480.0,196.0,143.0,0.0608,29904.0,2574.0,1,6,3
68d31d13-7d18-436b-9083-bb8fad6e5176,2430.25,253.75,97.0,0.057625,48263.0,8071.0,4,5,2
68efc46d-d859-4e86-888a-01a73f03dbbd,1645.5,198.5,82.5,0.05845,32956.0,7346.0,2,6,3
69125715-90ed-44b9-8fb9-57a67fb7c7df,1945.0,274.0,87.0,0.0612,37699.0,1924.0,1,12,3
694a46de-f3a6-43b6-9b79-2a2384451702,1879.1666666666667,209.83333333333334,133.33333333333334,0.05996666666666667,37061.0,1673.0,6,0,2
6955e347-5628-4bd6-8e41-34f8f8021ee3,366.0,30.0,6.0,0.054099999999999995,7430.0,6189.0,2,1,1
6970e066-d4d9-4e7f-9119-e0543bd8c364,76.5,7.5,5.25,0.06258750000000002,1401.0,4488.0,4,0,1
6983b257-f0d9-4a0e-bb3b-bbbd087e1f90,1653.2,200.2,90.2,0.057800000000000004,33633.0,8779.0,5,13,3
698f9e09-3cfd-4958-b29f-8303e8f3d1eb,2277.75,192.0,125.25,0.057175,45369.0,9426.0,4,1,2
699e3f0c-0d33-4b0a-866c-49f98eb1aabc,3096.75,288.25,146.5,0.0572,61745.0,2824.0,4,5,2
69c78415-9367-4ab0-91d5-e59445c3526b,3521.5,371.0,243.5,0.058249999999999996,71043.0,7494.0,2,0,0
69cd8303-d69a-439e-8bb0-b5778cdaefcc,3493.5,513.0,307.0,0.0614,70285.0,8826.0,2,1,0
69d624d7-bfd5-43a6-92ee-5cd605eb69ac,1684.5714285714287,132.57142857142858,80.42857142857143,0.05558571428571429,34140.0,466.0,7,11,3
69d711ce-c01b-4e48-8080-057cbe7d0523,2140.6666666666665,216.33333333333334,113.33333333333333,0.0577,42814.0,6487.0,3,1,2
69da8a5f-a329-46c5-aaab-b470d9f3a5ef,2222.6666666666665,218.33333333333334,157.0,0.057433333333333336,45243.0,6294.0,3,5,2
69e9dd0e-1976-47da-ae71-bf095ddf83fc,3256.25,301.5,284.25,0.0601,63913.0,158.0,4,7,0
69edfd3c-06f0-4482-bcba-aea37a9f0214,3374.3333333333335,287.6666666666667,179.66666666666666,0.057499999999999996,66824.0,5145.0,3,4,2
69f0ed61-8978-40ca-83ea-c618b9a4cd82,2853.5,258.6666666666667,133.83333333333334,0.056850000000000005,57089.0,1075.0,6,15,3
69f81742-c463-4d72-9431-ebbbafc15c61,2502.5714285714284,253.71428571428572,123.14285714285714,0.05744285714285714,50114.0,5172.0,7,15,3
6a013eb9-6da0-44ea-bc4d-723a2add1b36,1992.6666666666667,255.0,121.66666666666667,0.0583,40643.0,9544.0,3,8,3
6a06cec5-fe60-4814-be2a-a09057e63bcc,267.0,29.0,11.5,0.054349999999999996,5659.0,8862.0,2,0,1
6a188884-c16d-4f89-8215-a0a3b42d9364,312.0,30.6,16.2,0.05828,6154.0,3148.0,5,9,1
6a276ae8-1ee3-4c47-a337-70cfdd69b68e,2996.0,308.75,226.25,0.058175000000000004,60689.0,9175.0,4,1,2
6a296822-51e6-4b18-8299-021465f8f2c8,4006.25,385.5,217.5,0.05695,80944.0,7732.0,4,9,0
6a330af9-b60f-4d45-b982-99a4c260e487,587.0,57.166666666666664,25.5,0.057166666666666664,11714.0,1215.0,6,2,1
6a332b81-cdf1-412a-b4d3-52fa5a34da56,3739.5,381.625,196.625,0.0579,74555.0,4144.0,8,15,0
6a3912ac-ebdc-44ba-8165-23c6da558c90,2309.0,259.4,119.0,0.05811999999999999,46231.0,9066.0,5,10,3
6a3f39ee-dfb0-46a7-9266-ae757f13e476,3779.0,252.0,374.0,0.0588,74973.0,4469.0,1,8,0
6a48486f-96ba-4846-bb0c-696824f6390f,348.3333333333333,37.0,21.0,0.057683333333333336,7002.0,9472.0,3,1,1
6a5a10a3-3786-4abe-8973-cc776cf2624e,1455.0,206.0,108.0,0.0616,28721.0,9739.0,1,1,1
6a628e90-5d36-463c-b6f9-909583286904,43.25,5.0,1.25,0.052849999999999994,981.0,5085.0,4,1,1
6a7c8be3-29e4-4cb7-9e1e-6929a87afbc3,4727.0,686.0,410.0,0.063,92391.0,4557.0,1,12,0
6a92fd10-03d7-4c9c-831b-ed07ad0148f1,3407.3333333333335,304.3333333333333,222.0,0.05823333333333334,67567.0,894.0,3,2,2
6ac093a2-e278-43e2-b108-e2aa2aabb232,4059.5714285714284,342.0,181.85714285714286,0.05654285714285714,81048.0,4045.0,7,6,0
6ac3bc3f-2cca-48cd-a9d5-d43ccf2016d7,91.16666666666667,8.666666666666666,4.0,0.05795,1799.0,3377.0,6,10,1
6acf136a-cdd2-4935-bad3-63cada1198ae,4762.4,461.6,208.6,0.056940000000000004,95403.0,1527.0,5,13,0
6ad8a6f6-7d7a-429a-aec0-06aa66665542,3961.6666666666665,439.0,271.6666666666667,0.0594,78662.0,2015.0,3,4,0
6ae308f9-f8a1-4ca4-9a21-c717b285dcee,1573.2857142857142,158.14285714285714,100.14285714285714,0.057685714285714285,31753.0,1419.0,7,10,3
6aef7ab9-ef2f-499b-913f-14524c58bd27,3688.75,348.25,253.75,0.058125,73822.0,1016.0,4,1,0
6b035f62-2da3-4f13-bd05-a5be5015d8ff,352.0,20.0,16.0,0.0562,6899.0,9831.0,1,11,3
6b178e70-c1ca-48c1-b5aa-4464df5d22e6,798.6,97.2,42.0,0.05734,16348.0,698.0,5,1,1
6b1fbb26-4c86-468c-9d69-c1179ba0a567,2232.0,153.0,186.0,0.057800000000000004,44473.0,3274.0,2,6,2
6b2804c8-db60-441c-b40a-c02225f220aa,4822.666666666667,506.3333333333333,293.0,0.0582,96630.0,8985.0,3,6,0
6b8dc199-9bdb-48cf-a0ac-3cda53a255f8,4767.75,477.25,257.25,0.057499999999999996,95678.0,9028.0,4,1,0
6b8fe0e8-39ed-481e-9433-58dc0ccc5c34,4917.0,463.0,197.5,0.0577,96681.0,5603.0,2,5,0
6b90fd62-a9d5-456e-8383-470364b019e4,4034.0,336.0,133.0,0.0562,80093.0,8111.0,1,12,0
6b91a5ce-29bf-4663-9a91-e00af93a260a,1932.3333333333333,195.33333333333334,76.66666666666667,0.056400000000000006,39092.0,7691.0,3,14,3
6b9ed750-ba9b-42f4-97c7-cfeafe6360e4,4720.0,521.6666666666666,272.27777777777777,0.058188888888888894,94763.0,1528.0,9,7,0
6ba0fd5d-5c8d-42aa-8de7-250d2c25b490,1189.142857142857,122.0,60.0,0.05865714285714286,23367.0,2847.0,7,1,1
6ba12459-b1b1-45cc-b29e-87709bd3d184,160.5,17.0,14.0,0.057300000000000004,3342.0,7050.0,2,2,1
6ba971b0-587c-43e2-b6e3-8574b4ee1e9a,2771.6666666666665,261.0,209.33333333333334,0.057499999999999996,56389.0,5670.0,3,11,3
6bbd55ca-109a-4e0a-9dc1-b98361269b8f,4640.0,352.0,328.0,0.0584,91125.0,7805.0,1,13,0
6bc919b6-73ff-4ae6-b8e5-a41552d53339,593.75,65.0,38.25,0.05825,11967.0,7215.0,4,1,1
6bdf2b75-25a5-4e47-ac36-ff979bb91f3b,3374.3333333333335,348.3333333333333,263.0,0.058600000000000006,67996.0,1437.0,3,1,0
6bdf9209-3022-4cdf-8f44-a02a6bd1a7e8,2819.0,296.0,148.0,0.058050000000000004,56222.0,7815.0,2,2,2
6bfd0333-dfd9-47cb-96e5-0ae64b73b241,3409.6666666666665,251.33333333333334,248.66666666666666,0.057100000000000005,68491.0,7024.0,3,0,2
6c060f73-1f7e-40df-92dd-f7bdd1524d4c,2512.0,266.0,174.0,0.058550000000000005,50422.0,4444.0,2,2,2
6c161f34-f85c-4c23-bdbc-a371eb6e0074,1619.25,143.0,79.25,0.057550000000000004,32002.0,9275.0,4,1,1
6c1a79fe-0f55-44e1-9406-71b2d7be0e9d,1397.6,107.6,68.4,0.05567999999999999,28273.0,354.0,5,12,3
6c678a6a-f2ed-4ce8-b8c3-09d63dd83b8e,1646.4285714285713,149.14285714285714,93.57142857142857,0.057628571428571425,32785.0,8589.0,7,3,1
6c68c047-48ab-414e-9ee0-0dd846d5f3bf,524.3333333333334,61.0,22.0,0.057966666666666666,10484.0,3583.0,3,10,3
6c6f08a4-6564-4e51-a928-dc14b19c0025,143.8,14.4,7.6,0.05636000000000001,2932.0,9472.0,5,12,3
6c7724fc-e6e5-475f-8ab0-5c07088e853a,4268.4,458.4,294.6,0.058120000000000005,86398.0,8532.0,5,6,0
6c8f9a5b-7f87-4c96-aa48-3fe1c6069156,1169.4,121.8,56.4,0.05689999999999999,23681.0,2782.0,5,13,3
6cb0a0f7-9972-4ee3-825e-9f0f6c0c8a38,3597.0,355.4,224.4,0.05766,72431.0,2950.0,5,8,0
6cb42d94-f805-471d-b45c-784f8e9d7de4,3698.0,352.875,150.0,0.056875,73878.0,819.0,8,11,0
6cbed2b9-79d3-4253-9bda-d9b3cf08efec,4375.75,506.25,194.75,0.058475,86855.0,9432.0,4,15,0
6cd830b9-0276-4bab-975c-7bf9833533d0,1426.0,127.75,74.75,0.057875,28136.0,4600.0,4,2,1
6cde6437-ff66-42ea-95da-5ca79241e865,3868.0,558.0,319.0,0.0632,75128.0,8124.0,1,2,0
6ce43e46-0a8a-426c-be67-10f6858d077d,1498.0,126.0,21.0,0.0545,30207.0,8598.0,1,0,1
6ce4f237-d308-4c37-a09e-d7f87c7bd98b,38.0,3.0,1.6,0.05645,774.0,6797.0,5,14,3
6ce9a5f6-776d-4927-8d1f-30e7cea4ba0d,2926.3333333333335,270.0,166.0,0.057666666666666665,58288.0,2305.0,3,1,2
6d023763-ff14-45dd-8c96-4cd4a1ab4162,2048.0,171.0,122.6,0.058320000000000004,40138.0,1833.0,5,11,3
6d1741f4-be64-4ff0-ac7d-682223645a48,4369.833333333333,446.8333333333333,242.58333333333334,0.05843333333333334,86571.0,7478.0,6,13,0
6d1d84e0-04c5-4b05-8c71-2a23d45aa2b3,4156.857142857143,366.14285714285717,184.28571428571428,0.05669999999999999,83019.0,5735.0,7,1,0
6d248e1e-33fc-4d6e-88d4-f40443670de8,2965.4,229.4,159.6,0.056440000000000004,59447.0,5405.0,5,2,2
6d3797b2-9529-4551-a28a-1fe1f6666120,3021.0,386.6666666666667,150.33333333333334,0.05910000000000001,60206.0,5679.0,6,3,2
6d40a4a3-900f-4540-95ae-111795383574,152.6,14.4,5.4,0.05669999999999999,3042.0,2145.0,5,2,1
6d4b51ab-e89a-4268-8d30-394b60988ae5,230.0,29.0,9.0,0.06052500000000001,4270.0,6416.0,2,4,1
6d624ce3-ba6d-4546-906c-1c9dd1c5b6ba,4423.0,501.5,317.5,0.0596,87976.0,1500.0,2,0,0
6d6540d5-c1af-4bbf-8cd5-a49e818513a3,1428.0,121.0,45.0,0.05625,28341.0,1627.0,2,8,3
6d734a22-c240-465b-bca7-04dfd3771166,4693.0,494.0,119.0,0.0567,93617.0,4372.0,1,8,0
6d80b84c-eb0c-4045-ac03-9debf8b5d2c3,2242.0,140.0,159.0,0.0562,45216.0,9669.0,1,2,2
6d9057d3-d1cb-475c-9d1e-ead98efc78d8,1477.6,148.2,70.8,0.057640000000000004,29434.0,1109.0,5,2,1
6da54f7a-dd53-4a8e-8487-aff75a2814d6,235.0,27.0,19.5,0.062325000000000005,4451.0,3810.0,2,0,1
6dae1e7b-6713-49a9-8b67-46fd41a95e19,104.33333333333333,8.0,6.0,0.05185,2327.0,8665.0,3,2,1
6db754d0-702e-46b7-ac5c-46cfdb42f656,4459.5,497.8333333333333,272.6666666666667,0.05865,89156.0,1623.0,6,5,0
6dc21240-1f4b-4348-8ae6-59deb3dc8ed4,2114.6,224.6,96.2,0.05674,42916.0,564.0,5,7,3
6dc6f2c7-53c2-4d37-9eca-0ee2e33fb24a,1794.0,168.66666666666666,40.333333333333336,0.055466666666666664,36107.0,5346.0,3,5,1
6dcb0cb3-6fed-4f99-a1fa-50e601ca785e,2064.4,184.2,114.2,0.05711999999999999,41369.0,9695.0,5,7,3
6dd3376e-75f2-41f2-977f-258e9329f1c7,4686.166666666667,474.5,207.66666666666666,0.05795,92612.0,4938.0,6,0,0
6ddc82bd-16c7-4801-9239-8b6c4097b1cb,2389.75,254.0,179.5,0.0601,46984.0,4798.0,4,1,2
6de550b6-5401-46c1-8676-539e26ab2dd9,3622.5,409.75,121.5,0.057325,72456.0,4466.0,4,9,0
6ded7b47-5f5e-4b85-8888-2c57341a77f1,1871.5,167.5,112.25,0.058300000000000005,36909.0,5644.0,4,5,2
6e0084f2-927d-4ed5-ae5f-828041a47df3,4782.2,453.0,162.8,0.056100000000000004,96233.0,7232.0,5,6,0
6e0871a1-bde3-4e4e-b027-c9e11a737534,1237.25,145.0,79.0,0.0592,24678.0,3963.0,4,1,1
6e11c2d4-f41c-4de1-bb2b-48ad568e5881,2836.0,292.0,243.0,0.0587,57424.0,8278.0,1,11,0
6e1b7e4b-c38d-4399-8472-c8fea9a00f82,1725.6666666666667,165.5,89.83333333333333,0.056666666666666664,34965.0,7022.0,6,9,3
6e29de01-1c17-4503-a182-f1f7c9450e69,3137.6666666666665,364.0,143.0,0.05826666666666667,62572.0,1094.0,3,1,2
6e2a1549-42e2-4f87-a211-384b771beaf5,1830.0,186.0,40.0,0.0566,36341.0,8645.0,1,2,1
6e2e987a-0710-40b0-aa74-2452b190d4b0,1979.25,251.25,108.25,0.059575,39258.0,9344.0,4,11,3
6e322c09-d100-4e7d-a29d-6497d9cf0726,2725.5,315.0,57.0,0.058649999999999994,52816.0,5471.0,2,3,2
6e5a8a82-4f1a-4117-898e-e07004778981,3874.4,388.4,296.0,0.05822000000000001,78295.0,1974.0,5,12,0
6e5bb775-d7ae-4caa-862d-21275edf3b54,1358.3333333333333,132.66666666666666,105.0,0.059666666666666666,26744.0,9601.0,3,3,1
6e6cbd34-7aa8-45ef-8745-e72c491bf065,3063.5,186.5,172.75,0.05585,61286.0,8198.0,4,7,2
6e7f9e53-1d99-412a-b5f0-1d717f250682,2112.2,226.4,119.4,0.05858,41964.0,2237.0,5,13,3
6e956a06-fabf-48b2-9627-dd94f895a8f0,3799.0,458.0,87.0,0.0579,75061.0,375.0,1,4,0
6e9caafb-2322-463c-96ec-fc60028bc8cc,3071.25,238.25,164.75,0.056675,61313.0,1662.0,4,2,2
6ea1c80f-e91c-4b2b-8190-8d0ac847f4c2,2347.2,193.4,115.4,0.055959999999999996,47458.0,6300.0,5,14,3
6ea7da9d-ce46-41bf-a923-59a67a5bce52,3445.1111111111113,328.77777777777777,152.55555555555554,0.05616666666666667,69892.0,6351.0,9,1,2
6eb41068-9ded-44b9-912e-dd986774ff03,2099.6,254.4,153.0,0.06038,41519.0,6442.0,5,3,2
6ed6ca8f-871b-4179-922c-ff82bf8e8ffa,1806.3333333333333,201.33333333333334,83.66666666666667,0.058633333333333336,35680.0,5989.0,3,5,2
6ee50017-c6c6-474d-9eb3-377e1fcba99f,2208.0,121.0,43.0,0.0528,44946.0,5714.0,1,14,3
6eeebbe4-fd44-4ae1-ad6b-6526495e7927,1817.3333333333333,202.0,100.5,0.058600000000000006,36173.0,2098.0,6,2,2
6efd44e3-9f55-499d-a920-1a758aaf1ee0,3382.0,381.25,179.5,0.0588,67062.0,3352.0,4,5,0
6f0e0faa-53f4-406a-aab6-77d80b6e27c8,890.75,90.5,40.625,0.057106250000000004,17805.0,4970.0,8,0,1
6f15394c-66a1-4199-bdff-3b321130d104,4891.166666666667,504.5,308.4166666666667,0.05821666666666667,97994.0,9952.0,6,4,0
6f162674-3d3b-4d0b-be6a-a4178a6b406a,4311.5,397.75,202.0,0.057175000000000004,85880.0,1410.0,4,1,0
6f1dc81a-a6b5-4414-a8d7-65ebfafdac90,768.7142857142857,77.14285714285714,33.0,0.05657142857142857,15535.0,7361.0,7,2,1
6f35abb2-52ab-4a48-8706-aa45ef9a8e55,2686.4,262.8,129.4,0.05708,53935.0,2160.0,5,1,2
6f4886a4-a7e9-46be-9c56-16bd589058a2,1399.6666666666667,143.33333333333334,60.333333333333336,0.05883333333333333,27249.0,2176.0,3,11,3
6f5c75dd-28d9-4790-9fe0-ceb6a2610698,1337.75,175.75,79.5,0.0601,26506.0,2957.0,4,10,3
6f629548-82b6-40ff-b75c-5cea38b02aca,4736.0,522.0,94.5,0.05645,94800.0,1456.0,2,1,0
6f83ec6e-9f89-47b5-a327-466c07723750,3169.0,270.0,127.66666666666667,0.056799999999999996,62785.0,6423.0,3,12,3
6f840818-5bd1-4d86-a835-6627a83fa02f,758.0,68.75,30.0,0.05735,14932.0,1361.0,4,7,1
6f9410ec-e42e-48ec-a097-cfb7264d1415,2059.0,178.66666666666666,161.66666666666666,0.0587,40863.0,4620.0,3,0,2
6f95a2b6-e2be-4bb6-ab88-b71c95ff7d74,787.0,65.66666666666667,44.0,0.0551,16278.0,5060.0,3,6,1
6f9c05dd-6a08-43e6-9b3b-26507fa9324e,465.0,48.0,30.333333333333332,0.05740000000000001,9463.0,9007.0,3,5,1
6fa3890c-d0ac-4b71-a7ea-bbfa2fd78bc1,11.5,0.75,0.25,0.052675,256.0,9245.0,4,2,1
6fa47b46-d1e9-42a2-a783-602b0e4b0ad0,1752.0,187.0,78.2,0.05822000000000001,34659.0,4570.0,5,8,3
6fb8501b-821f-4e43-aefd-cea288998980,930.0,85.4,49.8,0.056679999999999994,18795.0,271.0,5,3,1
6fe2a91f-0089-467f-9728-6cac17599fde,3175.8571428571427,334.0,203.28571428571428,0.058314285714285714,63709.0,9209.0,7,0,2
6fea1d2d-9bf9-4bbb-b57f-3647ec6ea3ac,2009.6666666666667,184.5,108.16666666666667,0.056966666666666665,40416.0,4397.0,6,5,2
6ff8843c-9c25-46da-8a0a-d8762f077450,2821.1428571428573,308.0,193.28571428571428,0.05835714285714285,56941.0,5665.0,7,2,2
6ffa7801-0c83-4c14-8a08-6b8c6d221459,2671.6666666666665,290.8333333333333,157.33333333333334,0.05776666666666667,53995.0,8454.0,6,3,2
700679fc-bb0b-4e1d-8ce4-5f36df9a5d1e,3227.6666666666665,297.0,138.66666666666666,0.05563333333333333,65897.0,2590.0,3,2,2
70145265-1c2b-48ca-bb6f-9d57904ce065,3351.0,294.3333333333333,175.0,0.057133333333333335,66895.0,6082.0,3,3,2
701af275-4e18-44e5-98cc-8944beaf3cf8,4789.8,451.8,207.6,0.05666,96181.0,2940.0,5,1,0
701ca2f4-6fa3-4d96-ac6a-536843b3adf8,2696.0,291.0,231.0,0.0598,53790.0,6528.0,1,10,0
70308f70-b10f-4803-8cca-58142bb8ae58,4000.6363636363635,351.09090909090907,155.0,0.0568,79349.0,4718.0,11,6,0
703f21a5-400c-484a-943e-781f8fcf5837,512.5,51.5,21.5,0.057550000000000004,10169.0,8016.0,2,2,1
703f35c4-327f-461f-bf06-a97a437cb41b,3103.3333333333335,251.0,235.66666666666666,0.057333333333333326,62615.0,4803.0,3,2,2
7042d8df-ec21-4eb1-957a-d506150cd9c2,4471.166666666667,429.3333333333333,244.0,0.057416666666666664,89617.0,5476.0,6,1,0
70474da4-0e2e-49cf-a992-418d81c9c0c8,2915.6666666666665,313.3333333333333,145.66666666666666,0.057166666666666664,59039.0,8087.0,3,0,2
7073d3f0-757e-4785-883a-4e2fcc84c97b,1840.6666666666667,176.33333333333334,129.0,0.05756666666666666,37289.0,7848.0,3,3,2
7078a6c8-11e6-4f81-8b4b-a1c0a59afd29,1345.6666666666667,118.16666666666667,68.66666666666667,0.056600000000000004,27075.0,7328.0,6,1,1
70852698-5da4-4241-9a03-1ee2a364eeee,4787.5,504.25,141.75,0.056525,96108.0,2904.0,4,10,0
709504cc-4138-4ad3-bdea-dbf5b0ee81d5,4028.0,428.0,164.5,0.0576,80245.0,3709.0,2,2,0
70965524-779c-4bb5-99c1-e1f056c0344f,4164.6,513.8,271.2,0.05946,83238.0,9526.0,5,1,0
709cca52-64fa-40a7-bd08-592526bf4f42,4603.0,364.85714285714283,277.42857142857144,0.05754285714285714,91186.0,6703.0,7,7,0
709fcaff-7f79-484a-94e1-6b6756f4c644,3721.5,398.5,165.5,0.0567,75625.0,7799.0,2,0,2
70bc05dc-eb1d-4a24-a0dd-1780441c3932,3666.714285714286,401.14285714285717,174.14285714285714,0.057928571428571426,73256.0,5024.0,7,0,2
70bef029-7edc-4b6e-9b73-34d35f2da059,1126.0,146.0,46.0,0.0559,23584.0,3002.0,2,5,1
710b6299-2f37-4304-9e7a-3628c2e21a96,3621.8,344.8,147.2,0.05686,72356.0,224.0,5,13,0
7117102a-50ef-40a2-8978-95bd431f2e34,2921.0,386.6666666666667,172.0,0.06013333333333334,57863.0,8362.0,3,3,2
711725a1-1d84-4733-bb58-435fa0519aeb,2324.2,231.4,138.6,0.05740000000000001,46929.0,3964.0,5,2,2
7151b805-aa8b-4f52-a8e0-3bb217b335b3,2887.4,303.2,188.2,0.058640000000000005,57635.0,3609.0,5,0,2
7158a1fc-6877-41b6-a909-d00b047c6def,2052.75,233.25,96.75,0.057575,41375.0,4571.0,4,9,3
71734a44-d056-4552-96b7-7d87566e7596,2546.5,281.5,125.0,0.05735,51481.0,9108.0,2,11,3
7180d174-8543-4251-9c28-df41adb5208e,3412.0,389.5,189.25,0.057925,68885.0,6371.0,4,3,0
7181c383-06bf-40a6-a74f-ab1bf4a77dc2,3542.3333333333335,379.0,214.33333333333334,0.0574,72026.0,6937.0,3,7,0
7193eae2-2f7b-45b3-8109-9e25f72e46f5,1757.25,175.25,87.25,0.05665,35654.0,6158.0,4,2,1
71a9e110-679b-4030-9aa3-27d7c28c494c,1787.2857142857142,168.71428571428572,109.28571428571429,0.05752857142857143,35904.0,1914.0,7,5,2
71b10e2e-db2c-43fa-a759-68934c19cd25,1752.25,213.5,103.25,0.059,35059.0,1343.0,4,0,2
71c3c996-4f0b-480e-a109-2c3fb1749854,1835.0,169.16666666666666,78.33333333333333,0.05698333333333333,36544.0,1275.0,6,1,2
71c5e223-a7a6-4a4b-b70b-cb9b8fcecc98,3160.5,182.5,150.0,0.055999999999999994,62370.0,4797.0,2,3,2
71d38040-09a5-4d63-af8e-c9e5bb24d0be,4542.5,512.5,129.0,0.057050000000000003,90829.0,4647.0,2,1,0
71dd3685-b630-4f0e-a76f-ef85edf640c5,1449.3333333333333,154.66666666666666,81.33333333333333,0.05996666666666667,28114.0,9090.0,3,5,1
71f708e3-69cd-4b99-8b2d-d7e89fd4c59d,2829.6666666666665,245.33333333333334,172.0,0.057133333333333335,56835.0,7694.0,3,11,3
71f789e9-3d6c-47db-84cb-0e8f062c877b,1223.4,131.8,90.0,0.05968,24214.0,7813.0,5,15,3
720d7478-dff2-4f85-b034-ed5bb833a4d7,4951.0,342.0,94.0,0.0544,98982.0,3998.0,1,3,0
72221814-ea9f-4849-895d-a45317ead8d0,3919.4285714285716,471.85714285714283,207.42857142857142,0.058614285714285716,78452.0,4059.0,7,1,0
722cbfdc-ac22-485c-8603-a5d29af61ca3,4617.0,553.75,293.5,0.05935,92056.0,2411.0,4,0,0
724bb554-ce83-417d-82aa-349d4553ef82,1466.3333333333333,130.66666666666666,69.0,0.05786666666666667,28787.0,4798.0,3,14,3
72530863-d159-46cf-8cfc-4a4b9a327eda,944.0,78.0,66.0,0.0606,17947.0,587.0,1,9,3
7262f52c-8853-4945-8fa2-55e23385b277,4603.0,524.5,260.875,0.058075,92791.0,5896.0,4,7,0
7264852d-6554-4db1-af40-d1d8d3628ca2,2520.5,205.0,149.75,0.0569,50546.0,7787.0,4,0,2
728535ea-0a3f-44ac-a03b-c5e0a38669bc,3307.0,425.0,124.5,0.05765,66870.0,7423.0,2,6,0
7285983e-6e81-467f-8f2c-7a1b27faf5c3,766.3333333333334,72.33333333333333,40.0,0.056266666666666666,15620.0,4868.0,3,7,1
72943401-9c59-4c1b-abf8-11827e92dde2,4132.333333333333,391.6666666666667,176.66666666666666,0.05676666666666667,82800.0,512.0,3,3,0
729b7a44-9346-4b4b-927e-2b08f1d88cbc,2701.0,292.0,137.5,0.057300000000000004,54636.0,9611.0,2,7,2
72b879c3-d652-4861-b5e1-5758af2dac32,1813.25,162.75,107.0,0.057325,36331.0,1896.0,4,10,3
72c92d72-f747-4e85-b2ed-b684a9459770,574.0,81.0,20.0,0.0585,11543.0,2979.0,1,14,3
72ca0cdc-e9c6-4666-bc28-01e07793d91d,4390.75,448.25,169.75,0.05645,88717.0,4373.0,4,5,0
72f769bf-cbed-4d32-a5ae-4968b9294123,1501.0,165.0,48.0,0.0581,29491.0,2325.0,1,7,3
73030443-6898-4642-a0f9-4cf6c048df49,1340.0,138.5,53.75,0.057475,26659.0,3353.0,4,2,1
731363f7-c0d5-4266-ba9e-fe7e465f1a5a,750.5,93.75,44.0,0.059875,14828.0,4032.0,4,1,1
731b8ffd-33da-45d5-a785-743e2d703e16,3798.0,325.4,266.6,0.05664,77517.0,1115.0,5,1,0
732f5a39-5a20-4c60-8a7d-36c042ac1cb4,2390.4,204.8,114.2,0.05696,47551.0,565.0,5,12,3
735054bd-9c0f-4181-9089-59b83c5e5cdb,1739.0,174.75,73.5,0.0565,35160.0,8494.0,4,4,1
7357eb97-3e81-4b27-9e20-e38f14099c8b,346.8,30.6,18.0,0.055330000000000004,7194.0,7546.0,5,1,1
73632cb9-b691-4393-8698-9f49ff7a667e,2797.8333333333335,306.5,139.66666666666666,0.057600000000000005,56297.0,7480.0,6,2,2
736d59cd-badf-437c-94a1-18f12d457277,4599.0,469.0,149.0,0.0568,91809.0,8573.0,1,3,0
73970722-fc18-4828-8866-55dcc2a9271f,4444.571428571428,464.2857142857143,200.71428571428572,0.05738571428571428,89032.0,6973.0,7,7,0
73998e8c-23d3-41c8-9377-6aa773666019,454.25,53.75,21.5,0.057525,9204.0,5623.0,4,2,1
73a7d915-ceed-4ebc-94fe-770f2a1689b2,3037.5,267.5,203.75,0.05735,61221.0,8621.0,4,3,2
73d2611c-be7c-4bb3-82f3-ea7d86170421,3925.3333333333335,405.3333333333333,268.3333333333333,0.05833333333333333,78857.0,663.0,3,5,0
73e0d6e5-d55d-49ca-8f1e-2df031271806,2798.5,285.8333333333333,126.5,0.05703333333333333,56281.0,9874.0,6,1,2
73eb0af3-b8d6-4dbe-8887-811908a6cbaf,443.3333333333333,45.0,22.333333333333332,0.05793333333333334,8816.0,5413.0,3,8,1
73f09af5-304c-4feb-a09b-26ae2e8d17ca,182.0,21.5,7.75,0.0563,3753.0,443.0,4,9,1
741609d2-dc8e-44dd-b3f8-dc88c0d1560f,3289.2,276.4,177.4,0.05666,66079.0,9203.0,5,0,2
741c5fd6-009e-476f-a741-94381baf901b,4229.0,496.0,130.0,0.0575,84419.0,8641.0,1,2,0
74201b83-e23c-45c3-a494-c288da3b7d11,127.0,12.5,9.5,0.060700000000000004,2455.0,957.0,2,8,1
7427e066-b62d-4ef5-9be6-3d5e10b1c87a,898.6666666666666,94.44444444444444,47.44444444444444,0.05771111111111111,18032.0,7407.0,9,6,1
7436e48c-5836-4cf6-b40e-32602d9b30e4,4628.25,498.5,272.75,0.0582,92841.0,3287.0,4,12,0
7449ae95-7677-47fa-97a3-c822062b4349,4811.0,659.0,225.0,0.0609,93539.0,3403.0,1,12,0
747db3b8-9ab7-4df6-93e9-1c27bcfdb0a5,1183.5,139.0,53.5,0.05965,23065.0,5337.0,2,7,3
747fd0bd-2b87-4668-b05b-e946161435f4,322.0,23.666666666666668,18.666666666666668,0.05826666666666667,6255.0,8773.0,3,1,1
74a11ef7-acf0-4359-9530-7f01a339e32f,4357.142857142857,434.85714285714283,239.57142857142858,0.05772857142857143,87162.0,5193.0,7,14,0
74a24aad-cdb9-49cb-a69f-a40fcb21ded6,1045.8,127.8,60.4,0.06069,20228.0,1628.0,5,12,3
74ca1b90-141b-4f2f-8ecc-7a37eaed4b88,985.3333333333334,101.33333333333333,56.0,0.0583,19605.0,1925.0,3,0,1
74e3017e-b818-435d-8317-8cdbf3107f60,1738.3333333333333,193.0,95.0,0.059033333333333333,34338.0,857.0,3,14,3
74e677e4-7025-4295-bf00-7c14f5423660,44.0,4.0,2.5,0.0606,834.0,3124.0,2,9,1
75002819-35e9-48fd-b919-49597834185d,4418.0,361.75,212.25,0.056499999999999995,88377.0,8482.0,4,7,0
7506f29c-5f57-4f75-9459-543c36de144d,4260.0,445.6666666666667,199.33333333333334,0.058633333333333336,83698.0,6592.0,3,0,0
750ebe5d-11b0-4da6-a39b-38c117f40b13,2813.0,240.16666666666666,180.0,0.057716666666666666,56018.0,1726.0,6,10,3
75119736-37d1-4829-8064-e574fd50579a,4862.333333333333,625.0,256.0,0.05883333333333333,97588.0,7479.0,3,0,0
75301d30-74a6-4a5d-84f5-50b821c94041,2839.3333333333335,298.6666666666667,184.83333333333334,0.0583,56994.0,657.0,6,1,2
7551b79b-1b26-4772-bc1e-1f48b16d8373,2378.5,245.75,156.0,0.057875,48053.0,4515.0,4,7,2
7557a9f0-f74f-4e4b-ac16-b0aad6f520f3,3901.6666666666665,324.0,345.0,0.059133333333333336,77278.0,8716.0,3,0,0
755c9c05-dbdb-4646-a364-cd0b7575bfe8,3687.0,360.6666666666667,295.3333333333333,0.0584,74333.0,2445.0,3,0,0
75679cce-af90-46e5-9262-80b05defe89f,1501.3333333333333,162.83333333333334,90.16666666666667,0.05941666666666667,29528.0,2573.0,6,0,1
75778866-f0ba-46b5-beaa-444718e1b727,1313.0,181.0,106.5,0.0608,26330.0,3471.0,2,1,1
7579ed0f-abcc-41d3-be71-0e112fbf005d,3665.6666666666665,467.3333333333333,159.0,0.0584,73520.0,7801.0,3,3,0
75837599-1759-4d81-b59b-ded141ff1543,516.5,40.0,39.5,0.06015,9908.0,1070.0,2,1,1
75934e6f-dbbe-4669-91ba-3931f5f41b54,2112.4,269.6,152.0,0.05938,42667.0,545.0,5,2,2
75990fbd-1481-4581-a18a-d18ccbce93be,1105.0,100.5,52.0,0.054150000000000004,23216.0,5532.0,2,4,1
759b0163-2ce9-4d55-b7da-b75e14e4a4f8,1484.2,168.4,54.4,0.05826,29306.0,4123.0,5,4,1
759bf427-1fd0-49d9-9d9b-40a78fabde9b,2443.6666666666665,257.3333333333333,195.66666666666666,0.06083333333333333,47626.0,3559.0,3,3,2
75b914c6-4072-4048-a5f2-f83efed6d6f1,1366.857142857143,133.14285714285714,74.14285714285714,0.05784285714285714,27206.0,6363.0,7,2,1
75be1be0-4856-4722-8648-8eb225059ad3,2224.0,272.0,90.66666666666667,0.05873333333333333,44040.0,6418.0,3,1,2
75c0069f-a573-4c1b-9609-81ac2385e666,2418.1666666666665,233.83333333333334,118.33333333333333,0.05751666666666667,48185.0,7281.0,6,0,2
75e814d7-7f09-4e28-ad22-5ec17392f361,3178.25,248.75,228.0,0.05795,63072.0,8582.0,4,1,2
75f12fad-e69c-4374-b310-d3e064d924de,4358.333333333333,505.6666666666667,284.3333333333333,0.05906666666666666,87215.0,8994.0,3,6,0
75fdc322-9d15-47eb-95af-3887027dd5ad,2509.5,303.25,140.25,0.0591,49968.0,6136.0,4,1,2
76143c87-db9d-4361-b0aa-57ce28304f45,3655.25,384.0,228.75,0.058499999999999996,72948.0,6485.0,4,3,0
76182944-71e8-4dfb-8742-c35ce4afd687,1629.0,118.6,53.2,0.055900000000000005,32220.0,1987.0,5,3,1
762839aa-aee9-4912-be3a-dcb0644e6dc7,1521.6,125.0,57.0,0.05602,30412.0,3108.0,5,8,3
765d0193-ccdf-457e-a41b-b37b27b7074b,208.6,17.0,14.6,0.05737,4187.0,9719.0,5,7,1
766fdfd5-98ed-4865-b826-7618ad3d698c,2431.6666666666665,306.6666666666667,103.0,0.057966666666666666,49015.0,6040.0,3,0,2
7688a42b-7575-4878-9a26-da62132f9535,300.0,29.0,14.5,0.05855,5869.0,3413.0,4,6,1
7689f7ee-03db-4834-b2a5-6bd37f49350f,467.25,49.5,23.75,0.058725,9203.0,6850.0,4,11,3
7694be38-f438-4dc3-a813-08d02589a64d,1422.0,146.5,83.25,0.0581,28429.0,2917.0,4,6,1
76975558-10c6-46b3-9106-8538762fa4d7,3584.6666666666665,322.0,125.33333333333333,0.055766666666666666,72289.0,9952.0,3,7,2
76bfd10b-2292-47ff-b40f-d220dfedad77,1136.0,85.0,60.0,0.0583,21973.0,4229.0,1,8,3
76e783e0-e551-4fe9-a630-6b0abee39bda,2602.75,298.25,130.25,0.05815,52128.0,6628.0,8,8,2
76f26fe9-cdbb-46fc-912d-2fd214f016c5,2853.0,233.5,181.5,0.05845,55924.0,8033.0,2,4,2
76f59133-fe82-471a-a3e9-48043ace1926,2928.5,302.5,178.75,0.058825,57972.0,532.0,4,8,2
771b8843-cbc7-4b8d-aa25-4e60ed29a792,3261.0,288.6,80.2,0.05534,65611.0,3912.0,5,10,2
7721000b-de22-441a-853c-6da108ee397a,608.25,52.25,34.25,0.056275000000000006,12349.0,6987.0,4,2,1
77246894-8b86-4d0b-92f9-24870852f8d8,1356.4285714285713,103.42857142857143,74.57142857142857,0.05519285714285714,27823.0,2628.0,7,3,1
7747b2c7-d7ac-4d19-afcb-ff639e0c70b9,2817.6,241.4,177.8,0.057179999999999995,56625.0,1790.0,5,4,2
776ceb92-9f82-4359-8d01-151e314463d2,1924.5,227.0,84.0,0.05895,37902.0,8224.0,2,3,2
7784fdc7-9dbf-46db-be23-bb132a09ec11,2914.0,250.0,33.0,0.0553,57800.0,9788.0,2,8,3
778706f9-4f30-4552-8686-cebda6c872a1,1235.8,126.2,79.4,0.05995,23977.0,608.0,5,1,1
7788358f-52d9-4a9c-afd6-3d115d1a879d,1261.25,130.0,62.0,0.0582,24974.0,8956.0,4,1,1
779a0b03-a2a0-4d20-a6d6-e2d9912c72fb,404.0,46.666666666666664,26.0,0.05910000000000001,8064.0,5502.0,3,3,1
77a0f07a-c304-4fc9-9ced-7b73f19f81c5,2522.5,315.5,177.5,0.0587,51392.0,8494.0,2,3,2
77cdb3b4-92f0-421c-a3ba-dc6448e949a6,4695.4,495.4,274.5,0.05778,94619.0,2660.0,5,15,0
77ce62cf-f1db-4f95-ac76-5c2415f1d7a9,3490.0,249.66666666666666,256.1666666666667,0.05676666666666667,70386.0,3218.0,6,12,0
77e6d65a-aaf0-49af-80f1-3411dc78b2d8,2895.0,328.5,144.5,0.058249999999999996,57818.0,2431.0,6,14,3
77e78bc3-7fc8-435e-a4b5-b6c180a51725,4102.2,321.2,189.0,0.05556,83053.0,1244.0,5,6,0
77e97c56-500a-47e9-a561-f92f5370fa82,897.0,74.0,22.5,0.0559,17764.0,3008.0,2,6,1
77ec3084-725b-4e07-af14-bd11ff9490fb,2079.5,217.75,136.25,0.058725,41458.0,2528.0,4,4,2
780078e6-d15a-4a2f-95b9-788ca79e8fa3,1840.0,155.0,143.33333333333334,0.05673333333333333,37687.0,1033.0,3,6,2
7815adcf-2a39-47f5-910e-5ab9d87d39ed,3028.0,403.0,298.0,0.06,62194.0,100.0,1,2,0
7822997c-99ad-40be-bed9-4d481ea02048,4147.0,336.5,235.75,0.05605,84190.0,9150.0,4,11,0
7834f7ec-c7b6-4b16-bcf1-a14508a4e609,4304.333333333333,412.1666666666667,213.16666666666666,0.05726666666666667,86074.0,5608.0,6,15,0
78397099-9521-4c05-af25-155de28466fe,1468.4,115.4,52.6,0.055420000000000004,29528.0,5904.0,5,3,1
783cfb80-d420-4006-822f-0bd1a0eab6ee,4410.5,418.75,122.25,0.05605,88357.0,7752.0,4,5,0
785300fe-9112-4878-9b20-adbeda955f3c,1625.0,184.25,142.5,0.060075,32492.0,6627.0,4,1,2
786329d4-752b-4cf2-bdcd-2067d0487a52,881.2,90.0,44.2,0.057440000000000005,17675.0,7730.0,5,0,1
786bb882-95ca-425d-8460-d10d936576f6,1112.0,114.5,97.0,0.058499999999999996,22609.0,7983.0,2,1,1
787984ab-7e80-4726-900e-5378f44b90cd,4339.666666666667,447.3333333333333,291.3333333333333,0.0592,85774.0,4433.0,3,3,0
78849f1b-36e5-4733-ad79-74076c1a75d9,222.33333333333334,23.833333333333332,8.833333333333334,0.056933333333333336,4479.0,5271.0,6,13,3
788f04c2-9032-470b-81dd-45348f5b43de,2082.8,206.8,105.8,0.05776,41459.0,3083.0,5,1,2
78a06707-4d17-4820-a5ac-7307ec600a3c,4320.333333333333,297.5,256.8333333333333,0.055850000000000004,87264.0,7794.0,6,6,0
78bf2e61-e413-4070-a3e3-e7315729097e,3741.0,262.0,248.5,0.057300000000000004,74183.0,1624.0,4,2,0
78c0e1d0-8629-4d39-a71a-aabb0c8a3e8a,84.5,8.0,7.0,0.06465000000000001,1453.0,6235.0,2,10,3
78c46f5e-944e-4689-8966-192bd4f8741c,3292.6666666666665,237.33333333333334,241.0,0.056433333333333335,66835.0,3536.0,3,1,2
78cd914c-8ee7-4272-a0fd-8d4d2ecb5ee7,2304.0,268.0,119.25,0.058425,46047.0,7150.0,4,5,2
78d2aced-a70a-4645-a5f1-57c1973d9641,2766.1666666666665,210.0,169.33333333333334,0.05708333333333334,55114.0,73.0,6,9,2
78e5b660-1b83-4211-ad21-dbdd76d9c291,714.4285714285714,72.14285714285714,47.42857142857143,0.058128571428571425,14349.0,1346.0,7,0,1
78f91ea1-9e8b-4fcd-89e4-961cd00f14c9,530.6666666666666,63.333333333333336,31.0,0.060700000000000004,10293.0,3638.0,3,3,1
7910bb51-e9b7-4cce-86b9-9cdc053116f0,4228.0,351.0,336.0,0.05855,83910.0,4556.0,2,2,0
79153c25-8a5f-4e22-ba09-2995bed19361,4620.5,468.3333333333333,161.83333333333334,0.056049999999999996,93662.0,1952.0,6,0,0
791b9230-326e-4e73-9419-cba2036cb5be,1110.0,94.0,103.5,0.0577,22653.0,4578.0,2,7,3
79227add-59b1-4ec1-9c03-6b343a524887,4128.5,339.0,215.0,0.05628333333333333,83209.0,8632.0,6,3,0
79269929-7937-4723-b4f6-9f8b2a28212a,3882.5,402.0,92.5,0.05585,78363.0,3104.0,2,0,2
792a21c9-e4df-4f37-ba28-b0157946780d,3808.0,418.0,142.0,0.057499999999999996,75937.0,869.0,2,14,0
792cebad-5dec-41b8-bbd0-208cc46776e3,1360.5,139.5,84.5,0.06105,25959.0,655.0,2,8,3
79394ba7-f273-45d8-91d3-002196ff1b70,2266.5,284.5,118.5,0.05745,46480.0,9268.0,2,5,2
793d8ebe-da78-4ade-8163-6f4022fba17e,1696.6666666666667,182.0,48.333333333333336,0.056966666666666665,33829.0,4593.0,3,3,1
794cc15d-3c4a-4cbf-9c6f-d73b37505592,4515.333333333333,382.6666666666667,148.66666666666666,0.05616666666666666,89842.0,7890.0,3,4,0
794efb67-75f8-4d87-becb-e8cd90814638,1003.75,99.25,54.5,0.057175000000000004,20247.0,8035.0,4,9,3
7950c593-9c4e-4a13-b475-0b87c7ba6f6f,2977.0,400.6666666666667,176.66666666666666,0.05976666666666667,59471.0,7094.0,3,0,2
795f1cdf-8d5f-4e0b-9ae9-930bb68b8149,3659.4285714285716,346.85714285714283,195.0,0.05785714285714285,72621.0,6088.0,7,0,2
79605ae7-8ff8-45ac-91e1-c788f749fc5f,462.0,41.666666666666664,26.333333333333332,0.05673333333333334,9343.0,1938.0,3,4,1
7970e11d-d424-4eed-8102-0947c5c3e952,3407.5,300.0,205.75,0.05765,67868.0,3104.0,4,0,2
79718d97-d94f-43da-99e9-fb0e8fee197d,476.0,35.666666666666664,22.333333333333332,0.055066666666666673,9704.0,1067.0,3,3,1
79824822-c335-4b8b-8943-5ad2d8d85207,305.0,31.0,21.75,0.06035,5928.0,8060.0,4,1,1
79829fc8-5093-4d6a-9fb7-1d83431b3b0c,3804.25,328.0,291.5,0.058175000000000004,76065.0,9084.0,4,2,0
7989547d-6504-48c8-9752-adf1125fbb1a,869.0,74.75,42.75,0.057525,17147.0,6367.0,4,5,1
799b8ed9-6d29-45be-9071-3ee2c192481d,1304.6,114.4,70.6,0.05654,26348.0,2061.0,5,7,3
79b2daa2-5cf9-4e1a-acbe-5a4742a9a089,1601.6,186.4,97.8,0.058719999999999994,32111.0,8702.0,5,9,3
79b953ba-9b6e-4489-9eeb-a466cd3657c9,3923.3333333333335,318.3333333333333,314.6666666666667,0.05846666666666667,77963.0,8137.0,3,8,0
79bcc41e-a820-4d13-ac7c-f20651299902,2569.75,241.25,193.5,0.058550000000000005,51316.0,8105.0,4,1,2
79f0f825-4f9f-423c-8113-543b8c6a94eb,1601.0,169.66666666666666,88.66666666666667,0.0587,31678.0,2070.0,3,11,3
7a3cea90-3d1a-442e-b8bc-5aac80aea0b5,776.5,78.0,57.0,0.060300000000000006,15112.0,2705.0,2,6,1
7a46a36a-e87b-49e8-a206-40fcf3f5c57f,408.0,43.5,15.5,0.057999999999999996,8054.0,5182.0,2,7,1
7a51b265-f134-49e4-b045-297e40c271ee,4705.0,360.2,247.4,0.05636,94289.0,7589.0,5,15,0
7a5546cd-c02a-49ad-9063-098ad2348260,1725.3333333333333,136.0,60.0,0.056799999999999996,33813.0,393.0,3,8,3
7a573d1a-2d0c-483c-85d9-adc859b735b3,2107.25,164.0,133.625,0.0568,42347.0,3505.0,8,2,2
7a68dcb0-d28d-4e42-aadd-cbf79dedb639,3280.0,406.0,184.5,0.0584,66316.0,4568.0,2,4,0
7a69ee93-cc6f-4663-a073-26e25f7eb179,3158.6666666666665,189.33333333333334,148.0,0.054966666666666664,63585.0,8558.0,3,2,2
7a7e1fb5-e8a7-4376-b19c-255f822b0f06,372.0,31.857142857142858,23.285714285714285,0.05677142857142857,7525.0,3008.0,7,0,1
7a8a2239-0936-49ce-a02e-820634a33cfe,1974.6666666666667,180.33333333333334,117.33333333333333,0.057966666666666666,39185.0,8574.0,3,2,2
7a955fe3-ebed-401f-adec-a0dd9a4830f4,2196.6666666666665,250.33333333333334,104.33333333333333,0.0584,43674.0,2762.0,3,0,2
7a96d593-5de4-4a42-9a43-09b39676345d,2716.5,393.0,156.5,0.061200000000000004,53361.0,8229.0,2,10,0
7ab5be40-a293-4bb2-a486-b8483dd98523,499.4,40.2,24.8,0.0578,9766.0,7404.0,5,9,1
7ab785dc-e2d4-4b2d-8dac-6435d0e545dd,4008.5,373.75,111.5,0.056025,80212.0,3006.0,4,10,0
7abc2db5-e28a-4efe-bde4-637e210e6aef,3766.0,393.25,296.25,0.059725,74573.0,9452.0,4,2,0
7ac6e21b-80c8-4e88-8d68-8deace8a19c4,4307.625,437.25,251.5,0.05815,85923.0,7742.0,8,1,0
7ad379b4-b3d7-4374-b2c6-9b5a795ee5ea,617.0,37.0,44.0,0.0572,12208.0,9107.0,1,6,1
7ae9633b-b828-450d-b716-7b2e0774edff,2988.1666666666665,340.3333333333333,167.5,0.0588,59450.0,2785.0,6,11,0
7b1a8888-54ed-4d60-9d2c-27348d53a0e7,2053.5,195.0,49.0,0.055650000000000005,41292.0,5320.0,2,6,3
7b1b4a9f-a53a-4e60-9979-96a87f0851d8,3243.0,471.0,211.5,0.0595,65973.0,9746.0,2,11,0
7b217e5b-a0de-4b32-9cd0-b9cb3fa874a6,1185.0,108.5,64.5,0.05615,24173.0,1571.0,2,3,1
7b41de21-fe56-42fe-b631-231fa59d91bc,3616.6666666666665,336.8333333333333,274.1666666666667,0.058416666666666665,72400.0,1536.0,6,1,0
7b4a6531-bac2-4add-a33d-6f89d978faec,1725.4,170.0,111.0,0.058530000000000006,34176.0,8485.0,5,2,2
7b4c1d43-0a6e-4b5a-8e07-f4cbd52cfb1a,4392.0,528.6666666666666,209.66666666666666,0.05823333333333333,88111.0,7928.0,3,15,0
7b533aca-55a4-4c86-9425-11357101e27d,4115.0,503.5,324.0,0.060899999999999996,81179.0,5320.0,2,9,0
7b5b0ce4-0fa8-4b89-bbbd-ec9d640e2fd3,463.0,42.5,28.5,0.0566,9436.0,2089.0,2,0,1
7b60c382-4fb0-4f27-83a2-30422f47b260,1302.8333333333333,157.0,78.83333333333333,0.05825,26409.0,591.0,6,2,1
7b6602e4-daee-40de-a4d4-c5f816e08387,4865.5,436.0,208.0,0.05625,97996.0,439.0,2,10,0
7b6649b3-1bf9-4c41-9e25-b74b7a8f6227,4561.5,353.5,300.0,0.05715,91220.0,202.0,4,2,0
7bbbac14-7f98-46f8-8208-eda105a4bc3b,3792.6666666666665,321.6666666666667,188.66666666666666,0.05673333333333334,75857.0,8565.0,3,9,0
7bc61f35-6060-4172-95cf-c7f16da51c8a,4546.166666666667,489.6666666666667,275.3333333333333,0.05803333333333333,91525.0,7766.0,6,2,0
7bdef964-0a14-4e80-8a12-4849c0098fd6,4661.6,514.2,192.4,0.05778,92901.0,4544.0,5,4,0
7be6b2f9-7766-4e92-88f4-c73f7b323f8a,2494.5,339.0,224.5,0.06105,50059.0,1529.0,2,7,0
7beb86d0-c9ae-42ef-b5b5-cd79463f787c,1933.5,177.25,128.5,0.057225,39139.0,3063.0,8,3,2
7c112676-f52c-4453-a130-a7a7dde2043c,1111.0,114.0,78.0,0.057600000000000005,22617.0,7213.0,3,8,3
7c1d4cee-47b1-4a21-87d8-1973603714ec,1439.0,171.0,70.0,0.0582,28858.0,5863.0,2,5,1
7c34b2f0-c159-4bfc-8de8-e8adf2594153,2813.6,317.8,171.8,0.05898,56036.0,4226.0,5,4,2
7c34b530-75ca-491a-811d-b3a897effd6c,1228.8333333333333,130.83333333333334,84.66666666666667,0.059025,24452.0,171.0,6,6,1
7c3aa28f-96cf-4c78-ba74-61d4b4996ca0,3333.0,461.0,316.0,0.0617,66593.0,1984.0,1,11,0
7c3cb37a-79b5-4ff5-af04-27d398931cb9,2095.0,276.5,102.0,0.0596,41508.0,4128.0,2,8,3
7c530aec-89e6-4344-9f09-431c8acd69a6,4328.75,467.0,151.0,0.0571,86635.0,6825.0,4,5,0
7c5df2e0-83b8-4cfc-945b-a4c27797c552,1635.25,168.5,61.25,0.057050000000000003,32680.0,3757.0,4,0,1
7c6f02a0-e551-42a7-b5ba-dfc503a17bb1,2741.4,291.6,133.6,0.05802,54584.0,5409.0,5,11,3
7c7268bf-d1d8-4b90-9580-e8a4b39a5bc2,3554.0,352.0,134.28571428571428,0.05652857142857143,71464.0,1042.0,7,5,2
7c77fb2e-0956-4f25-8615-3d12653f2473,1122.2,113.2,54.6,0.05722000000000001,22547.0,9441.0,5,0,1
7c7d78d9-7274-48eb-a973-3abb02fd9b76,4328.0,436.3333333333333,138.66666666666666,0.0573,85598.0,8817.0,3,0,0
7c84e2d2-78e4-4c5d-a554-4b507db93785,2704.2,261.0,157.6,0.05824,53622.0,5368.0,5,2,2
7c985b04-48ce-487d-8d11-cdac2a62e8fc,3537.5,331.0,153.5,0.057749999999999996,69614.0,2981.0,2,5,2
7c9f02de-6a3a-4c38-a7a0-c1663a4a1ad1,3967.4,465.4,222.6,0.0581,80117.0,5538.0,5,1,0
7ca8929c-5e30-4a35-add2-7f5da72f6f86,1221.25,105.75,55.75,0.056999999999999995,24264.0,2015.0,4,0,1
7cb870ad-1b4f-40cf-85fe-6337d7c8bb25,2477.6,221.6,200.2,0.058660000000000004,49432.0,9856.0,5,3,2
7cc76558-7eb7-4443-9a6f-9c48558fa8db,284.5,26.5,20.0,0.0600375,5483.0,7068.0,4,1,1
7ced5b4f-c4f0-4641-807a-c8407ce40569,3104.3333333333335,324.0,154.33333333333334,0.057216666666666666,62606.0,8710.0,6,9,2
7d056821-2d65-4416-8f79-cb7babe988fa,1765.25,166.25,74.0,0.056475,35505.0,7269.0,4,9,3
7d12fd6d-b293-404a-860a-98500e685d84,1092.7142857142858,106.42857142857143,67.0,0.058235714285714286,21771.0,3929.0,7,14,3
7d23216f-a6cf-44c8-b3fd-010e62cc2416,2186.75,233.25,134.25,0.05915,43173.0,9729.0,4,1,2
7d299c35-5d88-4733-90e4-78da1e7c7992,520.0,48.0,51.0,0.06,10315.0,1641.0,1,2,1
7d2abd6d-6ee7-4f98-8eff-324623350672,2333.1111111111113,225.11111111111111,94.77777777777777,0.05685555555555556,46651.0,4178.0,9,3,2
7d4d63a1-b39b-4b8a-b128-bd030dd9d7da,3823.0,346.0,246.5,0.057300000000000004,77031.0,8072.0,2,4,0
7d60627e-1cbb-4783-8943-e15ab42036a2,122.5,11.0,8.0,0.063225,2201.0,5838.0,2,3,1
7d626140-003e-4a82-b073-620064ccd98c,4692.0,432.0,254.33333333333334,0.0572,94045.0,8362.0,3,2,0
7d65a383-5fcc-43db-a41e-95d2d5f236d1,2268.5,273.5,121.25,0.058825,45282.0,1242.0,4,4,2
7d65bfb3-d9da-4d94-b144-12309e1417b3,4230.75,336.5,192.25,0.0553,86048.0,2089.0,4,1,0
7d71a994-de5b-4575-bce0-34474846beb1,3383.8,281.2,190.8,0.05714,67467.0,9028.0,5,0,2
7d7793d0-64be-46b1-902d-f4277bb23ee6,4634.25,391.5,261.0,0.0572,92436.0,704.0,4,7,0
7d7f7eaf-1ea5-485d-8d82-55bdf6ee3ea0,1813.3333333333333,160.0,84.33333333333333,0.05673333333333333,36281.0,7228.0,3,9,3
7d9872c1-fdf8-4fee-b72d-0ecd7f000e47,3866.2,381.4,251.8,0.057940000000000005,77639.0,4623.0,5,1,0
7d9c5ad3-b9ce-4164-9df0-cf50d973af89,502.6,55.6,22.8,0.05852,9928.0,3289.0,5,5,1
7d9cea74-3ba2-422e-8f59-8b70521aacfd,3354.6666666666665,335.3333333333333,112.66666666666667,0.05636666666666667,67453.0,3052.0,3,1,2
7db2ad36-8138-4d39-8ec5-93d2d8ac6be5,671.0,55.0,26.5,0.054349999999999996,13842.0,8175.0,2,7,1
7dbec6eb-9c01-41c7-b629-04c2071aeb11,1334.25,150.5,79.0,0.05995,26082.0,253.0,4,0,1
7dc8c585-f8a7-4007-ada2-39be466f4297,93.5,8.0,4.0,0.0539875,1955.0,2605.0,4,2,1
7de91949-3b63-4a3a-9678-e2d78bc21a20,1430.7142857142858,96.0,112.0,0.05807142857142857,28213.0,1414.0,7,0,1
7deea7d9-1547-4297-9ae8-1b295155377d,2106.8571428571427,205.71428571428572,120.57142857142857,0.05727142857142857,42485.0,5530.0,7,0,2
7defeae1-12c5-4940-9f00-66653bcf28f9,7.875,0.125,0.125,0.05415,182.0,5701.0,8,8,1
7df2744a-b5e1-4d89-99f1-b656b8daf27f,1754.0,215.0,78.0,0.0583,35103.0,8210.0,1,5,1
7df39fa9-4072-4f51-8219-908da605c15b,2350.0,235.33333333333334,108.0,0.056999999999999995,47251.0,54.0,3,5,2
7dfb8663-9c32-4540-b0e6-d6a9f13de338,1795.0,210.0,165.0,0.06008,36109.0,8424.0,5,3,2
7dfee714-d7f9-46fb-9175-39cdbe1ac1bf,1767.6666666666667,216.66666666666666,83.33333333333333,0.05883333333333333,35163.0,2633.0,3,0,2
7e2ad8c1-e3fa-4f5d-863a-9826b1d8ef28,4452.2,458.4,195.2,0.057440000000000005,88885.0,7269.0,5,12,0
7e38e6e0-4fac-4ddf-9730-3d5e025e7ae3,2445.3333333333335,220.33333333333334,83.33333333333333,0.056,49102.0,6108.0,3,2,2
7e42c6b9-2981-4948-9abb-58d7d2990e91,3640.375,388.375,206.625,0.0580375,72967.0,4557.0,8,6,0
7e436152-2ee8-46b8-b8e9-95e3eda0028a,201.33333333333334,16.333333333333332,9.333333333333334,0.056799999999999996,3998.0,3424.0,3,0,1
7e46bd7a-8164-4a39-9cec-4a0359770223,3205.5,282.5,193.0,0.058050000000000004,63398.0,1649.0,4,15,3
7e49b5d4-a194-4331-b179-8fb031b60e38,3613.1428571428573,367.7142857142857,199.14285714285714,0.05782857142857143,72279.0,1140.0,7,2,0
7e5caf73-290e-405a-a19f-e042df9d4a6e,2330.0,257.5,81.75,0.0581,45948.0,9061.0,4,5,2
7e7c76c6-3152-4e92-bfa3-2d5b8500d4db,964.0,104.6,46.2,0.059620000000000006,18696.0,6994.0,5,1,1
7e88f980-929e-4b8f-9da8-f799389289f2,792.5,84.5,67.0,0.0613,15406.0,1863.0,2,1,1
7e8a21b2-01c9-4311-9753-d53c1ac84883,4782.25,594.0,262.75,0.059825,94261.0,9332.0,4,6,0
7e8ca987-1578-46a2-a034-02e906c24d50,1344.8,96.2,93.2,0.05754,26663.0,9490.0,5,5,1
7ea58b9e-6b56-4bc7-9349-8651936bac0c,1784.0,246.0,25.0,0.0574,35774.0,7852.0,1,5,1
7eb8cde5-f9b6-40c4-b0a0-a436ab3838af,1105.8,122.0,53.8,0.05856,21883.0,1912.0,5,1,1
7eba95ac-c5d5-4c10-a193-5c6ad35cbab8,278.6666666666667,18.666666666666668,21.0,0.0557,5716.0,663.0,3,5,1
7edd9975-f2f4-4018-8120-8797ccc756b5,4956.2,450.8,168.4,0.0561,99383.0,7598.0,5,5,0
7ee1d98d-00e2-4311-bfaa-bb6354b25b08,1123.857142857143,116.57142857142857,70.57142857142857,0.05834285714285714,22473.0,8082.0,7,1,1
7ee28047-eb5d-4593-aa44-72921600364c,2690.5,265.0,142.0,0.057975,53429.0,4721.0,4,0,2
7ee90f73-e59a-4288-9229-09f25a4b9779,3019.6,336.8,172.4,0.05872000000000001,60075.0,8580.0,5,1,2
7ef88066-9c90-4cb2-b7dd-a005f9af985b,4817.333333333333,444.3333333333333,249.66666666666666,0.0573,96167.0,5538.0,3,1,0
7f091e45-171f-4691-9829-677e403070d1,239.28571428571428,26.0,10.857142857142858,0.055228571428571425,4999.0,6971.0,7,0,1
7f1a507d-4507-4d12-989a-d36d0f6ba9d7,823.0,64.75,63.25,0.059025,16111.0,3525.0,4,3,1
7f24d69e-1a47-41d3-afb1-6f62463b4ba9,3427.0,467.0,173.0,0.0605,67208.0,3217.0,1,11,0
7f270d83-e461-46ca-b9a3-c1519138ab3f,1214.5,108.5,77.5,0.05895,23771.0,8507.0,2,6,1
7f4b0cd6-27fa-400e-9dc9-c41151b59a78,2093.0,236.0,131.0,0.059274999999999994,41493.0,2188.0,4,0,2
7f6479c4-d672-4780-af9a-1043e92bf983,152.0,11.5,9.75,0.0528,3281.0,4048.0,4,1,1
7f6af6ac-b07d-43ac-9ed2-328b485494b6,2319.5555555555557,232.11111111111111,73.22222222222223,0.055911111111111106,46943.0,4517.0,9,2,2
7f764e14-742d-4d4c-9cd7-f58a5a0d08a7,1613.6666666666667,143.83333333333334,118.0,0.05906666666666666,31746.0,7337.0,6,3,1
7f801abc-98a2-4888-b846-d609cdf32da0,988.5,100.25,52.75,0.0576,19826.0,421.0,4,9,3
7f879a77-60f5-4ca0-a2e5-25bb6a1ad19c,4063.0,423.0,303.0,0.058885714285714284,81335.0,5857.0,7,8,0
7f8f2f58-ac7c-4fbf-94da-73ff75775891,304.5,25.5,14.5,0.06115,5636.0,5848.0,2,7,1
7f961f5a-2ec8-4a68-8541-2975079fb395,3318.5,357.5,219.5,0.0591,65942.0,4235.0,2,3,0
7f976c8c-4033-402d-a2cd-2dd78b9c0175,267.0,28.0,8.0,0.05405,5608.0,3692.0,2,6,1
7f9931ac-7334-4b2c-ad2f-fb1b10434e08,4343.571428571428,514.8571428571429,200.28571428571428,0.0578,87526.0,3232.0,7,11,0
7fa83fcc-6e1f-4e28-ab9e-fa105bdfdbde,4432.666666666667,484.8333333333333,276.8333333333333,0.05831666666666666,89054.0,1044.0,6,3,0
7fab7dbf-0387-44c1-89dc-a217e1b9e17a,4486.75,442.5,263.75,0.057825,89774.0,2349.0,4,1,0
7fab9be4-199a-4526-acce-9612227ad20f,1187.6,113.0,61.2,0.05782,23558.0,5580.0,5,3,1
7fc7c71d-3727-4362-aaf0-e072378e21b1,4430.666666666667,460.0,281.0,0.05803333333333333,89115.0,259.0,3,3,0
7fca7de0-b495-471e-a9e3-d22acfd7225b,2377.3333333333335,221.66666666666666,171.33333333333334,0.05943333333333334,46624.0,2034.0,3,3,2
7fd5fe2b-997d-41a6-8eb7-364740eb0f8a,2639.0,218.0,155.4,0.05666,53154.0,2704.0,5,0,2
7fe3055e-ea1e-43d4-9e3e-4fcaa4212470,679.2857142857143,90.14285714285714,40.42857142857143,0.06072857142857143,13338.0,7478.0,7,3,1
7fea38a0-dd88-4e72-97b5-fa90ea0ad335,2278.6,164.2,122.4,0.05678,45166.0,6111.0,5,1,2
800fd325-3a4f-4912-810a-fd23b6c2aa3b,1316.1666666666667,123.33333333333333,62.833333333333336,0.05775,26015.0,8930.0,6,8,3
801af455-d857-426f-bb6a-cf2eff4a1d2d,1304.0,186.5,23.0,0.06025,25132.0,2982.0,2,6,1
801b706f-45ac-4474-97de-741f22afc979,4856.333333333333,448.0,155.0,0.0567,96300.0,2036.0,3,10,0
802c2f89-136d-40cb-a6a6-5e7469e14e27,287.4,31.0,14.4,0.05685,5859.0,6785.0,5,8,1
8034d02e-5719-458e-a754-38f4b006c923,2457.0,278.6666666666667,152.5,0.05791666666666667,49856.0,9349.0,6,1,2
803d8e41-8a4a-4a63-8d92-5ed647be2171,1913.0,207.0,55.0,0.0571,38082.0,2215.0,1,9,3
803df1bb-d7cf-4039-8985-ea4b529a6281,4459.0,320.5,245.0,0.05685,88400.0,665.0,2,9,0
806c571f-48a1-407d-baa2-f64bfdc29e92,3261.0,401.0,321.0,0.0614,64840.0,4546.0,1,15,0
8078a253-dec5-45ae-9929-b04336c309bf,1561.3333333333333,148.33333333333334,69.33333333333333,0.055066666666666673,32308.0,5580.0,3,7,3
8090db15-0c31-448d-a938-582071af926f,3184.8888888888887,366.44444444444446,160.0,0.05756666666666667,64469.0,4856.0,9,2,2
809a9b05-832a-4344-bc36-f628aa24fb52,2483.75,270.25,144.75,0.058050000000000004,49944.0,7096.0,4,5,2
80b3ef71-79c1-4f24-be59-e5849d3b9bac,2217.25,235.25,154.25,0.059399999999999994,43869.0,6416.0,4,5,2
80be766d-f6e9-4482-8e04-8aa1895b3360,3265.75,345.0,140.75,0.057874999999999996,64830.0,4929.0,4,3,2
80dfa61c-d1df-4dc7-af9d-c6511eaf79fa,2623.6666666666665,270.6666666666667,122.0,0.057433333333333336,52531.0,6384.0,3,4,2
80f498b9-48b4-4af4-8b0d-22c0f4858132,4191.0,439.6,233.6,0.058120000000000005,83727.0,3089.0,5,3,0
811bbafa-c513-4590-8d6c-fb23da2287c0,1053.0,106.0,90.5,0.06025,20744.0,2902.0,2,2,1
813f3790-0afe-4b44-b4ce-e92dda0227e9,2873.75,302.0,210.0,0.0592,57170.0,2966.0,4,5,2
813f87f8-4bf3-4cc1-9718-268ae2f1dcc0,1745.5,123.0,60.75,0.055125,34999.0,6686.0,4,12,3
814aede9-5bed-4d50-a7bb-1daa54d5c4ec,3989.75,406.25,280.5,0.058975,79290.0,2677.0,4,3,0
81596968-538f-41dd-a9b2-f2d46a2da8f0,3661.8,408.8,230.0,0.057699999999999994,74527.0,1671.0,5,2,0
815fe8e1-2fd8-479c-9396-8171590c4b6e,2469.3333333333335,290.3333333333333,121.0,0.05783333333333333,49801.0,5479.0,3,14,3
81601341-2077-41df-b5d2-5a3aa130b3c1,2719.5,267.25,153.75,0.057425000000000004,54675.0,1057.0,4,2,2
8192d784-efb7-43d9-9956-2d2107ea345f,3238.0,339.85714285714283,134.85714285714286,0.057242857142857144,64864.0,9189.0,7,7,2
81990341-b8c6-47b6-8ade-0a64453c0a42,811.0,74.0,58.0,0.0603,15634.0,279.0,2,10,3
81a3ebcb-8859-45f6-b28c-f99899109c33,1701.2857142857142,173.42857142857142,93.85714285714286,0.05722857142857143,34390.0,252.0,7,10,3
81b58bf2-33bb-46f5-aa17-d2137fa327e5,1736.6,182.6,114.8,0.05716,35584.0,9074.0,5,10,3
81bd04f2-ea64-404c-9224-7da357fe86f5,3580.5,376.3333333333333,280.3333333333333,0.05886666666666667,71983.0,7221.0,6,2,0
81bf831c-9ee1-45b2-8d6d-9ae56dd14d39,4040.5,378.0,292.0,0.058800000000000005,80063.0,4088.0,2,9,0
81c02658-9bf0-4c93-8c61-61fbc3e5459a,1153.6666666666667,101.5,64.33333333333333,0.057416666666666664,22986.0,7367.0,6,3,1
81c3aa0f-0d17-48ca-8e1e-10a2c9e2404c,3782.3333333333335,291.3333333333333,51.0,0.054933333333333334,75059.0,195.0,3,2,2
81cacf37-2885-445a-a404-bfb40ff418c8,3115.6,351.6,130.6,0.05822000000000001,61791.0,1112.0,5,1,2
81d54183-858f-4d08-a0ce-68914a97dcb0,3715.3333333333335,401.6666666666667,281.0,0.05923333333333333,74255.0,6231.0,3,3,0
81e7dda1-3bee-41f4-8d7d-b3a1759e44a5,2021.5,157.5,76.5,0.056749999999999995,39776.0,7752.0,2,3,1
81ecc2a4-4dbe-4eb0-9729-32c92091ff5a,2356.8,209.2,120.4,0.056679999999999994,47390.0,8741.0,5,4,2
81ee994a-010b-497b-8a34-bf779486d001,4096.333333333333,454.0,320.0,0.06063333333333334,80340.0,8506.0,3,8,0
81fffb6b-1835-4ffa-98e7-d7b34cd3edbd,2481.375,238.375,145.875,0.05745,49885.0,6962.0,8,1,2
8214434d-9168-4350-addd-6829cad28c7f,4260.6,368.8,179.2,0.056420000000000005,85262.0,8874.0,5,12,0
82192e3e-89f7-424c-9dbd-0a0a6b7cfa7f,1990.0,112.0,88.0,0.0558,39231.0,4795.0,1,3,1
821964cd-f7b3-45ed-ac08-ccfbcd54f95e,765.3333333333334,83.33333333333333,39.0,0.05936666666666667,14960.0,5518.0,6,1,1
8227dae7-b6bf-4ad7-8ca9-514414fa1abb,4577.0,436.6666666666667,221.0,0.056933333333333336,91935.0,4326.0,3,1,0
8229e5cb-3eb5-4db3-91da-f79c89645bd9,29.0,3.0,1.5,0.05735,584.0,2165.0,2,5,1
822bdc1e-8f4c-41f0-bb11-94020e1a908e,5031.8,456.0,268.8,0.057640000000000004,99840.0,6028.0,5,7,0
824a05a6-7b0a-4d65-9d3e-61057fa84633,3830.0,385.6666666666667,302.3333333333333,0.0592,76310.0,7092.0,3,2,0
824b262f-7cdd-4b56-909c-02fb14109d70,1332.6666666666667,130.66666666666666,64.0,0.057433333333333336,26593.0,8208.0,3,7,3
82502ad3-fb94-438f-87c3-93d051d1247c,3131.3333333333335,405.0,129.0,0.05886666666666667,62228.0,6454.0,3,1,2
8251e1c4-3982-4e04-a932-dde5e1d4c9f7,3133.0,317.5,149.0,0.05753333333333333,62544.0,751.0,6,0,2
8256f3a5-52bb-4b6b-9e64-716d17a07611,3822.0,394.0,261.8333333333333,0.05876666666666667,76195.0,6730.0,6,4,0
825f030e-25e4-4bc5-9420-ed89f567a6d1,2987.0,309.0,35.0,0.0558,59698.0,6261.0,1,4,2
825fe782-16db-47e4-b895-dc4dcf337239,639.5,79.5,41.5,0.059525,12677.0,8786.0,6,2,1
8269c96e-7e67-4e3d-a0bf-9908a4fe3230,4177.0,348.75,226.75,0.057125,83201.0,462.0,4,3,0
826db911-0df3-4468-8d1f-4741226b8ac7,28.666666666666668,2.5,0.16666666666666666,0.058258333333333336,502.0,3551.0,6,4,1
82710703-70bf-4eb2-bb4f-74b2eaa295c8,3493.0,292.75,280.75,0.058025,70090.0,8022.0,4,4,0
8288663c-ebe7-4989-98e1-b2b9014bcbfd,1193.0,78.0,36.0,0.0548,23858.0,5925.0,1,1,1
828a984d-8f6b-4d14-a9cc-3b486bb5f602,4555.25,405.5,290.0,0.057675,91068.0,1210.0,4,7,0
828eedc9-8338-46ba-8fe4-3f7bd4f79cae,3311.3333333333335,359.6666666666667,196.0,0.058633333333333336,65948.0,9844.0,6,0,2
82add28b-569e-4956-bcee-62e29e78d86e,1774.6666666666667,155.66666666666666,87.0,0.05783333333333333,34860.0,6980.0,3,1,1
82b40281-f0f1-4726-9f3b-f382c64d6d94,965.5,89.5,44.25,0.055625,19771.0,4306.0,4,15,3
82bc6c6d-b309-4f9a-ab64-ba42293f89ef,705.6,70.0,30.2,0.059,13655.0,9813.0,5,10,3
82e0d662-959c-413d-b93b-0a2316741106,1518.2857142857142,157.14285714285714,105.42857142857143,0.05851428571428572,30440.0,7488.0,7,0,1
82e1f44a-c0cf-4aa9-84b3-5388e097ca79,749.25,94.25,26.0,0.05645,15401.0,4035.0,4,0,1
82edb0c1-a840-41cc-9e24-e65564f32b3d,2420.5,311.0,190.5,0.0592,49341.0,2705.0,2,2,2
82f8d9e1-7c8f-47e8-a568-d86c8dfd8dbc,3952.5,323.25,287.0,0.058275,78272.0,6302.0,4,0,0
8301b666-dec4-49e6-a0cc-2ffab5d3f3db,2988.6666666666665,289.6666666666667,140.0,0.05728333333333333,59661.0,4823.0,6,15,3
8312c17f-29f1-460d-a521-2d8c7eb02b01,3157.2727272727275,345.6363636363636,190.36363636363637,0.0583,63349.0,4518.0,11,7,2
8313b17e-6775-4a7b-bb03-7284d5a845d5,4148.0,572.0,167.0,0.0582,84027.0,928.0,1,2,0
831c81fe-c2da-436f-9598-364a4f84685a,1261.25,154.875,81.75,0.059875,25014.0,7194.0,8,5,1
832a2e62-bb20-4c78-921c-7768279b3681,2117.5,287.0,61.5,0.058050000000000004,42473.0,4790.0,2,3,2
833419e4-f7f1-41d0-adb8-8de45266f62c,3034.0,361.6666666666667,149.33333333333334,0.057966666666666666,61167.0,1879.0,3,7,2
834c055a-cec1-4a69-8433-b1d3572a7b81,3105.3333333333335,296.0,219.33333333333334,0.058600000000000006,61806.0,9209.0,3,1,2
834e3f7b-b07b-4b7b-9414-785d32b9b669,956.0,134.0,14.0,0.0599,18428.0,1616.0,1,5,1
834ec823-05be-4cc4-ac31-8fb16e015f34,590.75,69.25,40.0,0.057762499999999994,12244.0,4672.0,4,5,1
835529f5-68b2-4183-bbc4-0955e3dee2cf,3039.0,197.66666666666666,213.33333333333334,0.05706666666666666,60470.0,2466.0,3,0,2
835820f2-9ca4-4a2b-be4e-5d2ec23ae784,4532.333333333333,490.6666666666667,192.33333333333334,0.056966666666666665,91576.0,9479.0,3,1,0
83584dd4-180f-495c-995d-e586910a48dd,4832.666666666667,409.6666666666667,268.3333333333333,0.056933333333333336,96816.0,9435.0,6,3,0
835a49c5-9476-4759-9a83-2e75fb4e8c7c,1990.3333333333333,198.0,120.33333333333333,0.058100000000000006,39731.0,2604.0,3,0,2
835c4423-55c5-48d8-8bd9-55f000ed3d0e,4553.5,437.0,142.75,0.056325,91172.0,398.0,4,1,0
8361a4d5-2b43-45cf-bbce-855923ed2217,3412.8,349.0,212.8,0.05838,68077.0,9371.0,5,5,0
8371f7e6-af6b-41a0-9d8b-89017c1221f8,1896.75,166.5,118.25,0.057375,38025.0,6621.0,4,10,3
8372b087-8730-4f99-bf45-396b0fa828da,4360.666666666667,451.0,397.3333333333333,0.0605,86066.0,2685.0,3,4,0
83994528-0c98-4d45-b015-382a364b9a27,3750.6666666666665,436.1666666666667,189.33333333333334,0.05821666666666667,75160.0,7731.0,6,8,0
839a2b5e-eb90-45bd-b64c-e2ccf8d593c4,1603.6,158.0,95.2,0.056620000000000004,32802.0,1999.0,5,1,1
83a1a378-f7a4-4679-84f8-188932f37072,2493.0,201.25,183.25,0.057175,50346.0,6900.0,4,0,2
83c394b6-abdb-4100-9f0e-322bf0401cf7,4284.0,425.0,95.0,0.0557,86199.0,3240.0,1,7,0
83c8feeb-8c08-47e5-a1ba-dfa4e0093db5,4675.909090909091,490.3636363636364,261.40909090909093,0.05837272727272727,92995.0,5646.0,11,8,0
83d3ef8a-85af-48da-bfe3-191e8d7de146,3344.3333333333335,357.6666666666667,236.66666666666666,0.05926666666666667,66453.0,1235.0,3,1,0
83f0d85a-f1df-42b9-86ca-03d4f9a14042,3570.0,438.0,186.0,0.0605,69281.0,4625.0,1,13,0
83f3082b-a454-4833-ba75-742cdf14aed6,3740.625,354.625,267.5,0.0583875,74731.0,364.0,8,4,0
83f46778-2fd0-4eb5-81e3-156bdefb2673,4996.5,657.5,217.5,0.05955,98638.0,4951.0,2,0,0
83f79172-bb4c-401b-ab91-04afe144e23c,4713.5,616.5,326.0,0.0601,94102.0,4693.0,2,0,0
83f99bf2-978c-4c0b-947d-c02d92e5466e,1861.0,218.0,41.0,0.0587,36086.0,1279.0,1,1,1
84122edf-6cb6-48b3-9871-59c8a8adbd88,2186.0,187.6,141.2,0.05766,43622.0,5259.0,5,14,3
842600c1-7adc-4ac8-9ad5-d24b91734166,1979.6666666666667,163.0,152.0,0.05676666666666667,40427.0,486.0,3,5,2
842c5aab-7317-429c-9462-ac00ffaf7238,4642.5,489.5,160.75,0.057075,92742.0,678.0,4,13,0
843cc328-dfba-49f0-97e9-d448b369689f,189.5,15.5,10.5,0.05475,3938.0,220.0,2,3,1
844e9ca6-132e-4f63-a7c4-19170086c44a,1569.1666666666667,132.66666666666666,91.16666666666667,0.056383333333333334,31796.0,1169.0,6,2,1
845b7d40-3cda-42c2-bfb5-9d172bbcd72e,2743.0,317.5,171.25,0.058975,54787.0,6672.0,4,1,2
8476222d-ba4b-4c0b-a277-bca9b6958683,3280.3333333333335,404.0,84.0,0.0577,65330.0,3854.0,3,9,2
847b5711-4186-4fea-aee9-985b1319479c,4365.4,491.4,214.8,0.05828,86998.0,1817.0,5,8,0
849079b8-d631-43a8-ac61-44b3702b7f87,1158.5,145.5,79.0,0.05905,23418.0,1294.0,2,6,1
84931edd-f797-4d16-8029-f525e4c82dbe,3256.4285714285716,263.42857142857144,188.71428571428572,0.05714285714285715,64935.0,4485.0,7,11,2
84b05805-8543-4db2-a969-87a823e4cb96,2232.0,231.0,188.0,0.0604,43888.0,8947.0,1,0,2
84c10756-07f0-4d23-862e-5d28fa302465,4348.0,498.0,223.33333333333334,0.05786666666666667,87639.0,5081.0,3,3,0
84d02a30-3550-4a80-b55b-fceb20a9d924,3216.0,417.0,242.0,0.0617,62789.0,8160.0,1,11,0
850f3451-cf7d-4623-9178-89d8e1545089,4690.0,590.3333333333334,219.0,0.0588,93504.0,5311.0,3,0,0
853050c1-c98d-4734-b0ca-34f350302764,498.2,55.2,24.0,0.05804,9953.0,1561.0,5,0,1
8532ac6e-a442-48ea-a528-b94d9b0bdc47,2629.0,302.0,120.0,0.057,53530.0,389.0,1,9,3
854c3b7e-ba4e-4c4f-9a56-a64d1d5ea0c4,4394.25,511.75,270.25,0.058875,87937.0,5977.0,4,0,0
85711163-84fc-4a18-ace7-6e10f19277d5,143.33333333333334,13.333333333333334,7.333333333333333,0.05634166666666666,2915.0,4863.0,6,0,1
85712dbb-974f-4acc-814e-d672b3639f7d,470.8,37.6,19.2,0.05732,9202.0,5413.0,5,0,1
857b5b9b-8c04-4844-b4bc-ef250e2804e3,3438.3333333333335,350.6666666666667,170.0,0.05761666666666667,68716.0,4116.0,6,6,2
85a84568-c2e1-4a81-bddb-0456ee0190ea,2180.0,109.0,199.0,0.0576,43164.0,96.0,1,11,3
85b840ae-4e22-4dd8-8199-058a0b638028,4740.5,433.0,223.5,0.05735,94125.0,4294.0,2,5,0
85ecf572-d1f8-4530-a470-3c5fd292d432,4557.75,536.0,230.5,0.057975,91846.0,1291.0,4,6,0
85ee191f-57e6-4a6c-a4a8-db3b1a36b4b4,438.25,43.0,27.25,0.057749999999999996,8802.0,2257.0,4,7,1
85f63c08-47e1-4f46-afad-e45ed685731c,3832.75,403.0,154.5,0.05735,76545.0,9622.0,4,14,0
85faf6f5-8647-43d0-8007-6f45497321ae,2817.3333333333335,304.0,93.66666666666667,0.056133333333333334,57285.0,6968.0,3,1,2
8601763d-8704-48d6-be90-e233278b8a31,1355.0,126.0,97.0,0.061,25857.0,9012.0,1,9,3
860f6d8b-6e58-4bd1-a568-fb712a9ba1c4,2194.0,147.0,175.5,0.05745,43804.0,6613.0,2,2,2
86197a03-6f59-4d8b-a15a-fe4440357091,3662.1666666666665,291.6666666666667,206.33333333333334,0.0564,73781.0,1228.0,6,5,2
8621cb7d-deae-425b-aa73-e8f5c84289b3,997.4,108.8,41.2,0.057479999999999996,19964.0,2629.0,5,1,1
86229672-4b86-4ddc-b0da-64ebf44cec56,103.5,7.0,4.5,0.05585,2059.0,2745.0,4,0,1
862bd218-461a-4c71-bebb-1995d7feb263,4362.0,488.0,69.0,0.0555,88603.0,3502.0,1,10,0
862fc939-4a12-430a-82a2-a81c1b703db4,4987.0,309.0,259.0,0.057,97477.0,9957.0,1,5,0
86352796-35e6-47d4-a589-aa352d7490d4,3780.4444444444443,380.6666666666667,143.33333333333334,0.05701111111111111,75514.0,1631.0,9,5,2
86361060-6aaf-49bb-9b35-14d3b78c7684,3289.0,309.5,212.5,0.05895,64671.0,8122.0,2,3,0
8641ae3d-945c-4c26-89c6-97934d3193a4,3207.5,231.0,187.0,0.05545,65378.0,4795.0,2,3,2
864cb32e-e736-4707-b8e1-f68b9aa5203d,3135.5,341.0,114.0,0.0574,62523.0,1329.0,2,8,2
865ba9e0-ca72-498f-b561-c59aff10ca87,259.5,15.5,14.0,0.05425,5329.0,4138.0,2,8,1
865bd707-37ea-4aa4-9d17-0737ae97cd52,1948.0,153.0,32.0,0.0539,39568.0,2072.0,2,2,1
8667bc0c-a7d9-47bd-9dbe-77a5d34520d8,3030.5,337.75,155.75,0.05775,61020.0,8079.0,4,8,2
866a730a-d784-4b79-9bf4-474ff4c046d9,1612.6666666666667,183.33333333333334,83.66666666666667,0.05765,32599.0,9107.0,6,0,1
866ddfee-132e-417a-aeac-73ab0a77880a,275.0,32.5,15.0,0.05685,5673.0,6701.0,2,7,1
867d721d-bca0-48a4-a290-af0cab75e953,2394.8333333333335,271.3333333333333,181.33333333333334,0.05923333333333333,48068.0,495.0,6,0,2
868192bb-2f93-4dd3-94ad-4020f895b18f,4330.0,403.0,312.0,0.0604,83553.0,2559.0,1,4,0
868d1779-51cd-4eb8-bd06-a412aa8284a6,1171.0,115.33333333333333,61.333333333333336,0.05486666666666667,24556.0,6096.0,3,0,1
868dfc9e-c75f-4130-9d7e-82d85ed4743d,2849.75,275.75,91.0,0.0561,57315.0,2139.0,4,0,2
868fa080-6018-4bad-8bfa-8f43c5e6cae8,2650.6666666666665,309.6666666666667,219.33333333333334,0.05946666666666667,53485.0,3841.0,3,3,2
86b3e872-7298-48bd-acfe-aec21482c46a,4181.166666666667,424.0,192.0,0.05666666666666667,84655.0,2119.0,6,6,0
86b50194-cca2-41ff-a190-b8c21654f0d6,972.75,98.5,43.5,0.057374999999999995,19434.0,1425.0,4,15,3
86c18e8a-c4c8-41b3-8eac-765e18be4bfb,4529.0,311.6666666666667,222.33333333333334,0.055799999999999995,90779.0,5315.0,3,3,0
86c66145-e121-4523-b1bc-bc8e0542f30a,250.0,28.5,17.5,0.059575,4950.0,9169.0,2,5,1
86c6d3b7-4f0d-41e5-9a49-eab75167e2ff,3295.75,302.0,242.75,0.057775,66466.0,7479.0,4,1,2
86d7f9b2-5504-40cb-adaf-b75fa68cf25f,3486.0,384.25,187.0,0.058499999999999996,69381.0,8721.0,4,14,0
86df7d53-c7df-4ad9-92b0-e6a60e66a3c1,2271.5,247.0,154.5,0.058550000000000005,45663.0,7196.0,2,11,3
86e3fa74-176a-4a6a-be52-412dba71248f,1110.2222222222222,102.0,75.55555555555556,0.057388888888888885,22438.0,1515.0,9,12,3
86e93367-e650-4850-947b-0bc5f8f94e52,2846.6,300.6,183.0,0.05956,55900.0,3794.0,5,15,3
86ef885d-2767-4824-873d-17b47ab8f6cd,2954.5555555555557,245.11111111111111,148.55555555555554,0.05662222222222223,59129.0,1458.0,9,2,2
86fbf017-150a-47a7-9118-9463973ba5bd,2982.0,348.0,208.5,0.058249999999999996,60756.0,5829.0,2,7,0
87008512-6216-4174-ae8a-480ec1c36758,4813.5,503.25,249.75,0.057725,96424.0,6772.0,4,3,0
8722c48b-3516-4e22-996c-038c2c86177b,4142.0,400.0,236.5,0.0571,83682.0,5009.0,2,2,0
8727f5d5-da77-4b89-bb5f-59e8b0ceab7f,3659.3333333333335,350.0,119.5,0.05628333333333333,73372.0,9906.0,6,4,2
8736be13-8260-4517-82b6-ce490acc41be,538.75,50.25,35.75,0.059075,10576.0,4789.0,4,0,1
8742d997-df77-4888-994c-b8a16b44f421,999.0,107.4,46.8,0.05798,19886.0,7732.0,5,0,1
874627ba-342c-4f4d-9bee-e15909d9346f,4690.5,499.0,307.75,0.058050000000000004,94789.0,5675.0,2,3,0
8748529d-ac97-4c88-9ab3-c2cbcd2c1ee7,4034.0,339.5,222.33333333333334,0.05706666666666666,80522.0,9171.0,6,8,0
874d1bb0-85d0-4934-8fdb-221fe2e10e08,90.0,6.0,6.0,0.0575,1773.0,464.0,1,12,3
8773580e-b514-4d94-b613-08b6d4e80750,4929.333333333333,436.3333333333333,175.0,0.055900000000000005,99094.0,3345.0,3,8,0
87817246-2e43-46e8-a346-14e8ed9b4b40,2905.0,332.25,206.0,0.059325,58024.0,7291.0,4,3,2
87942a08-1b84-4223-bf29-a69ff01aec0c,2608.0,264.5,98.0,0.05635,52709.0,5546.0,2,11,3
8797b026-d770-46f9-921f-3b81a3e1ce68,4491.5,256.5,356.25,0.0571,89545.0,1126.0,2,15,0
87b2fe32-fe1e-4663-8a63-e2f9e34c0abb,711.0,102.0,50.0,0.0603,14302.0,4873.0,1,5,1
87cab5ee-7062-44b0-ae39-d6d2e68bca4c,2640.75,310.0,170.0,0.05865,53204.0,5740.0,4,0,2
87d14a24-e411-498e-90d7-8d635fa5e38b,3754.6666666666665,298.0,222.66666666666666,0.056633333333333334,75475.0,6788.0,3,5,0
87d24a68-4d0e-4d34-9220-e8204d6278b9,141.0,14.0,10.0,0.06,2751.0,5144.0,1,10,3
87e577e1-34b9-4615-ae68-bed07e37f6c8,2622.0,271.2,155.4,0.05784,52695.0,3581.0,5,4,2
87f0b614-71dd-42ea-bdae-661da84e6364,4080.0,423.6666666666667,288.3333333333333,0.05840000000000001,82095.0,2957.0,3,5,0
87f32421-7d11-4ee7-9e9d-75e9edacc726,4793.0,422.25,235.0,0.056875,95830.0,8101.0,4,0,0
87f768e3-c8de-4543-9519-2e4c4a7318ba,2995.3333333333335,289.6666666666667,224.66666666666666,0.059133333333333336,59376.0,6421.0,3,5,2
88005bc6-cdbf-4655-b731-6a332790b7cc,3273.8333333333335,403.8333333333333,110.16666666666667,0.05775,65580.0,9375.0,6,9,0
8802b095-afc8-4c8e-bf66-df1834d67e17,1181.25,96.5,63.25,0.05595,23963.0,294.0,4,1,1
88067ffe-390b-4551-8ccf-868c4ab9fc45,4661.333333333333,382.3333333333333,231.0,0.0567,93044.0,604.0,3,0,0
880cec81-7b5a-4e6a-9fd5-ac3004d75201,4374.0,490.0,425.5,0.061,86852.0,2586.0,1,14,0
880cee61-ad0e-4439-bad5-c72670fa7d53,2342.4,242.8,96.2,0.05696,47076.0,1536.0,5,0,2
883855fe-ce83-429d-bda0-72e33eba4cad,397.2,31.6,18.8,0.058620000000000005,7636.0,7592.0,5,2,1
8847efa7-83ac-4e85-a132-0efe1c7440a1,306.3333333333333,25.166666666666668,13.833333333333334,0.05532499999999999,6251.0,9210.0,6,0,1
886cda2a-1e3d-48e7-bbbe-1d2684288d5a,1165.0,148.5,31.5,0.057749999999999996,23283.0,1562.0,2,4,1
8894d29e-de49-473f-9c90-0d41b4f692a8,302.5,22.0,15.25,0.053087499999999996,6410.0,4766.0,4,6,1
88981d9a-a364-4e5e-afa7-93529c633773,2690.4285714285716,315.7142857142857,150.71428571428572,0.05885714285714285,53662.0,139.0,7,2,2
8899f49a-a9d7-44df-bfdd-9ddf5d6e58a7,2048.3333333333335,203.0,82.33333333333333,0.05703333333333333,40919.0,4258.0,3,4,2
88aaf6e7-efd0-4461-bbc7-a9ab9e35197c,635.5,65.0,28.0,0.057133333333333335,12757.0,9084.0,6,2,1
88b00518-c30a-4dc3-911f-d5c176ea029b,4533.0,617.0,303.0,0.0603,90506.0,9769.0,1,15,0
88bdb745-5244-4f97-8e30-467690b3cbf1,3966.0,582.0,355.0,0.0619,79174.0,6341.0,1,4,0
88bf8b27-2566-42ad-a672-8567bf9f78da,4418.714285714285,391.2857142857143,352.5,0.057742857142857144,89453.0,5623.0,7,10,0
88c5e24b-f0bc-4cdf-8400-5e26a0be57fe,3863.8333333333335,416.6666666666667,219.83333333333334,0.05843333333333334,77015.0,9286.0,6,2,0
88db0ab5-1c7a-45a2-8dba-2e2a737a8938,3874.5,526.0,185.0,0.0596,76910.0,4994.0,2,11,0
8904e4e4-e837-412c-91eb-0739b2784db1,3567.2,346.6,162.2,0.05754,70857.0,9754.0,5,1,2
890cf170-093e-40c4-9f6e-173ff59f070b,3026.6666666666665,337.1666666666667,156.66666666666666,0.0582,60490.0,660.0,6,6,2
89122fa9-3232-43d8-a6da-710bc40176b7,3823.0,204.0,114.0,0.0534,77495.0,1711.0,1,14,3
8916393d-6c21-48ae-993a-7aa5cf6d0165,228.33333333333334,24.0,17.0,0.05636666666666667,4779.0,9764.0,3,2,1
8921ae25-cccc-42a6-a9dd-f34077cab9cd,4025.0,432.0,154.25,0.057475,80217.0,6590.0,4,0,0
8924083c-4c19-43e2-80a0-78c3336193da,3285.4285714285716,307.14285714285717,159.71428571428572,0.05670000000000001,66162.0,4836.0,7,11,2
8927ee9e-f36b-4f0a-b5bb-aceacc271253,3845.3333333333335,458.0,217.66666666666666,0.058666666666666666,77053.0,2935.0,6,3,0
8935d7b8-b05d-4c7f-ac8d-bb88f478092f,739.5,76.75,43.0,0.05585,15386.0,8065.0,4,0,1
8948a7e4-77a5-4331-b09f-03c0c5d77450,370.0,47.333333333333336,13.0,0.054966666666666664,7832.0,1693.0,3,6,1
8956a05b-361e-4e48-ab23-b1cf6c0fa739,1371.75,151.25,84.0,0.05815,27629.0,1479.0,4,0,1
895b5979-e9a5-4416-875e-e812af3d6430,3330.0,353.0,153.66666666666666,0.057966666666666666,66232.0,691.0,3,4,2
895d9427-d6e6-44d1-adef-43971f1c5daf,1791.875,171.375,101.125,0.056875,36290.0,8452.0,8,9,3
8964f795-a195-4321-9785-5b05745c3ba3,3986.0,478.8,179.0,0.058140000000000004,79877.0,9583.0,5,0,0
8966394e-8785-45d2-99ec-663bd4267b2e,1645.4,158.4,107.4,0.0583,32775.0,5238.0,5,12,3
89752bd6-6983-4274-aff4-c635f93e915b,4577.666666666667,463.8333333333333,197.5,0.05698333333333333,91904.0,8611.0,6,12,0
898480cb-c2d0-41ea-af35-4fa276550a5d,4633.25,468.25,293.5,0.058725,91852.0,8473.0,4,4,0
89895f92-0121-43ff-861c-842cfb902dd9,280.3333333333333,30.333333333333332,11.666666666666666,0.05776666666666667,5578.0,2161.0,3,3,1
89a9de99-b81f-44df-9870-e0968bd2958d,2344.0,152.5,170.5,0.0577,46211.0,3778.0,2,11,3
89aa99ab-6731-44d7-8916-77ab411f323f,2588.0,300.14285714285717,126.57142857142857,0.05792857142857143,52035.0,2624.0,7,4,2
89d41e1b-39fd-46b3-a77c-ae1ca4b3aff9,2657.5714285714284,244.57142857142858,140.57142857142858,0.05754285714285714,52882.0,3010.0,7,0,2
89d55ae2-bd4e-4fdb-9f0f-acae6bbedf5e,2527.25,220.25,145.0,0.058075,49829.0,538.0,4,3,2
89e7e448-e2e1-43dd-8e5f-07b1a71390d3,4864.0,521.0,192.5,0.05695,97934.0,773.0,2,2,0
89ea385f-3286-4de0-89ec-7eb124265209,3754.6,364.4,244.2,0.05856,74501.0,7837.0,5,4,0
89ead242-b574-4533-b5e1-15b2cf60f74a,125.625,10.75,6.125,0.0582,2448.0,1078.0,8,0,1
89fe9b2e-ffe2-46dd-a7cc-bf241bdb089d,879.0,118.0,30.0,0.0557,18431.0,3605.0,1,2,1
89ff7ba2-329d-4d9b-8fb9-012d76db4fad,3222.1,322.4,217.4,0.058789999999999995,63991.0,8087.0,10,11,0
8a0bcac3-6282-4023-a0db-e9741b75a2a2,2801.0,275.0,96.0,0.0572,55414.0,3359.0,2,4,2
8a1a9f1c-6082-4b5a-8332-3335b364cf64,2847.6666666666665,265.6666666666667,155.33333333333334,0.05761666666666667,56721.0,393.0,6,6,2
8a1ccbcf-8083-4eb9-8fa6-006fd299acdd,2268.8,206.8,123.2,0.05678,45763.0,8229.0,5,14,3
8a428d13-338a-4d96-b0f7-8cc0da87d252,1624.3333333333333,156.33333333333334,79.66666666666667,0.05656666666666666,32894.0,8158.0,3,0,1
8a68bcfe-0cae-40c7-af38-afbdf3cf3c9c,1769.0,176.5,113.5,0.0582,35382.0,4851.0,2,4,2
8a6f67f5-0ef4-4bfd-94aa-5345f3307ca7,1169.0,67.0,67.0,0.0554,23525.0,9141.0,1,12,3
8a706643-1d24-4fc3-a41a-477c084ea35d,4134.571428571428,484.57142857142856,227.57142857142858,0.0589,82260.0,1161.0,7,14,0
8a9202c9-fe9a-4658-bfd2-f0982c94c3b3,1131.8333333333333,116.5,83.0,0.05955,22345.0,1166.0,6,15,3
8ab591bc-7162-4432-99bc-e26fd0f21e7d,4658.75,437.0,294.0,0.05785,93132.0,9112.0,4,2,0
8ac720d0-e767-48d2-900f-ad4dd1d88939,2217.5,288.75,146.0,0.05915,44839.0,3082.0,4,1,2
8acef0a5-324a-4b81-8600-769ff6fccd8d,2403.5,280.0,94.25,0.058275,47676.0,999.0,4,12,3
8ad2bf14-c1bf-4e58-b7fb-3b1429742c7d,1541.8333333333333,138.5,71.83333333333333,0.0574,30515.0,1559.0,6,11,3
8ad4bc59-b434-48c1-a9e0-ae3a921537d9,608.0,74.0,57.0,0.0589,12551.0,2317.0,1,6,1
8adbeb32-b4b6-43d5-b935-29810c636a04,1043.0,65.0,39.0,0.0541,21198.0,9909.0,1,8,1
8ae43a88-c13a-4dc1-9620-f5fc589fe267,1690.0,126.0,111.5,0.058,33232.0,2730.0,2,0,1
8ae7aa0b-c3f9-418b-b858-7ce8db32d7b7,978.8333333333334,92.5,45.166666666666664,0.05706666666666666,19563.0,1225.0,6,13,3
8ae836e9-e867-4c41-af46-69ee2e47c1cd,1354.5,105.16666666666667,53.166666666666664,0.054900000000000004,27556.0,5083.0,6,14,3
8aee2620-98db-49c0-8b25-1ea0e77f7fcc,1939.2,163.8,98.6,0.05628,39110.0,8191.0,5,12,3
8af0aba4-887b-4280-93d4-7d82a07c7807,2001.75,233.25,77.25,0.057725,40041.0,8227.0,4,3,2
8af29948-a38a-4119-9b65-7cc6495b3415,3941.75,283.5,258.25,0.0572,78378.0,3450.0,4,5,0
8b06d961-d10e-4c76-be5f-3f5f0fe084bf,2328.6,264.4,127.8,0.05816,46774.0,9932.0,5,1,2
8b0b2f37-7b26-47d2-b61d-71503c626f11,3174.6,313.2,166.2,0.05728,63785.0,9041.0,5,0,2
8b1544c3-e3b7-48b3-bf3a-9b3d2a523473,3632.6666666666665,322.6666666666667,182.66666666666666,0.056466666666666665,73281.0,8097.0,3,4,2
8b18d157-2d72-4d3c-83a6-4d0bafc43911,1158.142857142857,104.42857142857143,65.28571428571429,0.05697142857142857,23309.0,8077.0,7,2,1
8b2afcc3-606d-4dad-a198-1a476db0ab0f,4025.3333333333335,291.6666666666667,228.5,0.0569,79894.0,206.0,6,1,0
8b665ff2-2bf1-40ce-a461-b3b9c9b5659b,4073.3333333333335,388.3333333333333,174.33333333333334,0.057600000000000005,80496.0,9616.0,3,2,0
8b68c8cc-31cc-4c3b-b1f6-400c84101400,3139.0,307.4,191.8,0.058820000000000004,61826.0,9851.0,5,1,2
8b6f0a5d-a8ee-4b57-8f87-41a35b968c99,3973.0,402.2,244.6,0.05804,79565.0,403.0,5,11,0
8b73f797-e8cb-4919-8bde-c94b93bb34a3,2563.0,213.5,172.5,0.057075,51676.0,3727.0,4,1,2
8b7efd0d-a582-441d-9698-a10b26efd7b3,1454.5,132.0,89.0,0.0569,29447.0,7204.0,2,6,1
8b8fa498-bb5d-45a8-9956-02385c0e6288,848.2,73.2,32.2,0.056920000000000005,16763.0,9426.0,5,5,1
8bb88717-86ac-4ea7-8620-20b72ac3214d,1996.6666666666667,209.66666666666666,112.33333333333333,0.05703333333333333,40662.0,6076.0,3,4,2
8be5293c-ad44-42a9-b29a-0d201ee85021,3247.0,409.0,187.0,0.05735,67002.0,4869.0,2,1,2
8bf5485e-dfc6-408f-b73d-a2f5f4992963,1084.3333333333333,95.66666666666667,85.66666666666667,0.059133333333333336,21405.0,3953.0,3,1,1
8c1a927c-6325-498c-801b-7a14dd275250,4420.75,522.5,190.5,0.058575,87657.0,4356.0,4,12,0
8c255574-fc06-4db4-9873-cb80044e4ae7,1571.4,137.2,100.4,0.05754,31440.0,9993.0,5,0,1
8c2de0e3-f449-4333-a5e4-17469829e7b6,597.25,52.0,42.75,0.059175,11692.0,1329.0,4,12,3
8c31fec9-b797-41ba-93c2-93a9b9632eca,3858.0,349.0,237.0,0.056966666666666665,78016.0,5791.0,3,1,0
8c3b6e03-872d-4cd6-951e-403ba1ea7968,2015.0,255.0,137.33333333333334,0.0592,40665.0,9039.0,3,0,2
8c5c9f83-5e20-4614-8fc3-e2440965989c,808.5,72.75,24.75,0.056375,16072.0,9626.0,4,1,1
8c6043ea-ec98-492d-a3a5-8cb45088e10e,3580.0,469.5,224.0,0.05965,71629.0,2410.0,2,13,0
8c67b287-f916-4489-ae7e-3d78399eb008,1350.0,132.14285714285714,78.28571428571429,0.058128571428571425,26841.0,2403.0,7,10,3
8c6a29df-574e-45f5-b56c-477fe5443c71,418.3333333333333,31.333333333333332,17.666666666666668,0.057466666666666666,8130.0,8366.0,3,0,1
8c7b9ae8-17eb-4a1c-b496-c3a253270978,1067.3333333333333,144.66666666666666,74.66666666666667,0.0598,21514.0,1555.0,3,5,1
8c8225b0-8e3c-426a-bdd2-94b54c9da9e0,942.5,108.0,51.0,0.0591,18651.0,8191.0,2,8,3
8c828984-a888-4dbb-b32d-3eff355b3833,596.2,67.1,20.8,0.057784999999999996,11846.0,1574.0,10,3,1
8c8b5b60-8936-4a54-a2e5-46660cb0cb2d,1731.2222222222222,167.55555555555554,89.77777777777777,0.05736666666666666,34659.0,9220.0,9,5,1
8cb0110c-4c33-481e-86d5-98367462c6ba,1535.0,189.33333333333334,73.0,0.05856666666666666,30687.0,1945.0,3,14,3
8cb23ba2-acc1-4319-8f75-2a203abec309,4671.142857142857,384.85714285714283,254.71428571428572,0.05744285714285714,92457.0,6085.0,7,7,0
8cbabb6a-50d0-4ca4-a245-a2bf411c9158,188.6,13.2,10.0,0.058440000000000006,3625.0,6285.0,5,0,1
8cef89f4-3ffc-4e05-ac78-d9015cd7f4b3,1149.0,115.57142857142857,77.42857142857143,0.05822857142857143,23046.0,645.0,7,2,1
8d01bd9c-0aa2-4190-9452-7ad751588243,1300.0,75.0,100.0,0.0574,25698.0,8890.0,1,12,3
8d0cd39b-1d33-4e13-b4c0-daeda87e472f,2176.6666666666665,242.66666666666666,59.0,0.056466666666666665,43885.0,2872.0,3,11,3
8d0e545f-fd58-46c2-bf09-ba7cbdb9ac3b,4118.0,372.5,97.5,0.0569,80626.0,551.0,2,1,2
8d0f695b-dae9-4d98-804f-a7a0d5dc177d,1958.0,143.0,96.0,0.0553,39699.0,7966.0,1,13,3
8d14a9b1-7e8a-4d2e-8dc4-b328aeaf243a,4490.0,530.5,295.25,0.05925,89721.0,2732.0,2,0,0
8d1f6a10-6197-4af4-a56f-9aa9605d70d3,739.0,75.0,55.5,0.058300000000000005,14918.0,1010.0,2,9,3
8d2f173a-a246-4e23-b5ef-192347d4010c,4860.0,554.5,161.75,0.05695,97882.0,7524.0,4,3,0
8d412c35-ac93-43c5-aaaa-dee66b48f115,1172.6,108.2,73.6,0.05666,23901.0,4734.0,5,11,3
8d454a74-e873-447e-8e31-f77ddec37f89,235.66666666666666,21.333333333333332,6.666666666666667,0.055933333333333335,4712.0,7531.0,3,3,1
8d4fa5ac-03e8-4161-9648-0b6dd40bb82b,2502.0,284.0,175.5,0.058499999999999996,50604.0,4310.0,2,0,2
8d5b55be-3da9-4a6c-8afb-936b83fab8e3,3293.0,394.0,117.0,0.0582,65308.0,5405.0,1,3,2
8d622b75-0a31-47e0-b930-d708705103e4,2255.6666666666665,185.33333333333334,89.66666666666667,0.056933333333333336,44452.0,7524.0,3,0,2
8d69b4c5-0774-438c-bd04-16fc2c65847a,2668.8,252.2,90.8,0.05638,53411.0,7718.0,5,0,2
8d805480-b1b0-49ae-963b-3c02df5d50f3,1742.5,168.75,91.5,0.05645,35478.0,1324.0,4,4,1
8d8fffad-8eec-4253-aff4-80a64f8461ac,200.0,23.666666666666668,11.0,0.05926666666666667,3960.0,3715.0,3,3,1
8da26a25-4eb5-4c9b-b486-e05e05ed7b37,4608.0,579.5,272.0,0.0596,91628.0,9053.0,2,7,0
8da9b345-9c87-4f48-be15-f6532dbbb1e7,2857.3333333333335,273.0,142.33333333333334,0.05676666666666667,57637.0,6137.0,6,2,2
8daf976e-b7e3-4c77-91aa-eeb9daadc463,1553.4,141.0,110.0,0.05848,30852.0,9758.0,5,1,1
8dc88f22-7238-4e68-8133-206906518ffc,2053.0,214.0,110.5,0.057775,41139.0,6458.0,4,4,2
8de288ab-4370-4665-8ba0-b635d72158d7,1270.0,132.33333333333334,77.16666666666667,0.05726666666666667,25833.0,6858.0,6,3,1
8df1193d-c7bb-4a4c-bfb7-69f42f12421b,941.0,96.33333333333333,20.333333333333332,0.05436666666666667,19448.0,6309.0,3,5,1
8df1dcd9-3ab7-4128-aa17-12ae00d97b4a,3038.6,270.4,126.6,0.057319999999999996,59929.0,8752.0,5,4,2
8dff6054-43c4-4939-ad93-c5365f915e6f,1393.0,76.0,64.0,0.0545,28104.0,182.0,1,4,1
8e087841-6bac-42c3-9ee8-dc74d78bbd64,4758.0,568.3333333333334,216.66666666666666,0.0579,95740.0,4105.0,3,10,0
8e262aa1-2c8c-48d6-baf0-1365261cfb11,664.0,94.0,39.0,0.0637,12516.0,4528.0,1,6,1
8e2b07a0-a93c-45b3-97f4-6e0f1e3313a8,3572.0,450.5,218.0,0.05905,71812.0,7528.0,4,8,0
8e2e2631-cd75-48bf-b804-532c122ecfa3,863.3333333333334,98.0,27.666666666666668,0.05773333333333333,17130.0,7131.0,3,2,1
8e5762da-b9d2-4147-9ecc-96f87745f448,4585.0,475.0,260.5,0.0583,91232.0,6196.0,2,2,0
8e6113b9-6aa5-4d80-b6b0-0df8d954f1fb,3065.5,372.0,98.0,0.059149999999999994,59766.0,7825.0,2,1,2
8e6d174a-02e5-41a5-93c8-84c5186036f1,3691.25,313.5,270.75,0.0574,74477.0,4403.0,4,4,0
8e712605-23a7-4b5f-99ae-0e801ffe7025,1050.0,57.0,14.0,0.0526,21311.0,7160.0,1,12,3
8e773dd6-2d02-4d36-8c0e-e95282c4caba,66.0,5.833333333333333,4.0,0.05588333333333334,1364.0,6013.0,6,4,1
8e7a7c32-fa39-4af6-afa7-de52a1a8791d,995.3333333333334,91.66666666666667,56.666666666666664,0.05446666666666666,21002.0,9225.0,3,4,1
8e896e10-6220-4ede-a224-ccfb3a9cc016,732.1666666666666,57.833333333333336,33.5,0.055733333333333336,14773.0,7041.0,6,1,1
8e89f4c5-fc97-4e9f-9668-e8b77bd9d1b1,2475.3333333333335,251.16666666666666,179.16666666666666,0.05915,49117.0,1029.0,6,14,3
8e8cf8f2-e2d4-48e2-8cee-59cfed110b0b,1493.0,172.2,63.0,0.057199999999999994,30202.0,5721.0,5,7,3
8e8e855c-8660-4058-a77d-883cf51febd8,3977.5714285714284,433.7142857142857,224.85714285714286,0.05841428571428571,79365.0,4687.0,7,1,0
8e917ea9-bfa9-4d7c-b4dc-88de3bbe12eb,2992.8,320.2,125.2,0.05706,60242.0,6509.0,5,0,2
8eb46407-5291-45a1-9a61-f133342c4426,1132.2857142857142,108.57142857142857,73.85714285714286,0.05865714285714286,22412.0,1187.0,7,9,3
8ed8c5c2-3d71-4d88-8fab-0b93a9970072,1605.5,142.25,87.5,0.0567,32366.0,4280.0,4,4,1
8edbc5a5-d996-428b-bd70-097a51fb49c9,3791.25,372.0,165.25,0.057825,74846.0,5930.0,4,0,2
8eed74b7-bae3-44ff-bbee-4bf72a98defb,4121.0,384.0,250.0,0.05795,82051.0,3888.0,4,0,0
8ef73ba8-5f3d-42da-94a4-3f0562143b5b,4518.8,506.4,190.2,0.05782,90192.0,6300.0,5,0,0
8ef8760d-93f4-463a-83b5-3a3aa1e14452,3172.0,355.5,102.0,0.057800000000000004,62770.0,1198.0,2,5,2
8efcfb36-87dc-4a4b-b632-877959479f61,739.4285714285714,82.28571428571429,40.857142857142854,0.05791428571428571,14890.0,7475.0,7,8,1
8f03b282-5a9f-4608-9d8f-221a0184d04d,229.5,21.666666666666668,15.333333333333334,0.058750000000000004,4536.0,1763.0,6,1,1
8f0f0d71-c805-43d9-9972-742b2e5f28be,1190.8,88.2,72.2,0.05664,23854.0,9307.0,5,8,3
8f18e1c7-9bde-4469-80ae-6b8ad069f607,1598.75,184.75,86.5,0.0582,32132.0,5519.0,4,3,1
8f2b71f2-7d67-4cd8-a99a-a08fbe8b9cae,4096.0,241.5,110.5,0.05445,81639.0,7022.0,2,1,2
8f565b27-fc6f-46d0-8fab-8dcfe056f68e,529.5,61.0,39.5,0.0583875,10782.0,2367.0,4,0,1
8f5da4f0-3cb9-46f4-a470-e94378ebbc18,1106.3333333333333,128.33333333333334,44.833333333333336,0.0584,21902.0,6254.0,6,0,1
8f7a008f-2460-4aa0-89ed-3f7e5d45bc5e,398.22222222222223,42.77777777777778,21.555555555555557,0.05739999999999999,8004.0,1057.0,9,7,1
8f7c663c-f689-44a9-8171-baf218f0edae,4017.0,406.0,100.0,0.0564,80198.0,2213.0,1,13,0
8f811174-6971-4ca9-a08b-d9456e956b31,523.6,51.2,24.8,0.05578999999999999,10789.0,5177.0,5,0,1
8fa34d26-2ec1-4de3-9e11-0040fb2d0ec9,4202.5,364.3333333333333,221.66666666666666,0.05723333333333333,83648.0,1047.0,6,5,0
8fbdc5dc-05d5-47e1-a0b9-f9ab4c2ab927,1485.5,131.5,113.0,0.0579,29862.0,9147.0,2,4,1
8fdc99b6-7c6a-452b-8b81-0c443ac5d9c3,2445.0,259.0,113.25,0.056874999999999995,49540.0,4622.0,4,0,2
8ff0cb9d-3d95-4f74-97cd-ff6bd9b28634,2151.75,242.5,107.0,0.058675000000000005,42616.0,5923.0,4,0,2
8ffb44b5-c297-4014-aa0b-d4e4f113e4f9,619.8,69.8,40.2,0.05926,12314.0,2185.0,5,6,1
90121956-e595-432c-a9e0-618f46511e09,42.0,3.6666666666666665,1.6666666666666667,0.05793333333333334,786.0,9360.0,3,2,1
9026be30-67b5-4a21-aad0-4fe31e81c37c,4973.5,555.5,82.0,0.05655,99182.0,444.0,2,1,0
90275cca-279f-438f-8e04-0b6ebb3ccc3a,278.6666666666667,24.5,14.833333333333334,0.05805,5478.0,1810.0,6,0,1
90526e76-4628-401a-9391-c98aa867200f,2540.8,269.8,107.8,0.05776,50536.0,599.0,5,2,2
9052bca2-faeb-4d76-92a5-778ae559adfb,1383.5,145.25,70.25,0.0569,28101.0,1466.0,4,1,1
905d8dd4-e273-4382-aca6-f904fee181df,3415.3333333333335,285.0,179.0,0.056299999999999996,68919.0,8564.0,3,2,2
90676b70-95f4-4f90-9c8a-2e0fe28af531,2569.0,270.75,170.75,0.0581,51827.0,6342.0,4,4,2
90677f84-c0be-4567-ab1d-00c38f77cc79,2784.0,261.0,190.6,0.058679999999999996,55122.0,5744.0,5,1,2
90711904-6c35-4361-917b-61d1eea8caa1,4122.8,410.0,312.0,0.05874,82450.0,8892.0,5,3,0
90711941-bca3-4f5a-8cf3-b3e14b762f19,3980.6666666666665,373.0,223.33333333333334,0.056333333333333326,81234.0,7819.0,3,5,0
907c9649-5a25-42cb-9294-51b228b4359d,3573.4285714285716,386.2857142857143,206.85714285714286,0.05745714285714286,72515.0,9117.0,7,11,0
90819848-bcf7-440a-9545-2a387d8380d3,1089.5714285714287,99.0,60.142857142857146,0.057300000000000004,21794.0,6343.0,7,0,1
90935fd9-da54-4fcf-9ea6-fa5a42e0a1e8,1145.8,91.8,52.4,0.05614,22974.0,989.0,5,4,1
90a037e2-b128-4e4d-95b3-354e59c56752,13.166666666666666,0.8333333333333334,0.3333333333333333,0.06030833333333333,242.0,4161.0,6,4,1
90a929a5-f0ee-47e6-85fb-dd4ada03cb45,2010.2,243.6,122.8,0.0593,40067.0,6495.0,5,12,3
90a937cb-3873-416d-b36f-07e0db5245d6,4804.142857142857,479.2857142857143,223.21428571428572,0.05678571428571429,97037.0,7650.0,7,7,0
90aadc33-57e9-4f24-b816-cf9a5c10f74d,968.0,80.25,65.0,0.059062500000000004,18761.0,1574.0,4,2,1
90beb971-f108-4f3c-b273-466ec7120b5a,1242.75,100.0,39.0,0.0567,24365.0,1751.0,4,10,3
90c287ee-f8e8-41e2-9243-478acb165c54,4600.0,459.25,190.25,0.057775,90911.0,8230.0,4,4,0
910588ae-a62a-4b9c-94f5-db9ba7e3ba4f,1847.0,93.0,69.0,0.055,36521.0,5564.0,1,9,3
911438a1-0c5b-439a-abfd-ed7a9e5350ee,184.0,20.0,4.333333333333333,0.05616666666666667,3709.0,4095.0,3,0,1
9118e2c9-57aa-458f-9362-ad960d4fcc51,1604.3333333333333,162.66666666666666,109.0,0.05923333333333333,31669.0,5009.0,3,1,1
91218a54-e634-41e9-8b29-2fde445c1bad,1729.1666666666667,157.66666666666666,84.83333333333333,0.05768333333333333,34183.0,2314.0,6,10,3
912bface-218c-4746-a92f-50a4ffe04a5e,3520.5,413.75,192.75,0.05855,70486.0,6070.0,4,5,0
912cc5d0-7e54-451a-aea3-7b56ee6f301f,4468.833333333333,506.1666666666667,271.8333333333333,0.05881666666666666,89216.0,4277.0,6,7,0
9135d947-9397-4b8a-b912-ae413622b6de,4291.666666666667,526.0,280.3333333333333,0.058633333333333336,86967.0,8869.0,3,6,0
913b2c22-2a91-4af0-8168-c5ca0d468abc,3097.6666666666665,334.5,195.5,0.05898333333333333,61515.0,5917.0,6,10,0
91426035-96b5-4636-80ba-668b281b59d3,3575.0,409.0,194.0,0.0572,72992.0,2845.0,1,0,0
916c382f-8aab-4ffb-9e75-1f0d55313dc6,2113.25,244.0,142.25,0.058675,42598.0,9486.0,4,5,2
9182646c-c899-4713-ae9c-9768d7ecb72b,4582.5,389.5,236.0,0.056150000000000005,92755.0,9966.0,2,0,0
91843973-9a55-47a5-8fff-800a7d722ff1,1370.5,143.0,79.75,0.057675000000000004,27621.0,72.0,4,1,1
918e37ec-b228-42cd-82b2-f51397bd73b1,2229.3333333333335,233.0,98.66666666666667,0.0582,44011.0,6214.0,3,0,2
919968cb-a732-4b81-8c46-46c9cb93f2d3,2213.0,243.5,64.5,0.05665,44492.0,7897.0,2,11,3
91999c4f-857a-4a55-a6e3-b0960db45004,3116.5,318.0,95.0,0.057,61945.0,5367.0,2,2,2
91a5392c-2714-47fb-bfdd-215c0a58dd62,2302.2,211.0,125.2,0.056620000000000004,46600.0,7866.0,5,3,2
91a6e229-9205-4fcc-bd81-f037d6c04718,1466.2,127.4,60.8,0.05604,29527.0,6869.0,5,6,1
91c8f6ed-577b-4dda-881e-ed135aad2b39,1951.3333333333333,198.66666666666666,94.66666666666667,0.057100000000000005,39303.0,403.0,3,3,2
91d31adc-eba1-4bee-9918-7fe871b95785,4965.0,492.0,219.66666666666666,0.05686666666666667,99852.0,6941.0,3,0,0
91dde360-7d19-46e7-bc3c-881ca6182602,3443.0,368.0,68.0,0.05675,68378.0,7934.0,2,0,2
9208ad2f-3f91-4a48-aa1d-b12640e2163f,3216.5,365.5,220.5,0.05955,63828.0,3385.0,2,2,0
921f1027-b668-401d-8822-f407eef78c0c,4600.0,514.0,176.33333333333334,0.05753333333333333,91945.0,5261.0,3,1,0
9221f770-e1c6-4da4-9b60-b95741502d7f,3798.6666666666665,308.6666666666667,228.16666666666666,0.05706666666666666,75977.0,3535.0,6,4,0
92392031-e2a3-45ef-abee-e9315d6e34ca,2512.5,263.3333333333333,110.16666666666667,0.05765,50059.0,9951.0,6,12,3
923d6190-6880-45e7-8c80-56411ed82cfc,1148.3333333333333,120.66666666666667,48.666666666666664,0.05636666666666667,23382.0,4875.0,3,5,1
92477853-cd70-4d3f-b778-5597ee928186,1877.6666666666667,187.0,130.33333333333334,0.0578,37952.0,5222.0,3,1,2
9251d150-08cf-42d5-b482-d552456175e4,4736.666666666667,456.6666666666667,160.66666666666666,0.05686666666666667,94158.0,4375.0,3,10,0
92659194-ad6c-4e56-ae9f-9f40b84b3338,2860.4,324.0,163.6,0.05774,57996.0,7987.0,5,2,2
926ae27a-fbbb-43dc-983b-4465948208ad,2896.5,291.5,60.5,0.05685,57133.0,4640.0,2,2,2
926b4c49-a282-4b43-a1a3-6ff12d8926cb,3749.3333333333335,362.1666666666667,218.0,0.05818333333333333,74429.0,3342.0,6,1,0
92708aba-1f65-4ba1-b9ac-d9005a8129bc,612.0,64.66666666666667,40.0,0.057966666666666666,12364.0,9506.0,3,1,1
92897929-4356-404a-a03e-216457f71f45,4308.2,413.0,250.8,0.05778,86054.0,7617.0,5,0,0
929b1a28-be4b-46ad-98ae-9c102d4d07f8,2385.25,324.75,138.75,0.060475,47114.0,337.0,4,6,2
92b5296e-ddfd-4d73-985c-bac655f6977b,3461.3333333333335,342.3333333333333,277.5,0.05865,69578.0,7296.0,6,7,0
92bc84e7-42c1-4f4b-a312-548396904626,706.75,76.25,32.5,0.057675000000000004,14142.0,9891.0,4,5,1
92ca0870-d81f-452e-b6fa-e43afd4051ac,2277.714285714286,262.42857142857144,132.57142857142858,0.05894285714285714,45349.0,8265.0,7,5,2
930aa98e-9b07-4654-b759-8e3b1aa5938d,1789.75,154.25,110.75,0.055925,36730.0,6086.0,4,0,2
9312d502-a74c-4c4f-8189-92ff2bb938de,714.5,75.5,53.0,0.055900000000000005,15084.0,677.0,2,13,3
93150095-e533-4cc8-9214-1d77b85497b0,1333.0,110.5,69.75,0.057499999999999996,26325.0,9960.0,4,3,1
931e9055-146c-42e3-bde2-904ecda96b7e,1895.0,161.0,88.5,0.056225000000000004,38135.0,5481.0,4,13,3
932cd729-ea63-4095-9743-66658a7753ce,4329.75,381.75,214.625,0.057050000000000003,86335.0,1437.0,4,0,0
932e0c77-617f-4fc2-a8bf-23ce24dd7100,442.5,33.5,20.0,0.05525,8980.0,3219.0,2,1,1
9330b98d-30d7-41ac-8b4b-efa1ff0c95fa,2240.8,221.4,147.4,0.057719999999999994,45207.0,2036.0,5,4,2
938d0bc0-e15e-40e1-851b-ea1abffd3a4f,278.75,33.0,10.0,0.059725,5384.0,3062.0,4,3,1
93a8ccf1-61f9-44fd-ab00-5c6356838ebe,1452.3333333333333,149.66666666666666,84.33333333333333,0.05856666666666666,28802.0,3734.0,3,0,1
93d327de-4bc1-4506-aa02-91c85a8596ad,2471.0,160.0,51.0,0.0543,49392.0,4342.0,1,14,3
93d738b7-eb67-4f9a-8ef8-ebadab88efbd,3292.5,394.3333333333333,230.5,0.05968333333333333,65643.0,5622.0,6,0,0
93d82e5a-538e-4c2a-acf3-be1e9bfba136,3154.5,252.0,117.0,0.05575,63177.0,2226.0,2,0,2
93d84cd7-41a5-43ba-bebe-cf50c3c5391e,4532.4,426.0,186.6,0.05722000000000001,89900.0,2092.0,5,0,0
9400b91b-fcef-4f67-8ee4-df1386628a57,3426.8,334.8,96.8,0.05618000000000001,68685.0,7963.0,5,1,2
94312dae-c897-48f1-9cd6-810130659d2a,757.1666666666666,87.5,49.5,0.05883333333333333,15197.0,9474.0,6,5,1
943b3af0-615e-483f-824c-4b3fefb249e6,1323.5714285714287,132.57142857142858,67.85714285714286,0.05647142857142857,26996.0,3444.0,7,6,1
9446f42a-30d7-4396-9fc9-d47a2e643018,1131.2,104.2,62.6,0.05782,22442.0,5987.0,5,8,3
94490fd2-07f2-4a6d-86f9-62cbcc27a32c,2689.4,269.8,122.0,0.056940000000000004,54100.0,1049.0,5,3,2
944ce5c2-af3f-4f71-8def-39737532aa76,3048.0,390.0,211.0,0.05965,61180.0,5296.0,2,6,0
94560142-0788-44c9-8fbc-3858564d894e,959.5,60.5,53.0,0.057050000000000003,18796.0,7128.0,2,8,1
9484ff60-db19-4619-8e88-6e727d830eb3,2943.25,333.25,176.25,0.058249999999999996,59278.0,6795.0,4,2,2
949c67df-dd71-4ad1-bef8-f400c9fdd30d,4586.666666666667,397.6666666666667,306.0,0.05723333333333333,92395.0,6424.0,3,9,0
94a34b4e-1caa-4780-b8e1-bb532205f57b,2984.3333333333335,313.0,178.66666666666666,0.058633333333333336,59251.0,8457.0,3,5,2
94b1c536-2138-4854-a8e8-f0299578394d,464.5,35.666666666666664,21.833333333333332,0.055475,9454.0,3154.0,6,4,1
94ca6eb5-1a64-4568-89ad-c4fd0c2d174c,4777.25,524.25,272.25,0.059125000000000004,94282.0,8509.0,4,15,0
94d3696d-5e35-467f-a24b-036dfff9e065,4329.5,582.0,322.5,0.060050000000000006,87207.0,5599.0,2,12,0
94dd984d-6c3e-4430-864c-591ae290a7f3,1037.25,106.0,58.5,0.057375,20949.0,174.0,4,0,1
94f61ebc-dcc8-48d9-b60f-f439c39c2a7b,697.5,87.5,25.0,0.05735,14119.0,3259.0,2,1,1
9519dddf-bb2d-40c9-90c3-413870441d46,68.28571428571429,5.571428571428571,2.7142857142857144,0.05719285714285714,1344.0,2597.0,7,2,1
95221419-d3ce-4766-bcb6-31c09b81d259,597.3333333333334,59.666666666666664,42.666666666666664,0.05936666666666666,11783.0,3132.0,3,5,1
9527b98f-c804-41e0-b46a-18fb8b0ec720,2947.0,334.0,188.0,0.0581,59716.0,6691.0,2,6,2
9536c79a-e376-440e-8cc4-525487191056,1870.0,186.75,103.75,0.0582,37124.0,5292.0,4,0,2
9539fd1f-973b-4b0a-b129-aaefc75f9472,4108.142857142857,414.7142857142857,209.28571428571428,0.05764285714285715,82088.0,6887.0,7,1,0
953a5e35-3475-478e-ba1f-aaf51ed338eb,1892.75,215.5,69.75,0.0571,38148.0,7041.0,4,1,2
954e3f07-eb98-4806-bd4f-4736c9cd2f9d,3623.8,432.2,158.6,0.0583,72299.0,6734.0,5,0,0
954ec977-6e99-440c-be62-39cebe40c511,1732.1666666666667,183.83333333333334,73.83333333333333,0.05731666666666666,34719.0,1685.0,6,0,1
9573ecd2-5172-4d8a-a8f1-2f6b7757633d,823.8333333333334,88.83333333333333,56.333333333333336,0.06093333333333333,15909.0,7998.0,6,12,3
95767027-f053-4481-8f76-5d54a4dbb754,4005.0,526.6666666666666,122.33333333333333,0.05876666666666667,79164.0,7898.0,3,5,0
957f6456-3b59-413a-8838-f196f3ab6a4d,904.2,92.4,44.2,0.05838,17830.0,1019.0,5,2,1
958939c3-c95e-4792-9eb4-d463bee1a032,1140.0,131.0,62.0,0.059566666666666664,22380.0,6317.0,3,9,3
958b9168-16b7-48f2-a37c-983a3415c240,2189.6666666666665,254.0,198.0,0.05996666666666667,44079.0,4691.0,3,4,2
95b42a14-9696-4450-a007-03a69ad7542c,229.0,25.0,11.0,0.058600000000000006,4524.0,1208.0,3,0,1
95beaad1-b6b4-4708-aedd-4e81ef7d98cf,3636.6666666666665,305.0,238.0,0.05823333333333333,71802.0,9782.0,3,2,0
95c0033e-c5e0-447d-af32-c0fc4a1e165c,990.0,95.0,94.0,0.059,19993.0,4946.0,1,4,1
95cd1bd4-ca0c-4773-8984-8e11ce522c7d,4273.0,430.6,252.0,0.05746,86263.0,8615.0,5,10,0
95f3e538-8b60-479f-a689-e8ec5e3c19f9,1525.25,159.75,89.75,0.059125,30022.0,2791.0,4,7,3
95f65187-0648-4ca1-9779-d5508158c891,3520.0,376.6,249.2,0.059160000000000004,70074.0,5848.0,5,5,0
95fc059f-e798-4fca-b0ac-3417c8d2b826,4445.4,467.4,200.0,0.05736,89137.0,6793.0,5,2,0
9600f736-713d-4a30-9449-59bf8c7afb6a,36.5,4.0,0.0,0.064275,563.0,250.0,2,11,3
960ba3be-d458-40af-83fd-c7f534ba792a,2045.0,245.8,102.6,0.05846,40940.0,8042.0,5,8,3
960c429a-c937-4350-afb3-821efc441332,2151.5,310.5,150.5,0.061,42837.0,3062.0,2,10,3
960f1e1d-6b35-4326-8970-0d44a6015a98,2927.8571428571427,319.2857142857143,168.28571428571428,0.05898571428571429,57899.0,2062.0,7,4,2
960f8092-7dc9-4cf7-b7e3-7570eeb875ca,174.6,16.2,7.4,0.05706,3473.0,4831.0,5,12,3
9621103f-797f-45d7-86bf-cf0511cc068e,2157.5,181.0,123.0,0.05615,43849.0,5096.0,2,13,3
96241d9d-15a6-4162-8d3e-6df14e25eab5,1165.6666666666667,112.0,76.5,0.057966666666666666,23354.0,5951.0,6,14,3
96330cf1-30e4-4db0-8759-b6726ffbbc51,4090.75,401.5,182.5,0.057125,81817.0,5347.0,4,0,0
9634edcb-fcaa-4f63-9124-9f1ea266c3b9,3423.75,359.875,182.875,0.057737500000000004,68694.0,8000.0,8,10,0
964104ab-ad8b-4959-92ae-5eb8d333e25d,1790.3333333333333,193.33333333333334,167.0,0.061233333333333334,35103.0,2103.0,3,5,2
964b4a34-121e-4430-a43d-24e770712b7c,1104.0,107.22222222222223,49.0,0.05615555555555555,22444.0,9318.0,9,15,3
9657027f-7fb6-4b6f-a96d-c8635e46b827,1252.0,147.6,93.8,0.06,24891.0,9716.0,5,2,1
966643c6-a67d-4e74-9d75-6b531db1ae2e,1304.5,107.5,112.5,0.057999999999999996,26288.0,2997.0,2,2,1
966e43ba-3620-4e84-949e-89ba446708f3,1273.8333333333333,95.66666666666667,88.5,0.05755,25338.0,1655.0,6,12,3
9672f79c-d5f5-4456-b4c1-6ac00c7e8bf0,4793.0,286.5,293.5,0.056499999999999995,95153.0,9122.0,2,6,0
9686188e-1642-4928-8a75-7310bb06e1bc,2520.0,263.4,68.0,0.05652,50454.0,1028.0,5,4,2
968b626a-b03c-47fa-8d28-7a1e0920179c,653.0,65.0,15.5,0.0557,13169.0,301.0,2,7,1
969e34aa-23bd-4df2-8f78-dc0d3e746748,107.0,12.0,4.0,0.0627,1962.0,1355.0,1,7,1
96adbcba-b32c-4465-be8c-ddb64f9f2ea6,4304.333333333333,506.3333333333333,259.6666666666667,0.05846666666666667,86677.0,4773.0,3,1,0
96d05f0f-0a10-4b61-9be8-f668403748f6,4520.333333333333,548.5555555555555,252.22222222222223,0.05841111111111111,91115.0,941.0,9,5,0
96e0fc16-d696-40c7-a7df-cdae048f42df,2760.714285714286,254.0,136.28571428571428,0.05638571428571428,55885.0,3702.0,7,2,2
96ea535c-e94c-45bc-98ac-628f6643ec98,3397.3333333333335,258.0,197.66666666666666,0.055999999999999994,68823.0,8311.0,3,4,2
9709eaf2-8e5d-4cc6-9498-8f1497e50811,968.0,83.25,64.25,0.056675,19683.0,8160.0,4,6,1
97146a05-1470-4b00-a067-06526763cad7,502.0,65.2,34.2,0.060140000000000006,10005.0,8170.0,5,2,1
971615ff-62a5-4272-9c05-724e5d7154ec,797.25,99.75,54.75,0.0594,16019.0,3691.0,4,4,1
971ed9a0-e5fe-4533-be88-ec3948c179c3,206.0,22.5,16.5,0.062325000000000005,3919.0,9072.0,2,1,1
972e7b62-7730-40fe-a00c-234f6b13211f,2160.6666666666665,160.0,164.0,0.05666666666666667,43846.0,5444.0,3,0,2
9730e794-10d1-4233-a98c-1f05f9be9473,2868.3333333333335,292.3333333333333,229.0,0.06016666666666667,56333.0,126.0,3,1,2
9735be91-4988-4631-8ea4-926fd134f38f,1444.0,101.0,60.333333333333336,0.0557,28804.0,2305.0,3,2,1
973a7c01-eead-494e-bd5d-23b2bcfbce7d,190.14285714285714,18.142857142857142,10.0,0.05832142857142857,3740.0,9433.0,7,0,1
9741caf6-fda6-4017-bfd2-8d29a4a79ee0,2462.6666666666665,258.6666666666667,116.0,0.056466666666666665,50244.0,6171.0,3,5,2
9756c0ef-3e5c-4217-85a4-e9f7dcfc892c,48.333333333333336,3.6666666666666665,2.1666666666666665,0.056749999999999995,1037.0,1370.0,6,8,1
97587536-cbf6-494b-af70-f881b28535d4,4287.25,404.25,284.0,0.0577,86250.0,1625.0,4,13,0
976f9d95-d8ea-41f8-946c-808ddb2cd6bc,420.6666666666667,40.666666666666664,24.666666666666668,0.05803333333333333,8371.0,5577.0,3,0,1
9770c3fa-d048-42b1-a8ec-f0f096ba0132,867.6666666666666,87.66666666666667,55.333333333333336,0.057066666666666675,17698.0,698.0,3,8,3
977b8bfb-bcfa-48b1-ac0c-8583ddbf25c2,1228.4444444444443,130.22222222222223,78.11111111111111,0.05888888888888889,24396.0,2386.0,9,12,3
9783d4e4-b800-4648-afbc-77b96def54ca,923.25,73.25,58.25,0.055275,19077.0,9515.0,4,4,1
9787f78b-7e29-428e-903d-5a2d012bcfac,1185.5,122.0,62.0,0.0561,24397.0,6429.0,2,9,3
978a0bf8-5cf5-4150-abfb-f28551962f9b,4628.75,494.5,161.0,0.0574,92064.0,1442.0,4,2,0
97a1e6c8-3817-4311-8348-2fac539de8aa,680.6,52.0,51.6,0.05620000000000001,13948.0,625.0,5,0,1
97ac7a3f-cc46-4119-909b-ecfc71aeb3d8,2380.0,123.0,234.0,0.0575,47623.0,1912.0,1,13,3
97afe8ca-452e-467e-8988-7aac8a67ee05,1835.0,244.0,116.5,0.0608,36116.0,3092.0,2,0,2
97b748b7-976c-45d5-b58a-8dacc95dd441,1461.6,150.6,88.8,0.057319999999999996,29663.0,6075.0,5,3,1
97b8c49f-1fe3-4de8-897e-bf37599a6a0b,3443.4166666666665,326.8333333333333,136.41666666666666,0.05686666666666667,68672.0,2930.0,12,1,2
97e09c3f-8d04-4c0a-8b9a-77e172b8ffaa,1434.857142857143,152.57142857142858,83.14285714285714,0.058,28797.0,5617.0,7,10,3
97ed0228-6a29-42a1-bf51-cd1454f8d48b,2624.6,287.6,131.8,0.0571,53283.0,244.0,5,1,2
97f8dd0b-009d-439e-8c05-0392c6e37f49,646.0,84.0,50.5,0.06095,12811.0,3512.0,2,11,3
980e56a0-e3af-48f3-8199-6db53d8f3f0e,3007.0,315.4,128.6,0.05738,60129.0,7694.0,5,1,2
9819fc8a-4322-48d8-b026-4f0c6e44d647,522.3333333333334,51.666666666666664,34.333333333333336,0.058633333333333336,10371.0,4801.0,3,2,1
983d3b22-7955-4544-996a-8f6c84acc1fe,3025.3333333333335,271.6666666666667,173.33333333333334,0.057,60877.0,861.0,3,4,2
983f233d-598d-466f-9af4-268b55bdb31b,3501.8,314.0,141.4,0.055920000000000004,70760.0,470.0,5,0,2
984daeba-8987-4aa4-8afa-a523ac6c381e,2950.6,266.6,175.4,0.057179999999999995,59360.0,8357.0,5,0,2
98515b29-3374-4aac-8dbd-20e5da31c16b,959.0,113.0,36.0,0.059,18771.0,3667.0,1,2,1
985f0062-3f51-424d-818e-12752ee0df86,2362.5,208.0,132.5,0.056875,47519.0,7292.0,4,2,2
9870da1d-8ea3-4c39-8b59-d1f54061b5ff,2456.4285714285716,241.71428571428572,146.42857142857142,0.057185714285714284,49750.0,916.0,7,9,3
9878bcb9-a019-4edd-873a-82c851d55baf,4170.0,430.25,152.75,0.057225,83058.0,4550.0,4,2,0
989b6d57-61f6-4c9f-891d-ee39ea284824,3419.714285714286,294.57142857142856,208.42857142857142,0.057742857142857144,67919.0,9737.0,7,5,0
98aba1e7-670e-4738-a3c8-2d8c60510602,4612.75,447.5,278.75,0.058374999999999996,91447.0,4856.0,4,0,0
98af82f2-dd3a-44f3-b19f-5630ca6f77a2,1123.0,106.33333333333333,85.66666666666667,0.0582,22592.0,51.0,3,6,1
98c7bc06-b548-452f-a3b8-2a592576a21c,3341.1666666666665,313.5,186.0,0.056883333333333334,67535.0,9861.0,6,2,2
98d23f2a-1950-470a-99aa-60196f6088bb,2969.0,203.0,178.0,0.0585,57256.0,7849.0,1,9,2
98dda474-a63c-4ae8-a5ed-30c71a087b69,107.0,13.0,6.0,0.06465000000000001,1803.0,599.0,1,12,3
98e10a09-4221-441f-9004-6b23ab7662e6,1332.6666666666667,80.0,66.0,0.055299999999999995,26727.0,1652.0,3,0,1
98e1c6d4-a0fc-43ec-a891-4204c991b228,1823.5,177.0,107.5,0.058075,36303.0,6010.0,4,0,2
98e5b803-d00a-43b4-a12c-8c4d6d438d1a,3910.5,441.0,232.375,0.0588125,77937.0,414.0,8,4,0
98e9e9d6-5394-47db-b276-e554bd470829,420.0,37.25,11.5,0.055150000000000005,8500.0,3710.0,4,5,1
98eabac9-89ea-4826-9733-670068f3d62f,2374.0,251.5,54.0,0.05615,47726.0,4904.0,2,1,2
98f7aab0-a18a-4ee6-bc59-743276012515,913.6,92.8,48.4,0.058179999999999996,18130.0,7954.0,5,7,1
9900aebc-daba-42ae-b588-56ab537edaa1,4718.5,526.5,281.75,0.057925000000000004,95455.0,6045.0,4,0,0
9906f04e-0d69-43bc-92cc-3c2fc1bc77c3,4111.625,399.5,244.875,0.0575125,82696.0,768.0,8,1,0
990c1c7c-27d3-4a5d-b78e-cfd3e0936e51,2898.5,353.0,183.5,0.0592,58012.0,3415.0,2,6,2
990d483d-48eb-42d5-82b2-a57cf981d015,4604.5,408.5,292.5,0.05795,91478.0,3419.0,2,10,0
9911c04e-55b4-44dd-ae86-8ab59212c7f2,2187.3333333333335,156.66666666666666,96.66666666666667,0.05603333333333333,43557.0,7679.0,3,2,2
99130cc4-7f2f-4c5a-b110-373ec5543be8,4530.428571428572,438.14285714285717,231.64285714285714,0.05764285714285715,90224.0,3758.0,7,8,0
99300c0a-a2b5-4179-97c4-ffba4ae8896f,2398.4,225.6,94.6,0.05686,47820.0,5304.0,5,2,2
994989a8-617e-402f-a9b8-9b64861039bb,1290.7142857142858,135.0,66.14285714285714,0.05777142857142857,25827.0,8483.0,7,2,1
9951a638-4c2a-4efa-8f8d-efbcd2209db5,3634.6,353.4,165.0,0.05638,73653.0,4084.0,5,0,2
995706ac-cb7c-44de-96f1-1fb5782f9a23,444.75,38.75,19.75,0.0589,8542.0,4963.0,4,14,3
995de1b2-5f79-42ed-a297-e0c10d819e7f,2815.0,272.0,140.5,0.05815,55507.0,2843.0,6,13,3
996923b4-34b8-498a-86fa-837c03cc78a1,1430.3333333333333,111.66666666666667,47.333333333333336,0.056333333333333326,28214.0,3092.0,3,2,1
996f2ac9-ce87-4082-b151-adf822c6b38b,595.0,62.0,50.333333333333336,0.05873333333333333,12046.0,220.0,3,3,1
997189b7-f91a-4047-b681-2716578e629a,1974.0,204.33333333333334,104.66666666666667,0.056999999999999995,40036.0,3519.0,3,6,2
998512ba-2b03-4064-8b9f-afbb7f1e50aa,4529.166666666667,427.5,144.66666666666666,0.056299999999999996,90607.0,7835.0,6,5,0
9988fec4-5c7f-4862-9187-80180980490b,922.5,113.5,38.0,0.05875,18278.0,9694.0,2,2,1
998b2605-6669-40b1-ae8a-cbeca4d21dd6,1236.0,121.0,36.666666666666664,0.055600000000000004,25068.0,2273.0,3,13,3
9996f670-001d-477f-a6bb-09fb55b89015,3147.0,358.6666666666667,199.33333333333334,0.059566666666666664,62198.0,6880.0,3,10,0
99a1ef8c-1dbf-4714-addd-614ea0c23121,225.0,13.666666666666666,10.333333333333334,0.05751666666666666,4339.0,2653.0,3,5,1
99ae5018-3d92-4a06-a0ea-b3e70ca3a61d,162.4,13.4,7.0,0.05571,3299.0,3131.0,5,0,1
99b242ff-9fb5-42e5-8ef1-01f8b45c59f0,116.66666666666667,12.666666666666666,7.0,0.05793333333333334,2352.0,1312.0,3,1,1
99da6f37-77cb-4549-8d88-5911683bbb02,3730.0,280.0,204.5,0.056749999999999995,74236.0,8433.0,2,14,0
99df22e8-d126-4881-8aea-e50ed4fe3e49,824.0,95.0,28.0,0.0564,16802.0,3784.0,1,1,1
99e29035-a1ad-49dc-93ac-4d5bd9d4469c,4078.0,510.3333333333333,236.66666666666666,0.0584,82605.0,7354.0,3,6,0
99fd3b0d-0d0e-4008-9f18-0afdd64ccfc4,1004.6666666666666,85.0,53.333333333333336,0.0562,20342.0,2156.0,3,1,1
9a011da3-0d8b-492d-9483-a6fa9a9d308e,1062.25,113.75,66.5,0.0600125,20691.0,5474.0,4,2,1
9a0befff-6fad-4e6c-a334-985aeb65faa6,2113.4285714285716,269.57142857142856,107.85714285714286,0.05902857142857143,42189.0,1784.0,7,3,2
9a0d15de-bf71-4cd3-bef8-219c66c38efe,1492.5,140.75,93.0,0.0576,29961.0,6007.0,4,4,1
9a2e61ef-fa82-4882-9316-c3799f7f5998,2269.1666666666665,139.83333333333334,144.66666666666666,0.05673333333333333,45022.0,8886.0,6,15,3
9a4546c5-ef55-4143-ace8-fc9c0d670818,1265.0,147.33333333333334,92.66666666666667,0.05936666666666667,25342.0,9962.0,3,4,1
9a4c6cb6-3022-4224-b76d-17518957a294,4772.0,569.0,160.2,0.05788,95042.0,9893.0,5,12,0
9a64a321-bb5e-4d28-bac2-44c75b9abba7,3146.5555555555557,308.77777777777777,205.11111111111111,0.05848888888888889,62593.0,6714.0,9,3,2
9a7d8996-19b0-4f2e-8be7-bcd4f440a6a5,2620.0,280.0,120.0,0.0579,52182.0,4575.0,1,4,2
9a858dad-1453-45f4-aaae-93e113791a5b,814.0,78.5,50.5,0.0581,16219.0,6861.0,2,1,1
9a95c811-d1c4-4c0d-86ab-b234ff85924a,3906.0,382.0,340.0,0.059,78500.0,1370.0,1,10,0
9a9b6a5c-274a-4d7c-a7fe-6ffe35a29a73,2641.75,222.5,179.5,0.05665,53743.0,560.0,4,1,2
9a9ce000-7a0c-477b-902f-d9fbb7b7a551,2929.0,263.5,236.5,0.05805,59094.0,749.0,2,4,2
9aa32575-27c4-420a-8ba6-8453903ebbf2,1166.125,105.75,65.0,0.056625,23607.0,802.0,8,13,3
9aaf48c1-430b-4999-99c6-7108101105b9,2069.6666666666665,171.33333333333334,121.0,0.0574,41144.0,3017.0,3,9,3
9ae39e98-e80c-49e4-a09d-55065ed648d3,764.0,69.6,48.0,0.05720000000000001,15414.0,2145.0,5,4,1
9aeb6d49-81ce-4c32-a9c4-4e2950902359,2602.6666666666665,237.33333333333334,100.0,0.05566666666666666,52820.0,4053.0,3,4,2
9aedc3a5-cd2f-4b58-a48a-a8ca67648fd1,1450.3333333333333,156.0,73.66666666666667,0.057999999999999996,28973.0,6061.0,3,0,1
9afc42bc-a5d1-4c0c-be51-573cb6e5a803,4682.333333333333,424.6666666666667,173.66666666666666,0.0569,92833.0,6902.0,3,1,0
9b00fc41-b0e0-49df-bf83-c03c15126cb8,2270.4444444444443,203.77777777777777,110.55555555555556,0.05675555555555556,45544.0,6273.0,9,8,3
9b09dbb8-2bc3-454a-b00a-9ab000bef12c,2831.25,294.5,185.0,0.057775,57316.0,6135.0,4,2,2
9b178668-b748-4b49-9970-d17c9ce92c2d,4030.75,495.75,242.75,0.0594,80286.0,4151.0,4,12,0
9b28721c-791e-4d29-9d92-bee9558b7f09,972.2,92.2,45.6,0.056299999999999996,19719.0,1837.0,5,12,3
9b291909-9c2a-4da5-8b68-528d965b16ed,341.0,32.0,18.5,0.05505,7108.0,4166.0,2,10,1
9b296572-8b92-4907-aae9-545e51c1a5db,92.0,13.0,4.0,0.0643,1694.0,4406.0,1,2,1
9b4e0f8b-73d6-4ef6-9858-f2d834c0fa91,2626.0,212.25,132.5,0.0571,52034.0,7160.0,4,2,2
9b5fe5c8-b899-4942-92b1-57c572eb38ed,2965.6666666666665,311.5,188.16666666666666,0.058249999999999996,59500.0,8993.0,6,1,2
9b63a59c-1bac-4af0-a3bc-08dbe1964fd8,779.75,84.5,28.0,0.056325,15838.0,4354.0,4,0,1
9b776e62-ec10-48c1-b95e-e9526158c064,3827.8333333333335,442.0,167.0,0.05778333333333333,76797.0,795.0,6,13,0
9b86ca79-4a11-428b-b626-065a3d887952,4911.0,405.6,217.6,0.055920000000000004,98958.0,3316.0,5,2,0
9bb3ce2d-2ce8-468a-bfa6-6d8d87209cff,4513.0,445.6666666666667,261.6666666666667,0.05811666666666667,89815.0,7759.0,6,2,0
9bb918f6-f2e1-4b60-b64f-26608f13ef40,3078.5,265.0,178.0,0.057550000000000004,61155.0,665.0,2,0,2
9bcccfd6-96a6-4a4a-88af-0a86ffde77fe,3840.0,345.0,239.57142857142858,0.05721428571428571,77336.0,2665.0,7,0,0
9bdbf52c-c1d0-4a38-b0c0-f4611de7c1f6,1427.8333333333333,143.5,84.16666666666667,0.05665,29227.0,2073.0,6,15,3
9bdec476-6a0a-42d3-8c54-828a6a477fac,3104.0,263.3333333333333,206.0,0.05676666666666667,62931.0,6710.0,3,7,2
9beeec58-e00e-4ec9-87d4-d34dbafe9471,2626.5,204.5,179.0,0.0572,52621.0,2433.0,2,10,3
9bf11d90-b7a2-4652-b356-37c8628a5c0c,3596.6666666666665,386.0,136.0,0.056833333333333326,72459.0,2694.0,3,0,2
9bf5366f-30ab-41e4-a4cc-53f0c11a7755,4661.0,423.5,338.75,0.058325,93031.0,1094.0,4,0,0
9bfd400a-139d-4234-924a-ba6a723e4507,679.4,66.0,38.4,0.0573,13679.0,8337.0,5,0,1
9bfdd5d9-30ae-4d4f-8d24-c4f16d0b70ca,3118.1666666666665,282.5,163.0,0.0569,62634.0,5215.0,6,1,2
9bfeed0a-aeeb-4ce3-8c48-dc272414c811,2132.25,213.75,85.25,0.057175000000000004,42531.0,433.0,4,0,2
9c133415-207d-4e8c-bd20-e93a49492354,4873.5,597.125,298.125,0.059649999999999995,96722.0,8706.0,4,5,0
9c265af4-2a4b-4008-b6ba-444d9b4e8907,4215.875,453.875,239.875,0.0579375,84740.0,4910.0,8,4,0
9c31ec0f-c5fd-4d3c-ba12-ed924482eaa7,1302.5,125.5,78.5,0.0578,26054.0,8284.0,2,8,3
9c33f257-3196-4905-af4e-8df3e06e7bed,4165.5,402.25,213.25,0.0567,84292.0,7682.0,4,4,0
9c349a0f-8c11-4457-b839-814729b17c86,2128.0,193.25,158.25,0.058800000000000005,42179.0,8187.0,4,1,2
9c351e09-71e5-495f-957d-dfca626aebc7,2825.6666666666665,205.66666666666666,229.33333333333334,0.057433333333333336,56770.0,9937.0,3,6,2
9c4b5f35-8fa6-4ca2-bab1-a93f09d9ebe0,399.6666666666667,37.666666666666664,12.333333333333334,0.0578,7779.0,5906.0,3,4,1
9c520f2d-7e5b-415c-bebf-022b57ff2943,2561.5,287.0,115.0,0.05895,50251.0,6700.0,2,3,2
9c6a02b4-a57d-47e0-9b32-30eb7e0bd284,1066.375,117.5,61.5,0.0588,21179.0,8167.0,8,0,1
9c6ddfdc-a86e-4d7f-93ad-d47171cc1f2d,1280.6666666666667,134.5,63.333333333333336,0.05686666666666667,26005.0,7600.0,6,6,1
9c71de55-05ef-4ab6-8303-a8e8a04b660d,1639.0,145.0,73.66666666666667,0.056799999999999996,32700.0,1547.0,3,6,3
9c773683-c235-4137-b387-88cb31d41d7e,3477.8,408.6,139.8,0.05774,69732.0,9518.0,5,1,2
9c86e29f-4fb6-4f42-8eda-99c34ab85973,2741.1666666666665,205.16666666666666,175.5,0.057216666666666666,54550.0,995.0,6,8,2
9c8f74e9-3c9c-4cb6-bfc1-feae87c67d0f,2403.0,199.0,112.0,0.057300000000000004,47377.0,135.0,2,8,3
9c924a5b-69ae-4df9-80e4-67eca2f72fb9,3755.0,414.6,272.0,0.05878,75547.0,8608.0,5,3,0
9ca3749d-7a36-440d-80e1-7f8c11d9564c,3647.0,423.0,264.25,0.05935,73037.0,4186.0,4,0,0
9ca7ed7b-390a-423e-bf35-2abb7fb15f79,3799.0,487.3333333333333,195.66666666666666,0.05976666666666667,75006.0,4677.0,3,3,0
9cb37d29-2fdc-499a-8798-6d77f943d7ec,671.5,50.0,36.0,0.0563,13462.0,6219.0,4,2,1
9cbce3f0-ef44-45b4-aa64-0d0929d37f1b,3902.0,337.0,265.0,0.057999999999999996,77664.0,133.0,2,14,0
9cbf1ef6-e477-45e9-9806-cf13c7aa85bb,2183.6666666666665,227.33333333333334,93.33333333333333,0.057166666666666664,43810.0,4810.0,3,1,2
9cc6d797-53bb-4f9a-9943-f3d6096aaf62,4449.75,361.25,216.5,0.057275,87774.0,5304.0,4,6,0
9cf07d9a-cc68-44ed-ac4e-2390ae02d551,4239.0,539.0,348.0,0.0613,83645.0,9416.0,1,8,0
9cf1dcf9-b9bd-404f-8f05-208fcfde130d,448.2857142857143,44.857142857142854,20.285714285714285,0.057,9008.0,199.0,7,8,1
9cf85696-2276-4edc-8890-fc663445d693,5033.0,643.0,210.0,0.0589,99935.0,5404.0,1,11,0
9d256985-0b2e-4b86-9774-ab59d89e3cac,1712.0,194.0,52.0,0.0596,32858.0,7404.0,2,8,3
9d28c8a3-d17e-42d4-8dba-a9ccc2f247b5,3117.75,309.5,183.0,0.057525,62749.0,1884.0,4,0,2
9d294bbc-0bb8-403f-bdbf-fddafa79974a,3091.8,289.0,213.2,0.0576,62373.0,56.0,5,14,3
9d2bd333-bf7a-44bb-846a-33685c903240,1091.8333333333333,138.5,71.66666666666667,0.06120833333333334,21193.0,142.0,6,11,3
9d36e469-de4b-490e-a9d7-321eefa4ae83,2796.0,196.0,165.0,0.0565,55898.0,5146.0,1,8,2
9d3eaf34-1c72-4a12-b7f8-9df4697a4b6d,4461.0,488.5,278.75,0.057675000000000004,90619.0,8091.0,4,0,0
9d5da34d-5c36-4820-9882-08bec92d89b9,3427.25,435.25,213.0,0.0598,68184.0,8800.0,4,0,0
9d755707-5497-459a-9063-380fc61857dc,6.428571428571429,0.14285714285714285,0.0,0.055492857142857135,132.0,905.0,7,3,1
9da8dbb2-2f54-46cc-bd19-a5209268dd0c,4897.5,416.3333333333333,199.66666666666666,0.056433333333333335,97693.0,7462.0,6,3,0
9da9bb85-88dc-472e-864d-951f64d05dc0,2697.25,255.0,101.0,0.056925,53645.0,9779.0,4,2,2
9dab252c-14d2-470f-8f22-b87fc8a45dde,1807.3333333333333,194.0,99.33333333333333,0.05836666666666667,36001.0,2114.0,3,8,3
9daf82b8-7acb-45dd-ad19-264f869719c3,4634.0,538.5,136.0,0.057800000000000004,91903.0,2983.0,2,3,0
9dc08ae0-c547-434e-ba7b-04332d5f7035,454.0,46.0,11.0,0.05656666666666666,9036.0,6864.0,3,0,1
9dc5ce36-54c0-49cf-b110-7dac9e14cb1c,4464.8,585.0,373.4,0.06144000000000001,88308.0,7311.0,5,9,0
9dcd1bf2-9449-48cb-a4bd-f0a3d828d03d,904.5,117.75,49.5,0.059,18171.0,7054.0,4,3,1
9df367ce-dbb9-4fea-8ff6-70c3f0053bc2,2564.5,254.0,112.5,0.05505,53255.0,4194.0,2,9,3
9df3a9a0-1ef2-425a-95f1-d516fe5be0e6,1997.0,258.0,69.5,0.058300000000000005,39873.0,9357.0,2,6,3
9e0ead09-2039-488e-b5a1-38a71d53b2ba,3379.0,209.0,47.0,0.0529,68651.0,2785.0,1,6,2
9e191536-2efa-415b-9a8e-23fd75502845,4005.6666666666665,412.3333333333333,265.0,0.05786666666666667,80963.0,5046.0,3,4,0
9e2f9f44-a1cf-43f6-bc44-64854682aa4f,2841.5,301.5,84.0,0.057249999999999995,56399.0,6707.0,2,9,3
9e40bd76-25be-4831-a963-144984c2744a,1845.3333333333333,220.33333333333334,124.0,0.0579,37807.0,1873.0,3,4,2
9e517833-1e35-4c97-ab65-902e16a21bd8,683.8888888888889,61.111111111111114,42.0,0.05683888888888888,13851.0,1978.0,9,1,1
9e5f2120-3b72-42d4-9d7b-5f8fa0ac6d4e,1246.0,137.0,78.33333333333333,0.05753333333333333,25387.0,1666.0,3,0,1
9e7494db-8c57-49c6-b4bc-c992624069eb,620.3333333333334,56.0,47.333333333333336,0.05923333333333333,12219.0,9147.0,3,9,3
9e8cb8cb-603f-443c-bbf6-eee344607101,4363.5,324.5,245.5,0.0562,87721.0,2804.0,2,10,0
9e8ffaee-e090-4a25-93f1-389627b6101d,198.28571428571428,19.714285714285715,10.857142857142858,0.05725,3960.0,4708.0,7,1,1
9ec80201-dd64-4c12-92e3-2145822a86e3,3170.5,272.0,142.5,0.057300000000000004,62563.0,3630.0,2,1,2
9ec9f718-4542-4c2b-b2c8-b3539172e6db,4922.0,467.0,365.0,0.0587,97988.0,4402.0,1,8,0
9ed5f361-e22a-4d8b-aada-dfbc8eec5cfa,427.0,44.57142857142857,21.142857142857142,0.05721428571428572,8614.0,3932.0,7,1,1
9edb1f5d-6130-447b-b100-0202e1aecf24,1774.25,154.25,77.5,0.057249999999999995,35046.0,7745.0,4,3,1
9eef0407-c877-4771-b1e9-2729a5f80f59,4930.0,525.0,125.0,0.05656666666666666,98639.0,9592.0,3,14,0
9ef1b54a-3b64-4991-b41b-5860cc935dc4,3940.6,338.0,242.4,0.05684,79551.0,4615.0,5,3,0
9ef38e3d-0fc0-43f0-b30d-f6fb065ea8a5,1958.1666666666667,139.0,93.5,0.055299999999999995,39626.0,6678.0,6,4,2
9ef58c28-1edf-4194-bdf1-ace0509d3458,3144.0,317.0,167.5,0.05835,62196.0,6619.0,2,6,2
9f07f512-77d2-4622-8042-b71f26c8d1e6,1153.6666666666667,102.83333333333333,73.5,0.057883333333333335,22978.0,666.0,6,0,1
9f0bf562-abf7-4eea-888f-b5d76b35c83f,2390.5,309.5,160.0,0.059550000000000006,48024.0,6024.0,2,5,2
9f1fe804-7729-4887-9cee-004cfd66626e,3071.5,373.25,151.0,0.057825,62186.0,3688.0,4,3,2
9f475eb8-33d2-4d41-9ddb-5a33e9e8d516,644.3333333333334,63.0,18.0,0.0567,12797.0,6895.0,3,4,1
9f55ce31-6b07-45b9-931f-4b39feb5ba5b,2992.6666666666665,266.6666666666667,139.66666666666666,0.05656666666666666,60074.0,3004.0,3,5,2
9f608c7c-4c32-4fe4-bdea-2a0ca1ac6ad6,843.0,113.0,50.0,0.05875,17127.0,9324.0,2,4,1
9f70df94-3919-40af-a367-9deb459a4d78,3754.5,374.75,260.5,0.058425,75150.0,3690.0,4,3,0
9f94fd38-1322-4083-be5a-7b1986e2a9c7,2965.1428571428573,305.14285714285717,141.85714285714286,0.05814285714285715,58680.0,7707.0,7,0,2
9fa491de-3cd3-4bcf-8dc4-814f6361eb3f,900.5,80.5,57.0,0.057550000000000004,18042.0,9688.0,2,1,1
9fa4f39b-9641-4170-9740-e24c6530cc9c,1805.3333333333333,199.33333333333334,139.66666666666666,0.05943333333333334,36072.0,5011.0,3,3,2
9fb54588-4d90-4e1e-a6b6-a33b8d5c4467,682.0,61.25,34.75,0.05815,13382.0,3286.0,4,2,1
9fc37989-d478-4620-a853-054de1e7ebf3,2953.5,301.5,177.75,0.0581375,59049.0,2154.0,8,5,2
9fdc9972-01e1-4e21-aaff-46a83e75cea9,1910.8333333333333,179.0,129.83333333333334,0.057666666666666665,38493.0,168.0,6,1,2
9fe86cb4-34c4-4247-ba1d-7275a6570526,2893.0,361.0,120.33333333333333,0.057633333333333335,58546.0,7423.0,3,4,2
9feb4e1b-6c8a-4ac1-b06f-fde25a01a82e,2184.5,211.5,171.0,0.05925,43317.0,9443.0,2,2,2
a0020a2a-8dcf-4604-abce-17405cf02bbc,1310.5,156.0,83.5,0.0584,26544.0,1284.0,2,3,1
a04a4e21-c1e1-416c-9639-c33e1baa61f3,3267.6666666666665,271.3333333333333,162.33333333333334,0.056933333333333336,65003.0,3385.0,3,5,2
a06e7e06-745c-4bf9-a28d-6fe6ad3274be,2585.0,257.54545454545456,142.27272727272728,0.0574,52010.0,527.0,11,0,2
a0877db8-9ee4-47c3-a43f-23184cceeb32,1999.75,220.5,129.5,0.059,39839.0,3163.0,4,13,3
a088856c-c198-446d-ad07-43bbeb1b901c,4223.0,392.8,172.6,0.056679999999999994,84463.0,959.0,5,7,0
a0978585-48d9-4484-85a2-378e46862367,2951.2,255.4,113.0,0.056940000000000004,58288.0,9238.0,5,9,2
a0bf57ea-788d-4139-aee4-ceb556023e02,4472.25,463.5,221.25,0.057425000000000004,89800.0,422.0,4,0,0
a0d6a35a-e913-4d89-a2ee-5d1bab695af9,4866.857142857143,509.42857142857144,198.28571428571428,0.05754285714285714,96892.0,5230.0,7,15,0
a0e51849-defb-4770-901d-060d6838b0c6,1815.2,173.0,106.0,0.05798,36131.0,1090.0,5,1,2
a0e98e4f-4444-45cf-bf4f-b697ff38445d,3503.0,303.0,36.0,0.0548,70104.0,4761.0,1,12,3
a0e9fcaa-4a0d-4c6e-9926-bbba4ff054ba,530.6666666666666,33.666666666666664,32.666666666666664,0.05516666666666667,10821.0,7548.0,3,3,1
a0ea6486-efa3-4545-b5e3-d5d8bfb21597,3658.5,316.0,158.0,0.05605,73708.0,2052.0,2,5,2
a0f326ca-0aa0-424e-8707-f5d1e98f58ee,4884.5,456.0,265.75,0.057475,97568.0,3719.0,4,7,0
a110ae6d-0677-436c-8b01-25390315ab2c,2016.25,222.25,125.75,0.05915,39976.0,4763.0,4,1,2
a11788e1-fbbb-4014-be8d-cc2c57d03646,2907.5,384.0,188.5,0.060149999999999995,57849.0,6306.0,2,2,2
a12f3f6a-d484-439c-9b82-ee7ccddaafde,3562.0,336.0,292.0,0.0594,70536.0,1793.0,1,9,0
a1510214-1a80-4294-9a17-817f7ac67050,1062.0,75.5,44.0,0.05555,21276.0,8465.0,2,5,1
a15a614d-4e2e-451d-990e-653cd6c18517,919.2,105.6,39.8,0.05848,18202.0,8632.0,5,7,1
a15a7886-e75b-4fba-8d2a-505842348b50,851.5,86.0,50.166666666666664,0.057716666666666666,17109.0,1127.0,6,0,1
a15afb79-121b-4e27-bb40-2fa9632c91b5,2989.2,242.6,199.0,0.05714,60050.0,3771.0,5,5,2
a15e8682-77e8-4814-b7d3-3d065e8fd355,2076.5,228.0,120.0,0.05745,42186.0,6127.0,2,0,2
a173988b-89e6-4ad7-8dfc-7cc3e299a937,1048.8333333333333,122.0,47.333333333333336,0.05781666666666666,21066.0,6834.0,6,6,1
a178adf3-745f-4010-b58b-f24234eb69bd,3078.75,285.0,171.25,0.057275,61734.0,7460.0,4,0,2
a186bdb6-948e-415e-944d-0d309dced546,4835.0,597.3333333333334,346.0,0.05983333333333333,96526.0,8532.0,3,2,0
a1891dd5-88a7-45c1-abe7-a8ccb86314ea,3121.5,385.75,129.0,0.057725,62978.0,2561.0,4,1,2
a1894a53-3e77-4269-94df-9037c7ef6041,4847.666666666667,559.6666666666666,290.5,0.05845,97500.0,2221.0,6,13,0
a18fc99f-7104-425a-92fd-4c8624ddc630,238.66666666666666,26.333333333333332,14.666666666666666,0.057,4906.0,1285.0,3,1,1
a19095da-1d39-449f-8fe4-e6e15a6bd353,4637.0,492.1666666666667,243.5,0.0575,93450.0,8647.0,6,0,0
a19205dd-5c6e-4cc7-a8db-ab53bcf6c151,4352.2,350.8,131.8,0.055900000000000005,86464.0,2170.0,5,1,2
a1997a53-3c52-478e-be0c-95218c253168,3459.0,302.0,246.25,0.057025,70282.0,9575.0,4,3,0
a1a5ef54-d499-4d45-9fbb-74679982e728,1501.0,118.0,31.0,0.0556,29673.0,565.0,1,8,3
a1b436a3-ad86-47f9-8669-c6267ab20179,1684.4,160.2,86.4,0.05848,33025.0,6411.0,5,1,1
a1b7647f-7cdd-46c8-88cd-1a06c0846a97,884.0,84.5,40.0,0.05885,17138.0,2908.0,2,2,1
a1c71d24-8f02-48d9-911c-4e1310b5ae8d,440.25,50.75,29.5,0.0593375,8753.0,5219.0,4,3,1
a1e1911b-3c73-4bae-9a3d-094b30594945,4912.5,332.0,372.0,0.0582,96552.0,3233.0,2,6,0
a1e9c28c-516f-4f6b-8326-19780e02b6ab,3036.5,355.5,254.5,0.06035,60443.0,9499.0,2,5,0
a1eb84be-090d-4b20-9b41-6b6670e9c9cc,666.3333333333334,74.66666666666667,29.333333333333332,0.056966666666666665,13523.0,4105.0,3,4,1
a1f05376-8772-4baa-867e-41e22f9612c9,2352.4,240.4,128.6,0.057479999999999996,47341.0,3618.0,5,3,2
a217f5a2-83bb-44da-b2a8-1537fe98763d,1846.0,130.0,50.0,0.055349999999999996,36605.0,6758.0,2,0,1
a24df845-8bbe-4f16-9090-4595762ddc49,2584.6666666666665,238.33333333333334,159.66666666666666,0.057100000000000005,52229.0,3520.0,3,3,2
a25ac5f3-afe2-4f9e-89d5-79a3fbb2ef3b,2575.5,308.0,157.83333333333334,0.05946666666666667,51131.0,8253.0,6,0,2
a25fc84a-0a6b-4591-ba37-6994da757668,3327.3333333333335,425.6666666666667,203.0,0.05943333333333334,66572.0,480.0,3,1,0
a26383e6-f2f9-4227-9c7a-2e3500cf0906,3453.5,290.0,283.5,0.05975,67400.0,3129.0,2,1,0
a270f100-c62e-44da-af10-c1bdadc1c417,3556.3333333333335,441.3333333333333,216.0,0.060066666666666664,70141.0,150.0,3,5,0
a271a532-b806-48e4-85b4-83cc0890fe3c,3091.0,321.0,137.0,0.057433333333333336,61797.0,8328.0,3,1,2
a274e217-0b62-4101-b4bd-1e01070540e1,4194.666666666667,349.6666666666667,213.66666666666666,0.05676666666666667,83781.0,4594.0,3,2,0
a288c1c3-7bbe-4088-ae44-a8276c8e7970,3453.0,423.0,290.0,0.0608,68523.0,1669.0,1,0,0
a2981da9-3213-47db-aa06-00811cb6f762,453.0,38.333333333333336,27.0,0.05686666666666667,9116.0,4719.0,3,1,1
a2982506-edd3-48bb-8a6a-eeda780f045a,3022.0,272.0,122.0,0.0559,61097.0,3861.0,1,4,2
a2990f93-2add-425a-bef6-eebde16262d0,3143.0,370.75,182.0,0.05905,62599.0,2678.0,4,0,2
a2b450b7-7313-451c-93ed-6a7248bb5129,2447.25,231.75,73.75,0.056425,48780.0,583.0,4,1,2
a2c3fff8-3989-48f7-a3d4-30544e583935,740.5,68.5,70.0,0.06045,14550.0,6132.0,2,1,1
a2d76c99-dd86-4a16-a755-fdb75f581d6f,788.1666666666666,76.66666666666667,41.5,0.05798333333333333,15631.0,3157.0,6,6,1
a2fdf266-d498-4512-a147-c07c8b8158ce,1829.0,174.8,125.4,0.05924,35941.0,8712.0,5,12,3
a3018a03-8048-4827-a970-0d7d06ba319f,2858.0,207.0,103.0,0.0576,54979.0,5270.0,1,11,3
a30d137e-5259-476d-b0e0-ccf22eab5b14,147.5,14.5,10.75,0.059575,2899.0,4040.0,4,6,1
a3112191-f4dc-458e-9675-16bec6054dd4,425.5,47.5,11.0,0.0577,8392.0,4571.0,2,11,3
a3381fac-2fc4-43bd-87a5-641f5cff1406,4706.8,503.2,214.0,0.05786,93723.0,7746.0,5,0,0
a3396ef6-1f7f-4352-9b47-ae9a1fdd0330,2439.0,123.0,186.0,0.0567,48439.0,8042.0,1,2,2
a33c2dd8-a2d3-4570-af91-bd82c5213e23,3336.0,346.14285714285717,142.0,0.057257142857142854,66799.0,6621.0,7,15,3
a3434442-265b-4735-ac2c-f31f9cca9ec1,3680.5,479.5,47.5,0.05655,74404.0,1645.0,2,0,2
a343e358-0360-4818-bbcb-05281b604cf3,959.3333333333334,104.66666666666667,44.0,0.05823333333333333,19024.0,2069.0,3,6,1
a34f2804-9e8b-4ab3-b4f2-af51d69465cd,4648.5,535.3333333333334,152.66666666666666,0.0572,93287.0,9835.0,6,3,0
a356d071-8d6d-470c-be70-9a645381ff1e,3287.75,320.5,99.0,0.056975,65090.0,8105.0,4,2,2
a36b762a-8177-4f4d-b6c6-c98f3e410cf4,3753.3333333333335,320.0,156.66666666666666,0.057633333333333335,73428.0,5683.0,3,7,0
a37bb181-7026-429d-af4d-9483c53eb12e,4640.333333333333,485.3333333333333,293.0,0.059133333333333336,91584.0,4777.0,3,3,0
a382e4bd-f8c7-4b43-abec-3d6a3643a318,4149.0,477.0,88.0,0.0556,84855.0,7228.0,1,2,0
a39634f2-017e-47c4-b5f7-404bdc60c669,4881.25,553.75,307.0,0.05905,97229.0,9238.0,4,2,0
a399ace4-6bb2-460e-b1d8-9fee920d32c3,4553.0,509.0,104.0,0.057749999999999996,89456.0,5372.0,2,5,0
a3ab0fa2-f429-4152-9ea4-b5fbdbca6b5f,3822.0,358.0,365.0,0.06035,75348.0,9240.0,2,1,0
a3c7dc40-9338-4c00-a5f4-dfed7cafbc2f,1633.875,157.875,126.625,0.0596375,32170.0,717.0,8,9,3
a3cba550-90e7-41bf-989d-7fd9f33ac8f0,1724.0,195.0,86.5,0.058525,34267.0,2725.0,4,5,1
a3cd0a58-97e9-47df-aedb-13f275357ba5,1118.6666666666667,101.5,49.5,0.05705,22261.0,1713.0,6,2,1
a3cfadbf-27ba-403f-ac33-fd7ed1661089,1289.25,155.0,90.5,0.05975,25689.0,2947.0,4,2,1
a3dec2fd-f3d2-4c2c-8ac2-10b80ea7bf46,1663.3333333333333,164.0,119.0,0.05806666666666666,33511.0,9404.0,3,4,1
a3df0388-825d-4581-8cb3-7ce16eeba2fc,2916.8,316.0,160.8,0.059140000000000005,57364.0,8677.0,5,0,2
a3eb90a2-a805-4ca8-b777-e87181dd6c82,1481.8,169.2,70.8,0.058719999999999994,29313.0,6293.0,5,1,1
a3fb24a9-7f22-4cf8-829c-50b894008cdc,3379.5,401.0,165.0,0.058550000000000005,67391.0,2365.0,2,4,0
a413a58b-577c-4655-ba67-0c5c43b1023c,1766.8333333333333,175.33333333333334,103.66666666666667,0.05786666666666667,35340.0,737.0,6,4,2
a4148340-9d58-4030-9c5c-47f14152240b,601.8,55.8,36.4,0.05808,11951.0,5034.0,5,10,3
a432159a-f316-41a7-90f2-3f2e7e4d784c,4757.8,520.2,194.2,0.057920000000000006,94509.0,224.0,5,4,0
a439a52e-e70e-4500-bfb9-79121f92f924,1440.4285714285713,181.85714285714286,79.85714285714286,0.059814285714285716,28458.0,1689.0,7,15,3
a4479c07-87a4-4a5f-810c-5524be6200fd,1809.0,125.0,148.0,0.058499999999999996,35601.0,814.0,2,4,2
a4499f1c-9ac1-437a-a22d-880fc060825f,586.6666666666666,52.166666666666664,28.5,0.059416666666666666,11230.0,8315.0,6,5,1
a461d9d3-f2aa-4dd0-ab65-7ebbb387c356,1896.142857142857,226.14285714285714,74.28571428571429,0.05777142857142857,38007.0,9841.0,7,10,3
a46b061e-f8c7-423f-b2ea-ff28f6c87057,3082.0,171.0,54.0,0.0534,61905.0,7536.0,1,0,2
a472975b-4afa-42af-86da-65099d199ea3,2839.5,259.0,133.25,0.0572,56487.0,1924.0,4,14,3
a4b233b5-1d29-401a-8d31-a7036593b083,2637.75,267.0,118.5,0.05765,52452.0,7166.0,4,1,2
a4c0e814-21ec-459c-9a71-52fab47b8433,4094.75,497.25,270.75,0.059325,81977.0,6522.0,4,3,0
a4c397fc-fcf5-410b-bee4-4bb73a171cbe,2180.3333333333335,180.16666666666666,94.16666666666667,0.05615,43710.0,1694.0,6,0,2
a4c79143-2904-4bf3-864d-f1e5d72fc06f,437.25,50.25,17.75,0.057550000000000004,8778.0,560.0,4,6,1
a4d08845-50ff-400a-af20-e5871c0cd56e,2926.3333333333335,350.3333333333333,175.66666666666666,0.05853333333333333,58986.0,4396.0,3,5,2
a4eef70a-0e0c-4642-8b4f-400729e4e4fc,4620.666666666667,331.0,247.33333333333334,0.056600000000000004,91880.0,4903.0,3,0,0
a4fa3653-4410-43f0-89e8-52e0480338e5,2305.25,210.5,70.75,0.0562,46019.0,9434.0,4,0,2
a5272cc4-0ce2-4306-8b7b-70d33bd1b679,850.0,72.4,62.0,0.0586,16801.0,6984.0,5,7,1
a52e7c56-6dbe-413a-bf34-15cb2a038ae1,47.5,6.0,2.5,0.057999999999999996,966.0,6789.0,2,5,1
a5302b2e-f70f-4d5a-9e30-f086f1feb6bb,2180.0,180.25,112.25,0.05615,44040.0,5540.0,4,3,2
a57dd063-7a4b-46ec-befd-c8650bb18140,1179.5,129.0,69.0,0.057525,23934.0,5863.0,4,9,3
a58168ef-0bd7-44a2-845e-2c64678fe993,2142.5,237.0,106.0,0.0582,42728.0,3079.0,2,8,3
a594ccd5-808c-42e8-a404-4d01f7a06725,3744.8,305.2,323.4,0.05834,74947.0,4209.0,5,2,0
a5a602c5-dcc7-47bc-9f98-f5e3b3eb1027,3957.0,315.75,174.75,0.056175,79169.0,3645.0,4,3,2
a5b75222-5f54-4c91-9808-c4f2e228aec8,1231.0,97.0,61.75,0.056675,24530.0,7130.0,4,12,3
a5b9e834-e0a8-451a-8e2e-60adb733ae59,2405.3333333333335,291.5,90.33333333333333,0.057466666666666666,48480.0,9049.0,6,12,3
a5c64ae8-df5f-45b8-b153-bc3ed56b235f,496.0,64.0,26.0,0.0598,9794.0,7901.0,1,4,1
a5e2bad7-6017-48bc-a489-2d153b38329c,4172.5,476.0,183.5,0.05725,84405.0,5298.0,4,8,0
a5f83674-247d-4996-a738-28b0e9cf7ba3,3794.0,325.0,340.0,0.0591,75477.0,8597.0,1,12,0
a5fb9b23-3dbc-4305-95eb-3857131f4a73,899.0,102.0,28.666666666666668,0.05703333333333333,18061.0,7811.0,3,4,1
a605aa3f-e64e-4cfd-91c6-0f4edfe3374f,4379.285714285715,465.7142857142857,214.64285714285714,0.05854285714285714,86435.0,2453.0,7,0,0
a60c98ed-0e4d-409a-a5ae-5ac584b13408,4690.2,312.6,204.6,0.05556,93739.0,1130.0,5,1,0
a62f6d8f-7393-476f-b921-f890d94c9658,977.0,99.5,35.5,0.0577,19265.0,6219.0,2,2,1
a63025ca-e260-4081-ad6f-8db4873c1f88,4204.25,346.75,199.0,0.05615,84590.0,3506.0,4,13,0
a6316061-cb0b-47f5-8680-f50d361515a9,1366.375,105.25,67.0,0.056325,27315.0,2479.0,8,9,3
a6318c49-027b-47de-b76f-618ed829b3d4,2932.8,347.4,189.0,0.05874,59047.0,1475.0,5,12,0
a6344164-ed4d-4cd7-8553-010d943e0c75,4937.2,485.2,234.8,0.057120000000000004,99055.0,9095.0,5,2,0
a644dc76-f655-4f92-83b8-a4f526b10713,1646.0,129.2,91.2,0.056979999999999996,32739.0,9245.0,5,3,1
a654c4dd-d5f2-49fa-9e14-ec24cd25a6cc,2568.25,311.0,117.25,0.058050000000000004,51614.0,8287.0,4,5,2
a666a4b1-0738-4022-9fd3-5ea08b44866b,2280.5,284.0,34.0,0.05625,46188.0,2293.0,2,1,2
a679ba1b-e0a8-4a5b-a64d-ffbb7cbd1c78,4541.5,491.5,261.75,0.057775,91656.0,6497.0,4,12,0
a679c29e-295a-4bac-bd8f-e7ff8281b0fc,241.5,25.0,6.5,0.05615,4862.0,7825.0,2,6,1
a68a5bd4-dcb7-4635-974c-f0dba3620fd9,397.5,43.25,21.75,0.059275,7808.0,3500.0,4,1,1
a6957441-6712-4688-97ba-b7868d7c6e86,1110.2857142857142,119.14285714285714,56.0,0.05797142857142857,22170.0,3620.0,7,0,1
a69a46ee-b172-4927-a603-d0b4959c648c,133.33333333333334,12.333333333333334,5.666666666666667,0.05395,2851.0,6258.0,3,5,1
a6a10e09-bc3c-4363-83f5-ff9e1c8d21a2,1769.3333333333333,200.0,58.0,0.05686666666666667,35657.0,186.0,3,2,1
a6a774df-e220-4d07-86bc-7b63a24557c1,3836.0,244.5,306.5,0.0572,76685.0,6987.0,2,11,0
a6b2114e-84a3-4e5a-9b2c-8ab8eff2e899,2160.0,219.2,100.4,0.05774,42954.0,1284.0,5,4,2
a6b21efe-2216-4999-babd-fb035b603ca1,2899.6666666666665,349.3333333333333,143.33333333333334,0.05856666666666666,57899.0,3266.0,3,2,2
a6b65ed4-8fff-47ae-90bd-d70fe65abf97,341.4,30.0,21.8,0.05872000000000001,6699.0,8718.0,5,8,1
a6c919fe-e2db-4b44-8ea8-5790e055bf1c,2057.0,181.5,54.0,0.05625,40760.0,382.0,2,2,2
a6cbc076-9618-4bb2-b34f-449b76f71aa3,951.3333333333334,125.0,55.666666666666664,0.0603,18772.0,4275.0,3,1,1
a6d38688-42f3-49a6-a43c-64c6b276d83c,1234.8,105.0,74.2,0.056100000000000004,25211.0,4870.0,5,8,3
a6df9e9b-9be5-4992-be27-30dab6e39ef6,893.0,85.33333333333333,69.33333333333333,0.059533333333333334,17596.0,8011.0,3,0,1
a704616c-0788-4a6a-97c1-e0d71cca7b2f,2968.5714285714284,322.0,123.85714285714286,0.056742857142857143,60190.0,318.0,7,3,2
a7128d51-abaf-412b-9e19-8ff56d186e0d,113.6,10.8,5.0,0.05675,2286.0,9469.0,5,0,1
a722f3f7-5413-4334-a858-fbc7803ba15d,1347.8333333333333,116.66666666666667,69.33333333333333,0.055799999999999995,27476.0,3614.0,6,1,1
a734fd5c-e094-4a2b-8d5b-0744938984b5,493.4,61.6,31.4,0.059750000000000004,9663.0,8164.0,5,7,1
a73d1df5-b63a-451b-9661-c27555520221,3554.0,286.2,143.4,0.055499999999999994,71759.0,7244.0,5,12,0
a73fee04-cdca-4441-95fe-966f7d266534,1925.75,231.25,112.0,0.058175000000000004,38991.0,8351.0,4,9,3
a7413784-1fe0-4327-97bb-a3f5a1bacc5c,428.3333333333333,43.833333333333336,25.333333333333332,0.05933333333333333,8386.0,102.0,6,9,3
a7461cdd-d258-4c9f-9c34-3b715a37de71,4692.333333333333,494.8333333333333,235.16666666666666,0.05716666666666667,94912.0,8322.0,6,2,0
a74d1e71-b8e2-446c-9333-e5f57681771a,2478.4,247.6,151.6,0.058699999999999995,49029.0,5900.0,5,1,2
a755c2ca-d964-45c3-a453-607c9236508a,3529.3333333333335,360.3333333333333,128.66666666666666,0.0567,70898.0,2521.0,3,0,2
a771a420-2f6a-49cb-8f37-2f91f26abdbc,1101.8,115.6,71.0,0.058719999999999994,21945.0,8483.0,5,10,3
a78ea5ad-c49d-45c8-89fc-976dee006f54,3527.0,352.0,321.0,0.058,72430.0,5910.0,1,3,0
a791fa88-c77d-47c8-984b-20703d83e81c,726.75,69.25,39.5,0.057325,14575.0,6160.0,4,1,1
a79d536c-811d-4a17-8fd8-4659e7d33b38,4284.0,577.0,239.0,0.0592,86206.0,3096.0,2,1,0
a79ef66e-69e6-44a5-8104-a301c797dc41,2011.0,181.0,112.0,0.0575,40095.0,5274.0,2,8,3
a7a08fec-8f15-450e-896f-9c96c4bfa7c4,108.0,8.333333333333334,8.0,0.05435,2313.0,4834.0,3,4,1
a7a7e6a8-5512-485c-ab71-72c6ac8edb84,1107.5,107.5,58.5,0.057999999999999996,21954.0,9305.0,2,7,1
a7b0c10f-254c-4b97-a031-2eec5067861b,665.0,58.142857142857146,47.0,0.05815714285714286,13241.0,8850.0,7,1,1
a7b33c64-7f49-4169-8ada-ff325dd17901,3875.4,302.4,186.6,0.055420000000000004,78755.0,2637.0,5,13,0
a7cff965-e6a5-4370-abf3-1a142c1c97df,2911.0,254.6,165.2,0.05736,58061.0,7266.0,5,12,3
a7deeaba-f10a-4852-84de-69253a5e6a9d,4409.0,483.6666666666667,109.0,0.055999999999999994,89347.0,6574.0,3,5,0
a7e17b86-5279-4c96-ad55-6dc2c16d60df,2560.5,187.0,59.5,0.0558,50324.0,8194.0,2,10,3
a7ea693d-36a2-4dda-b0ab-f579809637ee,827.0,61.285714285714285,46.714285714285715,0.05665714285714286,16496.0,4383.0,7,0,1
a7f9d89f-ae3c-43e8-951f-b8766fe3f00e,1273.3333333333333,108.66666666666667,74.0,0.0577,25246.0,8781.0,3,0,1
a800fee1-a0da-4b38-b00d-a65b7edd6e7d,581.5,57.25,45.0,0.061475,11123.0,5654.0,4,4,1
a8103408-a160-44b6-b48a-58eddbe080a9,3876.6,403.0,282.6,0.05876,77639.0,8204.0,5,0,0
a8169141-00c7-4643-870f-4a76d1745af4,4281.25,480.5,233.75,0.05755,86802.0,1206.0,4,0,0
a8233b85-7c5d-40a1-a92a-9106c202f188,190.0,16.5,11.5,0.05795,3764.0,5227.0,2,3,1
a839f328-914d-4468-ab3e-289a31f20478,95.2,9.6,3.2,0.054479999999999994,1983.0,315.0,5,3,1
a83cdae7-edcf-4c2f-b8b9-5dc4d20328b4,1857.0,154.5,42.0,0.055,37330.0,3266.0,2,5,1
a84c079d-ae2b-4469-a67b-88824da69b9c,1040.25,108.75,84.75,0.0605,20384.0,5381.0,4,13,3
a84d66af-c1a5-4d3c-a2ad-2c283e616a49,1026.0,102.42857142857143,59.857142857142854,0.05784285714285714,20539.0,3811.0,7,4,1
a856f928-8fd1-4111-9fda-1cccb1ebf442,1315.5,154.0,85.5,0.05845,26615.0,2892.0,2,3,1
a85d968e-f341-4158-865a-1214afca8035,3001.0,309.6666666666667,156.0,0.0573,60483.0,3263.0,3,12,3
a86b1ef7-b7ce-4289-9ff8-d868caad2891,3903.8333333333335,368.3333333333333,249.16666666666666,0.057749999999999996,78268.0,8028.0,6,11,0
a87999df-64ea-4e73-9741-96c4837c8f1e,3457.0,341.2,176.6,0.05766,68938.0,7040.0,5,2,2
a883a62d-fb96-49c9-b1f6-40bc4d4f0a3a,3295.25,377.75,224.0,0.059825,65138.0,6068.0,4,4,0
a88b5b28-49ed-4719-8d36-44f7ae7286f8,3243.75,351.75,190.25,0.058575,64617.0,4142.0,4,8,0
a88ebbf1-aabc-466d-833f-d6b5a696f2a2,1821.5,184.0,151.5,0.0596,36173.0,7342.0,2,9,3
a89058ed-8543-44fd-94bb-57f2cb455cd4,155.0,15.25,9.25,0.055525,3233.0,5725.0,4,13,3
a89681d5-72c9-4aa9-959d-eb449d741a92,1542.6,147.0,72.8,0.05671,31050.0,1910.0,5,7,3
a89eb485-9e7d-481e-b563-d523d01fe7de,1730.0,103.5,43.0,0.0547,34327.0,4667.0,2,3,1
a8a18b60-491c-4ec2-bedb-01d5033b5ca4,933.6666666666666,79.0,73.33333333333333,0.0604,17978.0,2585.0,3,3,1
a8c3826e-0c78-41d0-98ee-cf3186c667d4,4803.0,607.0,341.0,0.0615,93566.0,9647.0,1,13,0
a8c83956-1cc3-493f-af22-4daa68793484,3052.8333333333335,324.3333333333333,175.83333333333334,0.05871666666666667,60520.0,6823.0,6,0,2
a8d99ac4-024c-4889-854f-f184906fe5fd,3082.0,295.75,243.75,0.058425,61994.0,1493.0,4,0,2
a8f9d9ef-67ef-4d85-9f28-2a701d55eed4,3628.4,376.4,211.2,0.0568,74233.0,8787.0,5,3,0
a9152d05-46c1-4315-ae4b-873bb987ca01,1564.0,94.0,137.0,0.0567,31644.0,1703.0,2,0,1
a91de9ce-ff05-4467-a547-2ec69b438b87,2910.0,298.6,174.0,0.057999999999999996,58322.0,7405.0,5,4,2
a9260471-5a95-4eb5-8add-d404880ccb8b,2611.0,333.0,176.5,0.059050000000000005,52850.0,122.0,2,1,2
a92a2aff-d1a2-466c-ac91-70ae351ce0a7,3995.0,313.2,163.6,0.05550000000000001,80578.0,8559.0,5,11,0
a932ab14-605a-4196-91c0-d11eafb82b57,4021.0,432.25,316.5,0.05825,81885.0,4243.0,4,0,0
a940bd19-5566-4326-8956-9a04037905da,825.8,95.6,53.8,0.05758,16941.0,6964.0,5,0,1
a94dc2b6-95cf-4881-82e5-ccfeb01c0499,4381.0,542.1428571428571,244.71428571428572,0.05871428571428572,88010.0,5184.0,7,15,0
a951bdae-0b36-425f-a28d-2d1fb80fe1c1,2162.25,248.75,129.5,0.0592,42913.0,6396.0,4,7,2
a953750d-603f-4880-a769-f0c964126b79,1244.0,127.66666666666667,35.0,0.05616666666666666,25041.0,9413.0,3,12,3
a95e1904-748f-43dd-94e7-e90293c763b9,4813.0,684.3333333333334,228.66666666666666,0.05946666666666667,96282.0,5832.0,3,3,0
a960935d-6789-4dae-a1fa-5799a46a7614,4553.8,563.6,199.0,0.058199999999999995,91341.0,6490.0,5,9,0
a98130ba-b643-4cc9-ae3a-418b83217160,1616.75,172.5,75.25,0.057550000000000004,32409.0,3805.0,4,4,1
a9bfdc9b-8af5-454d-8d28-6e43842c6472,3802.75,345.5,189.25,0.057800000000000004,75046.0,2188.0,4,7,0
a9c1e3a2-84ff-4a8b-8fdb-16ecd6a33522,3308.0,308.75,245.5,0.058275,66273.0,3068.0,4,0,2
a9ccb975-8702-4475-bdae-3f3e8e6146b4,600.0,67.4,28.6,0.05904,11789.0,9409.0,5,9,3
a9e6d681-855e-4ae4-8bed-dfdcdc685b25,3326.5,268.0,222.5,0.05685,67117.0,8838.0,2,2,2
aa09c77e-88e3-4236-a901-c10775da5d02,3285.0,177.0,52.0,0.0535,65663.0,4086.0,1,3,2
aa0bb6e3-738e-4b30-918d-82b6438b43d4,1060.5,83.5,57.75,0.05655,21250.0,9994.0,4,7,1
aa38fe8c-8406-4b02-bfec-1fb6dc0efb56,4472.75,343.25,137.5,0.0562,88155.0,5270.0,4,10,0
aa3aa1e7-e8c1-435f-9973-f6bf5c8c5001,3620.5,395.0,240.0,0.05845,72837.0,2535.0,2,2,0
aa3bd381-0b1e-4d21-932a-f4d70a9d9574,693.0,37.0,22.0,0.0539,13963.0,1859.0,1,4,1
aa3f2700-2d6b-4e67-adcf-592b332cbe47,2133.875,215.625,105.25,0.05735,42812.0,1212.0,8,5,2
aa4c460e-e15f-4c1b-9bbb-98d26708f427,3081.0,297.0,119.0,0.05655,61836.0,9673.0,2,3,2
aa4e86d7-1a2d-4834-8801-af0050ffe04a,768.2,93.4,28.2,0.058399999999999994,15239.0,7765.0,5,10,3
aa6d47e4-afab-467f-837d-e29cd996216a,3487.6666666666665,328.3333333333333,200.0,0.057166666666666664,70234.0,1130.0,3,0,2
aa6dd084-0f04-4963-9aac-aa3d8af378ad,2018.6666666666667,175.33333333333334,144.33333333333334,0.05706666666666666,40980.0,5510.0,3,4,2
aa7cb334-876a-414d-94ec-37cbc17a06dd,2595.5,186.5,94.5,0.0561,51299.0,2908.0,2,0,2
aa85f494-b468-4c85-aab0-3d71a3340c2c,3829.5,222.5,281.0,0.05695,76119.0,5329.0,2,2,0
aa940ab8-5dbc-4508-a67e-ef8a97918273,508.8,37.2,29.6,0.056679999999999994,10157.0,9783.0,5,11,3
aa95f8e5-cc39-4301-964b-67b9868ec8be,3608.0,335.5,123.0,0.05635,72188.0,1915.0,2,4,2
aa96ea8d-b6b1-44a2-9ad7-b234a9e88159,2264.5,326.0,67.0,0.0598,44423.0,5679.0,2,3,2
aac47cc1-8add-41b8-8568-ab49800c9cb3,4708.2,546.2,262.2,0.05782,95383.0,3889.0,5,0,0
aac928d0-ab46-43e4-9e04-2689904ff033,1318.6666666666667,129.83333333333334,68.66666666666667,0.05711666666666667,26548.0,7095.0,6,4,1
aae7750f-fd3b-413a-87b0-3ff99a5e084a,1099.4285714285713,113.42857142857143,70.71428571428571,0.05727142857142857,22408.0,6437.0,7,3,1
aaea85df-4d90-4081-8def-e76db192afb0,1958.75,189.5,58.0,0.056225,39220.0,1024.0,4,2,2
aaf0248e-cb14-4101-9c9c-d1680389aa68,634.0,56.6,25.2,0.0546,13104.0,3574.0,5,0,1
aafa232d-c8aa-4cbc-9df6-d6d50d7be972,4305.0,383.75,239.75,0.057025,86421.0,9865.0,4,2,0
ab024ca8-a8e8-44e9-90e6-2a6b1aae6ec7,1563.0,117.0,80.0,0.0567,31021.0,4881.0,1,0,1
ab14ca9e-705c-47fd-94e0-12d680148162,2338.8,255.6,133.6,0.057499999999999996,47459.0,1498.0,5,0,2
ab1741d2-7775-4753-b847-19d794761c0f,1732.6666666666667,210.66666666666666,67.33333333333333,0.058100000000000006,34624.0,9294.0,3,2,1
ab174ca1-6b78-42e4-8844-a3f52bacff9d,399.6666666666667,37.666666666666664,17.0,0.057633333333333335,7880.0,8770.0,3,6,1
ab1ce381-4de9-4cb6-b38f-9f4c868b1575,1632.5,191.0,104.5,0.0587,32870.0,9131.0,2,0,1
ab1e24ca-f4ed-4c1c-a663-9beb65cfea5f,3446.8,393.0,211.6,0.059399999999999994,68207.0,6795.0,5,15,0
ab239f4e-301c-4a68-9232-6f5b60482be0,4265.0,456.2857142857143,289.14285714285717,0.058757142857142855,85262.0,3646.0,7,0,0
ab51ec75-2128-4d99-9ba0-dd21e8665f3c,2876.0,303.6666666666667,211.66666666666666,0.0597,56813.0,6634.0,6,0,2
ab62a178-356a-4bf8-aa8a-2768c04baaf8,4441.5,447.25,126.25,0.0566,88610.0,2805.0,4,0,0
ab6732a3-0f8b-41a5-a126-0015e0f3c08f,2024.0,234.5,111.5,0.0574,41307.0,4139.0,2,1,2
ab6db73a-7d60-4c42-aec0-f63fd49e82a2,2995.6666666666665,218.0,158.0,0.056499999999999995,59696.0,5359.0,3,4,2
ab724c9f-4d55-4cfa-bbcb-3036c8a4898c,3120.0,274.6666666666667,201.83333333333334,0.05753333333333333,62510.0,4513.0,6,2,2
ab7f428b-0b2b-4fb5-b78f-f876ee3b4b11,2222.3333333333335,237.66666666666666,49.0,0.05603333333333333,44757.0,8703.0,3,1,2
ab7f9f47-bacb-4feb-abad-85687cd95f31,629.2,51.4,26.2,0.05456,12956.0,6727.0,5,5,1
ab816261-1fcc-4fdb-8f96-c74e1267054b,4057.5,404.5,170.0,0.057999999999999996,79918.0,6176.0,2,3,0
ab830354-5c13-40eb-85e8-afb72aea3225,4453.0,450.0,227.0,0.0581,88264.0,6372.0,1,8,0
ab969c9f-0a0b-4651-889e-b62ef79b2221,2378.25,194.25,91.5,0.05445,48940.0,1915.0,4,12,3
aba690ba-3777-41cd-bd83-83c5e6c74836,3533.5,345.6666666666667,227.0,0.0579,70898.0,5411.0,6,9,0
aba7c576-981a-420e-afde-5d85b222b05a,1050.3333333333333,119.66666666666667,43.166666666666664,0.057916666666666665,20948.0,3775.0,6,1,1
aba9de1b-5359-495f-b752-23d88473d70b,3901.5,361.8333333333333,178.5,0.05661666666666667,78460.0,7930.0,6,8,0
abaad0ea-f444-4701-9e78-8bcc4d8ad283,1643.6666666666667,181.33333333333334,53.333333333333336,0.0567,33121.0,6581.0,3,5,1
abab58dc-b375-4a87-aa44-b46cd85a1079,2267.5,279.0,134.0,0.060450000000000004,44367.0,3764.0,2,4,2
abae66fd-59ce-4d04-9f5b-845c8b431cff,2178.8,200.8,72.2,0.05656,43366.0,9122.0,5,9,3
abb71776-2026-46d1-9e59-c6fbcce2e219,2383.0,215.625,166.25,0.0581625,47547.0,8398.0,8,3,2
abbbeb76-be91-43f2-8250-e676c95417c3,1093.0,153.0,81.0,0.0617,21518.0,4845.0,1,3,1
abc5a30f-0159-4351-80bc-3831c584e8f9,3222.3333333333335,299.3333333333333,227.33333333333334,0.056999999999999995,65748.0,5177.0,3,6,0
abe10d19-7b10-448f-a439-5d7d3321601f,3023.8,307.2,162.4,0.057420000000000006,60842.0,6962.0,5,5,2
abe86fa6-f9e3-47e5-9280-52c8d76e824d,4569.0,438.0,199.75,0.057925000000000004,89897.0,6316.0,4,0,0
abf829f0-2f82-44b4-98f0-dac461f1366e,4841.333333333333,449.3333333333333,182.66666666666666,0.05616666666666667,97462.0,9392.0,3,2,0
ac0d50fb-6fa4-4816-ad03-74765521e9f1,1674.4,191.2,69.6,0.05738,33729.0,8642.0,5,4,1
ac0dd313-caad-492d-a84d-2243ffc7007f,4616.428571428572,435.0,286.92857142857144,0.05782857142857143,92331.0,9204.0,7,10,0
ac108bca-3d0a-44e3-99dc-b72e07ad6a7f,1858.4,183.6,100.0,0.057199999999999994,37447.0,2575.0,5,3,2
ac381bea-dcc5-4efe-a64e-c6adda575005,3524.0,388.0,163.66666666666666,0.05798333333333333,70290.0,9433.0,6,9,0
ac531a67-39bc-41ae-939a-81232b95c2d5,4780.666666666667,470.3333333333333,181.33333333333334,0.05656666666666666,96083.0,6680.0,3,5,0
ac677364-f11d-42b7-8c97-5361123f55c6,3012.8571428571427,276.14285714285717,187.0,0.057242857142857144,60743.0,3431.0,7,9,2
ac75d8be-12b7-47ff-9f23-a33478a0c382,467.0,29.0,36.0,0.0577,9220.0,5207.0,1,14,3
ac85b31e-0cc6-41da-8da7-c4cd008a06e1,199.14285714285714,16.571428571428573,10.142857142857142,0.05923571428571429,3776.0,2716.0,7,2,1
aca78ce9-11c9-4644-a1d2-36f1fb5a0716,4469.5,513.5,233.0,0.0577,90407.0,8627.0,2,6,0
acb51a30-70c8-45da-ab0a-4576c3122467,4894.0,482.0,194.4,0.05722000000000001,97370.0,70.0,5,11,0
acb9b4ef-94b9-4194-ba59-16c682716a35,2956.0,348.0,185.5,0.0586,59556.0,5026.0,2,0,2
acc10f37-55de-42b0-a701-0d876fa512b2,4913.333333333333,325.6666666666667,243.66666666666666,0.0555,98737.0,5337.0,3,3,0
acce4007-834a-413a-b6ee-e06e8c57439b,4302.0,218.0,204.0,0.0547,86332.0,6663.0,1,9,0
ace628ec-1140-4d65-88ff-8b8d6c6a6a27,3808.3333333333335,415.6666666666667,211.66666666666666,0.0584,75903.0,4130.0,3,12,0
ad3d1ec5-f94c-410b-811c-a077a48b8ecb,935.0,75.0,38.0,0.05655,18534.0,3949.0,2,0,1
ad3da1d9-eb3c-477f-ab10-b0c7ff3c7104,3219.4,308.2,190.2,0.05796,64140.0,367.0,5,15,3
ad41e3bd-79c6-4642-bc77-2c179275c3d6,2200.0,292.0,150.0,0.0585,45193.0,5319.0,1,11,3
ad43edeb-65b1-4200-89af-1e539b6e2d19,1326.0,143.66666666666666,40.0,0.05706666666666666,26461.0,2546.0,3,12,3
ad488eb5-cdbb-4633-be44-1ff398ec2c03,1597.0,192.0,78.66666666666667,0.05953333333333333,31372.0,8618.0,3,12,3
ad4dd38d-027c-4380-806c-39c60115639a,759.0,71.2,33.4,0.05758,14996.0,7852.0,5,6,1
ad567b2f-c826-4461-bffd-2a11b7737a48,1899.6666666666667,203.33333333333334,88.33333333333333,0.056799999999999996,38563.0,949.0,3,7,3
ad60bf68-4447-4d22-afd7-6a9c532c37ca,4574.333333333333,393.3333333333333,212.33333333333334,0.056133333333333334,92274.0,1351.0,3,0,0
ad6b2949-b1e8-41bd-b343-f1037283b157,1202.0,111.33333333333333,61.666666666666664,0.05606666666666666,24519.0,1435.0,3,0,1
ad7432e6-1609-408d-bffd-a0810b5291d7,2516.5,233.75,121.5,0.056425,50893.0,6534.0,4,2,2
ad7ad0ff-148c-4e8e-898f-771ae9c22956,4447.0,297.0,425.5,0.0586,88368.0,7136.0,1,0,0
ad818c47-a35c-4261-b681-ced30f9ae61e,155.0,9.0,9.0,0.0557,3108.0,5239.0,1,14,3
ad8e9fa9-ef2c-412c-875f-34e99b07e287,2938.5,215.5,176.5,0.0565,58938.0,5345.0,2,0,2
ad8ea090-30f2-4dcb-b92f-99f5d314983b,2523.0,234.0,198.0,0.0562,52613.0,8586.0,1,9,2
ada76897-e2a7-4ec4-a556-4d841bbfcd3a,3118.0,317.42857142857144,152.42857142857142,0.05741428571428571,62509.0,5267.0,7,3,2
adcdba22-9ee9-4ccb-851e-c3b599b3ef1e,1575.75,122.5,104.5,0.057050000000000003,31602.0,4044.0,4,1,1
add9fc2a-efc9-4e77-98c8-15a3c996cfd9,2261.8,178.4,108.0,0.05728,44475.0,6562.0,5,1,2
ade09e45-8dd3-4e90-894e-44b746f24193,1008.0,127.0,99.0,0.0615,20073.0,7808.0,1,9,3
ae0577f4-409c-4373-be2a-5a1cec00bd0e,675.0,96.0,37.0,0.0598,13511.0,9672.0,1,9,3
ae11d088-d100-4f8a-a9c2-11a79b74b40a,2176.0,195.0,138.5,0.0578,43423.0,8372.0,4,0,2
ae1537df-2c26-40db-baa0-b8868a51e576,3523.6666666666665,353.0,166.0,0.05603333333333333,72153.0,9433.0,3,2,2
ae3c370f-a847-4b24-9cd8-f4d5ea261f6f,1960.0,190.0,76.0,0.0595,37383.0,6518.0,1,6,3
ae4b5b9e-c8e2-44ac-afb8-7ed5d22873ee,345.55555555555554,37.55555555555556,20.555555555555557,0.05739999999999999,7033.0,3406.0,9,0,1
ae5eeb27-378d-4a70-b37e-407e34af63bd,1539.0,158.0,62.5,0.05695,30883.0,4398.0,2,3,1
ae628048-bdd4-43ab-ac35-e57f74655e2f,3839.0,557.0,294.0,0.0604,77712.0,3511.0,1,0,0
ae752ce1-6d8c-4a14-a263-a8e8dd29aee6,4042.75,377.5,277.0,0.057925000000000004,81118.0,5978.0,4,7,0
ae9f692e-2fc2-4756-9ec7-78aa7884c405,4928.0,412.0,150.0,0.0555,98831.0,2556.0,1,11,0
aea6d71e-b48b-48aa-a9b8-620a9ca5c910,109.0,11.0,5.2,0.057550000000000004,2121.0,8896.0,5,9,1
aebc5c12-0b94-4235-ba26-50533245a740,3788.6666666666665,433.3333333333333,232.66666666666666,0.0589,75629.0,7758.0,3,1,0
aec1753c-9cc8-4cdc-ac71-0d99c2ac065b,3228.5,374.0,110.0,0.05765,64386.0,1759.0,2,14,3
aec69290-d9e0-4a6d-9b7b-09c48ec087b1,67.0,7.0,6.0,0.0585,1367.0,4461.0,1,7,1
aeceb7d2-58bb-4669-b2ab-a8e46a27c0bc,501.5,51.0,37.75,0.0586,10074.0,416.0,4,1,1
aee34ba9-6f3b-4737-b050-381c9c06d72d,490.5,57.5,12.5,0.05635,9943.0,330.0,2,8,1
aee61560-a690-454a-a11d-4d1f1f47da6c,3937.1428571428573,483.7142857142857,245.28571428571428,0.05998571428571429,77792.0,5665.0,7,8,0
aef0a4ca-abc3-4aad-9b84-2499dfc88e13,4470.833333333333,459.5,138.33333333333334,0.05678333333333333,89280.0,5124.0,6,0,0
aef42c19-c8fe-46a5-a349-0bc16ab1dd06,2340.6666666666665,221.33333333333334,134.5,0.05783333333333333,46629.0,5243.0,6,12,3
aef5e48d-96c5-4cfa-9d0a-3850ccabb341,3444.0,469.0,280.0,0.0594,70581.0,1601.0,1,2,0
aef687e1-f9ca-488a-bf3c-3eaefc090781,1848.0,195.0,20.0,0.055,37500.0,1322.0,1,2,1
af0b9c27-62c6-4957-a763-2336a45900e4,1578.8,194.0,79.4,0.05928,31247.0,832.0,5,0,1
af246d7c-5f1e-4033-a6cb-b4ba1165e32f,1379.3333333333333,126.66666666666667,66.33333333333333,0.05993333333333334,26244.0,5130.0,3,13,3
af350cc7-b4f0-413c-bac3-1baea4143b01,449.5,43.5,30.0,0.06317500000000001,8219.0,5900.0,2,10,3
af392275-640a-4080-8b81-bd345505cdf5,4613.0,537.0,201.33333333333334,0.05783333333333333,92535.0,2542.0,3,1,0
af3aff5e-a078-448f-8924-f0be9630c39d,2816.0,332.5,96.0,0.058300000000000005,55640.0,5272.0,2,11,3
af4b2105-6550-48cf-8db8-62958909f3a8,2686.4,250.4,139.4,0.05684,54117.0,3608.0,5,0,2
af4dbaed-626d-4f95-a826-113d10f1bd73,3952.714285714286,372.2857142857143,193.57142857142858,0.057171428571428574,79041.0,6576.0,7,6,0
af54b722-b691-4281-a84e-d6559e06312e,3029.0,339.3333333333333,190.66666666666666,0.05946666666666667,59827.0,6672.0,3,0,2
af5a7971-74e2-4310-a9ed-d3c5c7ec85f9,441.0,33.0,26.0,0.0553,9042.0,488.0,1,11,3
af5b85fa-43eb-4ec3-bb35-68ace5c64c4a,1271.5,143.5,39.5,0.056999999999999995,25527.0,464.0,2,4,1
af64fbf0-1bd0-484f-8e51-958ab1e6924f,3995.5,416.25,155.75,0.057025,80112.0,5663.0,4,0,0
af68fe00-9627-46fe-a5a3-5cc9eac6aa4c,1794.8,169.2,101.0,0.057940000000000005,35631.0,4241.0,5,7,3
af8b7dc3-cee7-4b80-a6cb-f4b778a75702,4847.5,544.5,252.5,0.05835,96756.0,8903.0,2,1,0
af8d73d8-a851-4cbd-be46-382fab68102a,3966.0,311.0,315.5,0.05835,78656.0,2298.0,2,4,0
af92db78-5983-4f58-ab12-85e9038220d0,1512.6,156.6,79.6,0.057699999999999994,30307.0,4457.0,5,2,1
afa10255-3a62-4ec7-bbb2-2b02942aacb4,3203.1428571428573,276.57142857142856,200.14285714285714,0.0574,64092.0,314.0,7,14,3
afc019c1-3668-439d-a960-c8c1c654ba2f,3664.0,376.3333333333333,198.66666666666666,0.057600000000000005,73588.0,3983.0,3,0,0
afc77147-42d5-4dcc-b8a6-033102eebee7,4137.0,452.5,192.5,0.0577,82873.0,5139.0,2,11,0
afd18c9e-6d81-48de-8d98-d77fcbd06e2c,1007.6666666666666,119.66666666666667,66.66666666666667,0.06083333333333333,19623.0,3867.0,3,1,1
afd3d389-3598-4f06-a3b6-443ffb31d8b3,2776.6666666666665,265.3333333333333,96.66666666666667,0.05556666666666666,56492.0,3628.0,3,5,2
afd84d25-664b-4ca7-9502-ca2f9a702447,3053.5,346.5,215.5,0.0581,62240.0,2887.0,2,10,0
afdc6a83-cb32-4b06-8b15-68693b764ca3,2148.6666666666665,253.66666666666666,151.33333333333334,0.05960000000000001,42855.0,5170.0,3,3,2
afdd0385-d72a-4e71-ae9c-1c97a84ff981,3562.2,334.2,166.0,0.057179999999999995,71031.0,7784.0,5,9,0
afe23603-94b8-470d-bbb0-4cf61f993361,2177.3333333333335,175.16666666666666,108.0,0.055549999999999995,44291.0,5401.0,6,4,2
aff7479e-2b51-4b85-99c4-76fb1a7ed70e,1736.857142857143,152.0,131.28571428571428,0.05764285714285714,35043.0,3640.0,7,13,3
aff96a7f-04ef-45f6-8099-afa138921aa8,4532.0,392.0,267.6666666666667,0.057433333333333336,90449.0,8254.0,3,3,0
b0059702-a6e4-43e5-84cf-3036934794c9,1212.25,98.75,71.75,0.056325,24554.0,6916.0,4,2,1
b0184524-0b8a-49ce-a90d-4012ad5bdf9a,4484.714285714285,494.14285714285717,275.0,0.05865714285714286,89577.0,2897.0,7,0,0
b0275da7-9782-47e3-978d-0e07801086ee,3813.714285714286,292.57142857142856,147.57142857142858,0.056414285714285715,75418.0,1381.0,7,3,2
b04cbb97-fa33-43fe-ae9f-50229bdb068b,1716.875,161.0,84.75,0.057375,34202.0,8427.0,8,7,3
b0826df6-303e-4f18-aacd-37126d6e9e69,2706.1666666666665,237.0,152.66666666666666,0.05726666666666667,54067.0,6517.0,6,6,2
b08522e3-aa5a-4aa3-8766-a3e7f4e9d794,4537.833333333333,443.3333333333333,251.16666666666666,0.05798333333333333,90256.0,516.0,6,4,0
b09e1f7e-2fe7-47f8-874a-72359bbbb2be,558.3333333333334,34.0,26.0,0.05449999999999999,11339.0,914.0,3,10,3
b09fe9c1-fcd0-4bec-9424-3a454ac06d93,2542.8,269.0,161.6,0.05846,50852.0,9432.0,5,8,2
b0d93982-f733-4fa2-b1ff-50ed30d6b442,1564.5,155.0,133.5,0.0588,31517.0,8860.0,2,4,1
b0e94397-e4ac-48ac-ac46-e554e1b0305a,534.5,57.0,31.5,0.059300000000000005,10507.0,7367.0,2,6,1
b0ec9a35-c370-450c-9426-dd979bd071a0,148.33333333333334,9.333333333333334,7.333333333333333,0.05333333333333332,3154.0,5603.0,3,4,1
b0fa0762-04b1-4c18-b108-c2ffd296725f,4707.0,488.0,355.0,0.0585,94837.0,8997.0,1,9,0
b1008e03-50c2-47ab-9011-e71b141d6fbd,1503.8,122.6,72.0,0.056679999999999994,29961.0,9127.0,5,1,1
b1077e20-9698-4ace-a471-7496297eeb0d,3164.5,408.0,220.0,0.060700000000000004,62463.0,541.0,2,10,0
b10ee7da-fc38-4a10-a2b6-5c08abbef84f,758.0,86.33333333333333,29.0,0.05803333333333333,15053.0,8106.0,3,0,1
b11bff5f-d8aa-48aa-a296-e4a62b9c8f83,3833.75,409.25,241.0,0.058499999999999996,76641.0,8442.0,4,8,0
b1577119-3a4e-4451-bde5-3480ca5c1092,133.0,12.75,6.0,0.057175000000000004,2653.0,3467.0,4,4,1
b15b6579-29d3-4449-bed5-6e90e87b178e,1089.5,118.25,53.5,0.05805,21727.0,9585.0,4,8,3
b1673fe5-5407-4e0e-b43e-228686f056f7,1468.0,173.5,83.5,0.05833333333333333,29566.0,4402.0,6,2,1
b17b4449-10e5-413b-ad36-d02232e9f697,871.0,80.33333333333333,39.333333333333336,0.054799999999999995,18073.0,2390.0,3,5,1
b17d6263-de7e-4648-8e7e-5349a686fc92,4017.0,422.2857142857143,258.2857142857143,0.05871428571428572,80009.0,8202.0,7,13,0
b186b5e6-e3fb-4c71-b4c5-a90b14a65799,2462.0,272.0,87.33333333333333,0.056900000000000006,49587.0,3486.0,3,3,2
b1904791-fa9f-4179-a9c1-10d2b320fd8a,110.16666666666667,12.5,5.166666666666667,0.05734166666666667,2246.0,4193.0,6,9,1
b192801b-b44e-428c-9638-ef632f43ecb6,4735.0,504.0,273.0,0.0583,94582.0,3105.0,1,9,0
b199e37a-3dcd-4cfe-94e4-2fb2a6b11935,3841.0,300.0,360.0,0.0581,77535.0,7984.0,1,8,0
b19c4d97-df8a-42c2-bb4c-0a57c88d9298,3678.25,302.5,275.25,0.058575,72659.0,2012.0,4,1,0
b1a827bb-63e9-476f-bf18-4d3b22638747,3330.5,463.5,211.0,0.0594,67444.0,9183.0,2,3,0
b1a8aa38-d62a-4c23-aae0-6f3684cfe57d,1256.857142857143,122.85714285714286,55.0,0.055714285714285716,25752.0,118.0,7,5,1
b1c1475f-06f0-4e4b-aa36-f47a762eb340,3566.8333333333335,287.0,207.33333333333334,0.0565,71876.0,4277.0,6,0,2
b1cd798f-41a5-4a6d-ad20-19356e782d58,924.5,77.5,43.0,0.05495,19024.0,4274.0,2,2,1
b1d2811c-5b15-4d24-b9d6-36df440ecec5,96.0,7.0,5.5,0.053274999999999996,2057.0,7028.0,2,6,1
b1d65f26-d79d-4471-ab80-a7a7d0bcef25,3222.0,352.4,195.0,0.058660000000000004,64269.0,7155.0,5,5,0
b1ee081d-1bac-4b84-8763-32d7032f7cd4,2230.6666666666665,218.5,88.66666666666667,0.057183333333333336,44396.0,8882.0,6,4,2
b1f5be27-9f63-48c0-9bbb-03e946d76dda,166.0,13.0,11.0,0.0639,2975.0,4547.0,1,12,3
b1fa41cb-1955-43fa-8362-c1da8e4fda00,4786.333333333333,543.0,310.6666666666667,0.05803333333333333,97187.0,8773.0,3,5,0
b224251f-728a-4d13-b042-19b64837cf08,1000.75,119.25,71.0,0.062775,18972.0,6773.0,4,5,1
b22fa849-703b-42c8-8ce7-45e08b6c79c5,4737.2,443.2,148.6,0.05639999999999999,94464.0,8610.0,5,6,0
b24225c5-15f1-47c2-8c36-069b56b397d4,1494.5,143.5,90.0,0.057975,29810.0,2464.0,4,0,1
b2438142-75c8-4bcd-b7e5-30d01de2df72,1170.75,109.0,75.75,0.0576875,23501.0,2934.0,8,0,1
b25cef2e-7893-458d-912c-28b92a300c57,1672.6666666666667,141.33333333333334,86.66666666666667,0.05736666666666667,33129.0,9924.0,3,0,1
b26dffef-0f7e-497a-bc24-43e28e11164a,93.5,10.0,5.5,0.0564,1932.0,3188.0,2,11,3
b27dba17-4768-40f6-ab36-3c1b396c1ed1,3402.4285714285716,422.2857142857143,65.85714285714286,0.05741428571428571,67773.0,102.0,7,2,2
b27f39f0-1d05-4dc4-a721-b554897c89d3,4161.333333333333,385.3333333333333,270.6666666666667,0.05843333333333333,82388.0,7455.0,3,5,0
b2a06b90-d789-4369-b616-996a4b36a841,2329.875,238.375,164.5,0.058875,46416.0,2985.0,8,4,2
b2a1aa88-7541-408c-9ec1-088961f9fc10,1572.2,159.4,131.0,0.05936,31378.0,7889.0,5,4,1
b2bf2230-5890-4fae-8c23-7084731aef4f,1736.4,172.2,86.8,0.0583,34216.0,8124.0,5,0,1
b2bf90cc-34f2-4690-9de6-81a16ea0dd5e,1744.5,163.75,92.0,0.0557,35922.0,6278.0,4,0,1
b2bff9a4-12e5-40bc-a514-282807a8044c,4233.4,367.8,177.4,0.056679999999999994,84310.0,3774.0,5,4,0
b2c3f647-853f-4122-af02-6ba8491700b5,760.6666666666666,86.33333333333333,51.333333333333336,0.06110000000000001,14701.0,2575.0,3,1,1
b2db1b20-0a3d-4064-89b1-4a2a90d053e4,356.2857142857143,36.714285714285715,16.142857142857142,0.05732857142857143,7138.0,3853.0,7,0,1
b2db1be4-9872-40eb-aab7-b40bac3d5a80,2278.75,234.5,144.25,0.057624999999999996,46125.0,6598.0,4,1,2
b2de94be-3269-4c1c-b5da-ffda69e95d92,1351.5,150.25,51.0,0.057550000000000004,26973.0,8996.0,4,2,1
b2e00f5a-db98-4e02-912a-54127f8246bb,3779.0,380.0,315.4,0.05976,74859.0,5818.0,5,4,0
b2e18c19-8a78-467d-b40f-721f14cb6f28,2725.0,207.0,231.0,0.0586,54003.0,1752.0,1,11,3
b2e53597-7099-4c6d-a225-9d1c8af1c563,914.6666666666666,85.66666666666667,67.66666666666667,0.056600000000000004,18854.0,8620.0,3,3,1
b3010fc0-63cd-4ac9-84cf-cf06893a997e,3248.5,317.25,223.75,0.059075,64143.0,3310.0,4,5,0
b304eead-4971-4fa3-92b7-003d87eb1f25,926.5,109.5,49.0,0.05985,18125.0,2704.0,2,9,3
b30847dc-8ef0-4b2d-978c-3b86f076c096,945.5,103.0,34.5,0.05575,19421.0,9934.0,4,5,1
b308f443-ff73-4be4-87cc-6ec1e8b765c7,781.4,84.0,25.2,0.05613,15960.0,1099.0,5,7,1
b31cc9ab-8add-4451-9813-6fb41fd19b8b,2644.5714285714284,296.2857142857143,143.28571428571428,0.058557142857142856,52651.0,2163.0,7,1,2
b32b1dcd-b900-4540-8c12-35221ad7a6ed,2114.3333333333335,220.33333333333334,102.0,0.057633333333333335,42293.0,3750.0,3,1,2
b35f603a-2948-4599-959d-0a34d774b62f,3057.6666666666665,406.3333333333333,161.33333333333334,0.05983333333333333,60582.0,2572.0,3,2,2
b364e864-3ebc-4df6-89d3-a55c9bf3ccec,1411.2,127.0,88.8,0.057120000000000004,28482.0,7161.0,5,2,1
b3734d7f-040f-44fb-8ad2-384198ae5883,95.25,7.5,4.25,0.057387499999999994,1877.0,5517.0,4,0,1
b389e3bc-ecc2-4642-91a7-c1c3a240ebdd,754.6,62.4,36.4,0.056420000000000005,15127.0,7085.0,5,0,1
b3b324cc-03f6-4893-a70e-b83eea294d4b,181.4,15.6,6.2,0.056600000000000004,3578.0,8978.0,5,0,1
b3c30e70-9b92-4510-99dc-91d872fb83b6,2602.0,267.0,99.8,0.05658,52478.0,6392.0,5,2,2
b3cc6aeb-b9d0-49f9-955a-6c1f9a7973d3,1828.8333333333333,177.5,126.83333333333333,0.0588,36267.0,6524.0,6,13,3
b3cd1874-e80d-4eb1-9772-7efddf57c9e2,3086.25,220.25,184.5,0.05655,61728.0,7324.0,4,0,2
b3ceebeb-6565-43de-8bac-b34e282c99f1,2527.0,233.0,210.0,0.0589,50399.0,6975.0,1,4,2
b3ee55b0-c221-46f7-8c80-9fc5521721e7,3971.3333333333335,441.1666666666667,281.3333333333333,0.0595,78893.0,974.0,6,12,0
b3fa5cb6-d652-4577-a437-75513cc5bb5b,2056.0,199.0,160.5,0.060649999999999996,39840.0,7412.0,2,0,2
b4104627-1148-45de-a525-7c60d009194c,1598.75,180.0,89.75,0.059,31658.0,6231.0,4,0,1
b41ea8a8-1bb9-4c20-97ac-19c853c4db01,3463.0,460.0,233.0,0.0612,67961.0,1527.0,1,8,0
b4209b0d-24ee-45ed-969d-bcbc2dcef87e,2070.0,250.0,170.0,0.0621,40127.0,7781.0,1,7,3
b44c2eea-5f6b-413a-a219-b1cfca1de5f7,2525.4,218.0,118.2,0.05669999999999999,50450.0,5319.0,5,5,2
b46743c7-4ff2-4ce3-8dc6-1f6cd234fa5f,2186.3333333333335,281.6666666666667,123.33333333333333,0.06026666666666666,42979.0,1407.0,3,2,2
b4829158-9b42-4db1-9b1d-ff60c1b25a00,2863.6666666666665,248.33333333333334,204.0,0.057999999999999996,57167.0,1105.0,3,2,2
b49e54fb-82ee-4641-a28e-49233b2fd6cb,2080.5,220.0,109.5,0.05925,40667.0,8569.0,2,3,2
b4a81b6a-236e-4afd-8e83-15e805210511,4292.875,486.875,236.625,0.058750000000000004,85383.0,3251.0,8,1,0
b4ac4906-b19a-4aa6-a8e4-117d688f1306,2071.6666666666665,239.33333333333334,104.0,0.05856666666666666,41216.0,6815.0,6,6,2
b4b871f9-35fc-46ff-bbc4-18d91af5c812,2434.6666666666665,200.0,153.0,0.05776666666666667,48274.0,3640.0,3,2,2
b4df14f4-15f2-4c61-8213-eeb9a647e4f7,3211.8,296.8,199.6,0.05886,63003.0,3266.0,5,1,2
b4df44ba-7c42-4492-8706-ce01a9302954,925.5,67.0,84.5,0.0595,18097.0,6195.0,2,7,1
b4e6f57c-eaf6-4723-88d4-67e73665eb74,3276.0,253.0,248.0,0.0581,65055.0,762.0,1,8,0
b4e76382-2c62-4c3a-be50-9d675ce02df1,1629.3333333333333,146.33333333333334,67.33333333333333,0.056799999999999996,32446.0,735.0,3,2,1
b4ebeb95-3fb6-4865-a038-2fb31932fb5e,4565.75,517.25,303.875,0.0586125,91912.0,5052.0,8,0,0
b4f668e1-531d-45dd-9024-7abc139bed19,4044.5,446.75,259.5,0.05845,81285.0,9784.0,4,0,0
b50dbb0c-2cac-49e1-83a5-4dad7e3563e2,802.3333333333334,59.666666666666664,23.333333333333332,0.054733333333333335,16174.0,486.0,3,1,1
b531aeb5-c543-4b41-812c-ce34e751231f,2107.8,158.0,163.6,0.05638,43078.0,6829.0,5,0,2
b537f25c-2442-4fda-961a-5b473ae3a3a7,1367.0,151.0,26.0,0.0564,27394.0,6942.0,1,13,3
b546e401-8dbe-4448-9662-871bbc992475,4848.0,471.5,238.75,0.057525,96666.0,9804.0,4,7,0
b546f285-4f00-44c2-bf82-46a777f34474,1050.0,99.2,34.0,0.05554,21307.0,9395.0,5,1,1
b54b1c20-8fd7-46f5-aa9b-93094e9f9563,1568.0,145.0,121.0,0.058499999999999996,31366.0,8962.0,2,9,3
b551a524-6bcb-4c2b-b4bd-fc4b2ce036cd,1624.25,158.75,57.5,0.056475,32577.0,1430.0,4,1,1
b553d544-c852-458e-ab23-3261c947548d,4360.25,317.5,213.25,0.056025,87323.0,9139.0,4,0,0
b555e264-9d49-4a69-b76b-20b0ddf245a7,3280.5,336.5,142.75,0.0579,64967.0,8118.0,4,0,2
b55d3cd4-b94e-487b-bd51-85d9612316f3,4163.4,359.4,279.8,0.057999999999999996,82783.0,4301.0,5,0,0
b55d7e42-f4ca-4008-aecb-ccd915d7af92,1345.5,118.75,89.5,0.05985,25963.0,7087.0,4,15,3
b5671269-7245-456c-b64e-7965c6f50e32,4984.0,722.5,132.0,0.0585,99866.0,3778.0,1,0,0
b57345ee-81df-472d-b9fe-c0c9da2f1189,4137.4,479.0,252.4,0.05816,83749.0,8703.0,5,5,0
b57cee7b-548c-4804-8583-53b7dda379fa,1189.0,118.0,50.5,0.05645,24055.0,4339.0,2,4,1
b5884bca-76a2-40c7-be53-76674663a0ab,1462.75,166.0,75.25,0.0588,28983.0,1565.0,4,4,1
b590f232-1868-4885-8bdd-233630af2071,1828.25,175.25,97.75,0.0565,37192.0,7693.0,4,3,2
b592e868-f903-4fe0-ba50-f8de48077beb,1221.5,91.0,90.5,0.0569,24651.0,1452.0,2,3,1
b593fda6-bb2c-49b4-8256-6f1912edf586,2819.0,278.0,175.8,0.05788,56541.0,7919.0,5,7,2
b5b190dc-472a-4ef7-bba7-83f1eceb54bc,164.5,14.0,7.0,0.054375,3485.0,7758.0,4,1,1
b5bce05a-4468-45c3-b1da-f7e123c4443e,2564.0,227.4,168.6,0.05808,50975.0,6030.0,5,5,2
b5c97215-499e-4735-b9f4-9024cfd77a84,752.0,91.0,45.0,0.058133333333333335,15280.0,5274.0,3,5,1
b5cdbc65-9fa6-4272-b365-437b3acc9e91,1568.25,182.0,102.25,0.058375,31737.0,612.0,4,1,1
b5dee09c-fce7-431b-a2de-03221513b468,2158.0,201.0,127.0,0.0573,43372.0,9599.0,3,6,2
b5dfe10c-44df-4d3f-bebb-cf174c997427,632.5,59.5,42.0,0.0597,12296.0,6675.0,2,5,1
b6046939-952f-4edd-8707-e036949322b4,682.0,62.0,56.0,0.055999999999999994,14284.0,6072.0,2,8,1
b60a836d-9d73-4d3f-b7fc-9f728b6f0778,1120.142857142857,105.85714285714286,60.0,0.05757142857142857,22335.0,217.0,7,5,1
b60e82dc-44e5-4437-a49b-a672a6745956,982.0,108.8,49.6,0.058519999999999996,19491.0,8895.0,5,0,1
b612954b-2dad-4c05-862e-af43a1a74fc6,2604.6666666666665,295.6666666666667,133.33333333333334,0.057333333333333326,52902.0,6096.0,3,5,2
b6317f1f-4a51-4753-b0ba-83a1e978bdad,3853.75,377.875,236.5,0.058275,76691.0,1884.0,8,1,0
b6365b57-b80a-4aae-a12e-ded679271b83,4706.75,431.75,205.125,0.056575,94469.0,3241.0,4,9,0
b63d66a9-317f-40cc-a62a-045b92f49c02,2910.25,365.25,158.25,0.0591,58106.0,588.0,4,3,2
b6400294-33ff-415b-bb1b-882b539eb558,212.0,27.0,9.0,0.050649999999999994,4914.0,2601.0,1,5,1
b64c1007-49ff-409b-9156-9d1d3c90f363,2760.0,306.6666666666667,205.33333333333334,0.0595,54984.0,4788.0,3,6,2
b64e23f6-aadd-43b6-a6bd-53ca33152829,4193.0,361.8,306.6,0.057999999999999996,83826.0,7045.0,5,1,0
b6656f38-ea1a-47d5-965a-1416584d4a60,2753.0,172.0,79.0,0.0547,54890.0,729.0,1,1,2
b6687a81-197e-4c07-acdc-e34ab9cdceec,4237.5,488.25,290.5,0.0592,84702.0,8884.0,4,7,0
b66cb607-77d6-4d6b-8dcd-70a81c5249b5,703.6666666666666,89.0,37.833333333333336,0.05806666666666666,14301.0,7774.0,6,3,1
b66fd6ac-49d8-4670-b596-64a86d95bbde,4040.5,412.0,167.0,0.057075,80964.0,9340.0,4,4,0
b673813f-485d-4e85-8ce3-9710774b8911,3348.8,343.8,259.0,0.05924,66697.0,5773.0,5,3,0
b6a13e2c-05a3-48d6-b496-2eb62878bbfd,2768.5714285714284,291.2857142857143,149.57142857142858,0.058185714285714285,55167.0,7865.0,7,14,3
b6a8da97-a721-49f1-b424-bb8f9be0f519,347.0,23.0,32.0,0.0611,6584.0,1312.0,1,12,3
b6aa3f2c-d588-4c3e-b988-db1c62bbdf84,3904.8,403.8,204.0,0.057420000000000006,78622.0,1641.0,5,5,0
b6ad5016-63a3-4071-93f9-6b2f853eaa34,1145.6666666666667,119.83333333333333,63.0,0.05708333333333334,23272.0,6899.0,6,3,1
b6ada39e-7b88-4431-885e-1a3f8cdae011,1098.0,96.5,54.0,0.055349999999999996,22557.0,832.0,2,3,1
b6cf54df-d414-4f5e-9f24-77f195985731,3541.2,328.4,226.4,0.05739999999999999,71339.0,6741.0,5,9,0
b6cff75c-690b-4b9f-9308-783eade25954,201.14285714285714,20.571428571428573,8.142857142857142,0.05744285714285714,4001.0,212.0,7,9,1
b6d24be0-c2b9-4826-836b-4b24c80fc14b,4733.75,507.75,210.25,0.057425000000000004,94901.0,4219.0,4,3,0
b6f4fd32-3445-46a7-adcd-4b540b48aa11,1934.375,238.5,107.375,0.0589125,38707.0,9883.0,8,3,2
b70bc1a4-967c-405e-81c3-e74d71fd3cbe,157.75,17.625,5.375,0.05635,3197.0,7231.0,8,8,1
b7166b2c-de5f-44fd-a816-b1605849d557,2371.0,217.66666666666666,137.0,0.056799999999999996,47980.0,1325.0,3,10,3
b725f4e0-8276-4034-88da-e6b7b06853ed,1492.8,152.8,81.6,0.05756,30007.0,1941.0,5,14,3
b7282a0f-0f85-4209-8277-7621df78ed3c,2085.0,217.4,117.2,0.05724,42273.0,6058.0,5,2,2
b7370d76-8745-4b28-82ea-0e9e07f4a964,590.0,56.0,40.0,0.058,11825.0,5755.0,1,9,3
b73d9cbe-e7fe-43fa-921c-bfa88d629d1b,2000.0,192.0,100.33333333333333,0.05726666666666667,40026.0,7356.0,3,4,2
b73f8d68-16de-4821-9ab2-6d085c872386,1181.75,123.5,65.25,0.0585,23430.0,615.0,4,1,1
b755f25c-0d44-4a90-8ffc-672bc9cc1fc8,730.0,78.0,37.333333333333336,0.056100000000000004,15073.0,603.0,3,5,1
b7762f0e-7cd2-4cbc-97cb-865755020bdc,4475.666666666667,433.3333333333333,320.1666666666667,0.057966666666666666,90247.0,4958.0,3,4,0
b78803f3-9dde-433e-add3-cd23655cf76b,1951.0,165.2,139.8,0.05746,39256.0,513.0,5,2,2
b7882731-86bf-4743-9943-5be37e0697fb,4399.0,431.5,267.0,0.05865,86932.0,9972.0,2,6,0
b79272a6-2277-4f6d-ae04-ea9c53910dfe,2106.0,134.0,145.0,0.0564,42294.0,55.0,4,1,2
b796c6c9-501f-4824-993e-6ead6ad6149d,1136.0,64.0,93.0,0.0538,24041.0,3847.0,2,2,1
b7a135e5-050e-46be-b8b2-041bb8fb4d77,2124.1428571428573,194.71428571428572,82.71428571428571,0.05702857142857143,42100.0,4757.0,7,2,2
b7b9d744-026a-4987-8dfb-acc8fef537d3,3133.6,305.2,227.2,0.05874,62394.0,5740.0,5,3,2
b7c00196-72a0-4dba-8863-eb2c89fe0ebb,1374.4,148.6,94.8,0.058640000000000005,27594.0,199.0,5,3,1
b7cbfece-7d8f-46e1-b879-dcc8b0907bce,3107.0,264.0,163.0,0.0553,63866.0,7225.0,1,14,3
b7d7d290-0761-49c8-a58a-1116880a4e75,2096.3333333333335,178.0,154.33333333333334,0.0584,41582.0,7830.0,3,7,3
b7dd1afd-3758-4def-99f4-e6a5daaa8c45,3372.0,322.3333333333333,163.33333333333334,0.057066666666666675,67590.0,3129.0,3,1,2
b7f22322-6516-4338-b9dd-8f1c9a2e5844,3335.2,409.4,235.4,0.060160000000000005,66146.0,5331.0,5,5,0
b7faf343-5e94-4e07-967b-12e3519d3e29,2960.3333333333335,237.33333333333334,175.33333333333334,0.057466666666666666,58691.0,1697.0,3,1,2
b8034cdb-c618-4e97-8040-cc875d2a96c1,183.75,18.5,10.0,0.0548,3874.0,8225.0,4,6,1
b804ac8a-85fb-48fb-bd3a-8846de57153f,2067.0,158.0,127.75,0.05705,41249.0,7421.0,4,1,2
b80eae40-8911-4ce9-9b1d-b6dc378f7886,645.0,60.0,58.0,0.0579,13175.0,1747.0,1,8,1
b81bfa12-f58c-4508-bc27-f9b7883488db,2756.818181818182,277.45454545454544,181.45454545454547,0.05857272727272727,54907.0,4911.0,11,5,2
b81c3a50-d902-4125-9a0d-1e8a791cd345,741.3333333333334,93.66666666666667,41.333333333333336,0.059699999999999996,14679.0,6244.0,3,6,1
b8200f51-96b8-4220-bb7f-8a02ecc870d1,632.8333333333334,69.66666666666667,33.666666666666664,0.05905,12463.0,7112.0,6,2,1
b8307dfc-aaef-462a-9f97-c58724cfb7ad,2725.625,301.125,175.0,0.058375,54849.0,7291.0,8,12,3
b8595179-124e-4987-b6e4-4bcbd4ccd30a,1068.5,114.25,56.75,0.058125,21318.0,241.0,4,8,3
b86ade24-8b4e-49fc-af9d-97199ef7dce1,2090.714285714286,181.71428571428572,120.14285714285714,0.05708571428571429,41906.0,2121.0,7,3,2
b898eb5c-c66d-4e0a-a2ee-9987e5d003ec,1844.3333333333333,216.66666666666666,90.66666666666667,0.057433333333333336,37459.0,7217.0,3,0,2
b8a14d1d-095c-41ec-80a9-9f9aff435963,1529.2857142857142,157.0,63.142857142857146,0.058,30162.0,6434.0,7,1,1
b8a8789b-2025-4ec9-baa5-e2820c39ba13,105.25,9.0,4.0,0.05845,2009.0,6121.0,4,8,1
b8a87ed0-5a16-40f3-9266-a09cc297397a,2070.5,185.16666666666666,131.0,0.0573,41652.0,454.0,6,8,3
b8ae7cac-a13c-4a1b-ad42-f0862276d2d2,4790.666666666667,390.3333333333333,261.6666666666667,0.05776666666666667,94278.0,6523.0,3,5,0
b8b7b139-ffbe-4d47-8a14-4c07aebac41c,640.0,65.66666666666667,34.666666666666664,0.056066666666666674,13208.0,4308.0,3,6,1
b8b94184-11b7-48df-89d3-b5c835edba70,1157.3333333333333,107.5,52.833333333333336,0.057433333333333336,22938.0,2126.0,6,12,3
b8be756c-fd8a-4874-baec-d581751ab91a,1298.0,131.33333333333334,73.66666666666667,0.05896666666666667,25483.0,7044.0,3,8,3
b8c4cebd-0cfd-48fa-a14c-51dc658a0593,532.5,50.25,32.25,0.05615,10955.0,968.0,4,12,3
b8cc8e26-3858-4e86-809e-d10b61c1f3cc,4814.5,468.5,306.625,0.057575,97104.0,3507.0,4,1,0
b8e86eb9-0c5f-4b3f-924b-75cfb0028918,277.7142857142857,27.571428571428573,19.571428571428573,0.06082857142857143,5324.0,9941.0,7,15,3
b8ebb002-f233-4a74-8434-d98aacb5d62e,454.3333333333333,30.0,12.666666666666666,0.05403333333333333,9203.0,7036.0,3,1,1
b8f3f10c-66e8-4e22-85c3-6744f4ca5864,4443.714285714285,360.85714285714283,270.85714285714283,0.05714285714285715,88815.0,6344.0,7,3,0
b8f88bbe-cd52-4bfa-9af1-440d8f4c01b2,4503.0,242.0,319.0,0.0561,90209.0,7306.0,1,15,0
b8fba363-f7c5-4a14-bc4c-2b6f80625512,637.0,62.2,31.8,0.05720000000000001,12776.0,9941.0,5,2,1
b91a13a8-52d9-46c2-8b72-7d4b8d013c8b,867.0,73.66666666666667,73.0,0.055183333333333334,18389.0,6981.0,3,0,1
b91bf927-cbf9-4711-be1f-f4fec96f1ad7,3223.5,225.5,145.25,0.056,64177.0,3157.0,4,1,2
b9259b39-83c9-4d2d-8ada-3843f91e6f41,3673.5,389.5,284.5,0.059475,73073.0,9755.0,4,3,0
b92df4e3-5833-4c75-8d71-96120cd19c2d,1002.3333333333334,96.0,64.33333333333333,0.058499999999999996,19879.0,1967.0,3,2,1
b93f8e8c-34cc-4978-803f-e4d1b3262d4b,3240.4285714285716,307.2857142857143,132.0,0.05621428571428572,65467.0,9904.0,7,3,2
b93f9d2f-6e00-4a06-9261-06b66af761fb,3584.2,272.2,219.8,0.05612,72629.0,2118.0,5,7,0
b9488c3a-8b15-419f-9ff9-b92808ee6c19,2455.1428571428573,227.14285714285714,153.85714285714286,0.05751428571428572,49327.0,8034.0,7,11,3
b95f75d6-a740-41fd-8f5e-08b8f329844e,2274.1428571428573,244.57142857142858,124.0,0.05832857142857143,45315.0,3169.0,7,12,3
b97e8187-73b5-457e-876e-81dd567ae64b,2974.6666666666665,305.0,123.66666666666667,0.057333333333333326,59379.0,457.0,3,9,2
b997920f-e8a0-4c44-a9b2-8dd859bb3054,2993.0,232.0,75.0,0.0564,58507.0,8319.0,1,7,2
b9ac09cd-96e0-424a-8e1c-7f547be0b895,809.6666666666666,79.66666666666667,22.333333333333332,0.056666666666666664,16092.0,8630.0,3,2,1
b9ad0ce4-dabf-47ea-8d48-9e84116f91c2,2220.3333333333335,199.66666666666666,154.66666666666666,0.057499999999999996,44757.0,4186.0,3,1,2
b9c11a7f-a05e-4efc-9ed9-14b033ffc1d0,3347.0,393.5,199.25,0.059475,66244.0,8896.0,4,0,0
b9e0a971-e464-4a22-b959-c3a80e6be86e,4661.857142857143,412.7142857142857,139.71428571428572,0.05612857142857143,92913.0,2564.0,7,11,0
b9ecfd59-b700-4669-b959-768d73609c42,2581.6666666666665,226.66666666666666,107.5,0.056850000000000005,51310.0,6348.0,6,11,3
b9ef8bcd-e489-4fcf-a254-0b60942683b6,859.8,92.6,38.6,0.05724,17319.0,3881.0,5,1,1
b9f8aa75-8939-4b8c-9d7f-22b30767dbcb,1343.0,132.75,80.75,0.058175000000000004,26767.0,8904.0,4,1,1
ba15e0c0-8957-46e6-a9de-49df2c16908e,618.0,60.0,20.666666666666668,0.05673333333333334,12317.0,5893.0,3,11,3
ba2cdd6a-cce1-40ce-9258-dfcdb8118b9f,2710.0,379.0,52.0,0.0569,55238.0,6695.0,1,0,2
ba3da61f-2cd6-4510-95d8-0a249c38c0aa,13.4,0.6,0.2,0.055779999999999996,257.0,7119.0,5,0,1
ba50d987-70b7-46b1-9c06-69559f4229c7,822.4285714285714,78.71428571428571,43.714285714285715,0.057685714285714285,16376.0,4763.0,7,4,1
ba686137-377e-42f7-bd89-2c272abe8080,4595.0,541.5,59.5,0.05605,92691.0,6847.0,2,4,0
ba727c8b-597c-45e5-8362-10d56ea1157b,555.3333333333334,51.333333333333336,21.0,0.057499999999999996,10922.0,8861.0,3,4,1
ba8aa8b5-f4d0-4eae-a029-79d024e1de5f,1792.0,210.0,75.0,0.0599,34656.0,8360.0,1,14,3
ba96c3ae-faa6-40f1-afb0-88b143de971a,3248.6666666666665,337.0,176.0,0.05706666666666666,65947.0,4530.0,3,6,2
ba98ef28-9c4d-4351-a1f1-8b0e0ec948fa,3390.5,262.0,266.5,0.05735,68324.0,9763.0,2,7,0
baa4d04d-a8ca-4721-a04e-05b530c9d4bc,4677.0,414.5,308.5,0.0577,93634.0,7108.0,2,4,0
bab83285-3920-4174-ae0c-a6889db130eb,4547.0,470.6666666666667,198.33333333333334,0.057,91538.0,9730.0,3,7,0
bade57b2-6212-424a-bf9c-8fa26e55ec12,4047.5,480.5,206.5,0.0582,81326.0,1454.0,4,3,0
baf5af7e-5079-4945-a0ad-36654cfdfa6c,51.4,4.8,2.4,0.061340000000000006,902.0,7118.0,5,2,1
bb16ceb6-3fbb-4015-bafd-d22ace134d70,3306.25,331.75,241.5,0.058675,66103.0,4590.0,4,1,0
bb3101e2-6cdf-4f27-97a2-140ff61e3b7f,2837.0,241.33333333333334,166.0,0.057466666666666666,56460.0,5914.0,3,2,2
bb376895-f3d1-400c-a3e5-fea2f3670323,2997.5,317.5,185.5,0.05935,58957.0,2634.0,2,3,2
bb431837-26c8-4f73-a90a-2819df16c745,4326.5,366.0,223.0,0.05745,85527.0,1518.0,2,0,0
bb63a275-0604-4d37-8df4-b10a93d23253,278.5,29.0,15.5,0.055349999999999996,5839.0,9164.0,2,6,1
bb77a23b-5e6b-4497-b848-9e5f665c7580,3153.6,336.6,191.4,0.05784,63656.0,2721.0,5,10,0
bb88c9b9-d59f-4c6a-9f17-7a8bd37f7c7a,2185.25,220.25,69.5,0.05635,43913.0,1269.0,4,4,2
bb9e069c-b2b4-40f7-b6a1-50127ed72fdf,3061.75,310.125,140.625,0.057775,60790.0,4496.0,8,13,3
bb9fc1ab-2fe4-4b01-8a3b-0061bcdf7351,4585.0,482.6666666666667,317.3333333333333,0.0598,90016.0,4472.0,3,2,0
bba01881-c9d4-4363-97a0-e3f9a4c5feb0,4394.25,451.25,223.5,0.056475,89760.0,8693.0,4,6,0
bba388d9-8801-4468-be62-022b013689ab,4338.333333333333,411.3333333333333,307.0,0.05853333333333333,86409.0,5981.0,3,0,0
bbaf4902-4548-48b8-9ed3-1935e9db77e7,3900.6,456.6,258.2,0.05948,77589.0,2486.0,5,1,0
bbb82e07-2e56-4c69-a05b-7227522049af,1374.0,139.0,111.66666666666667,0.0589,27583.0,1160.0,3,11,3
bbc5c88b-f16c-47d7-a1e5-dde217245474,2470.5,221.0,143.5,0.0566,50096.0,3795.0,4,0,2
bbdb7fff-8134-4ccf-8b40-231b06b84cb4,4595.0,545.5,146.5,0.05745,92010.0,9044.0,2,7,0
bc01d044-d1f7-4804-91b7-fdd6a2ae497a,1785.25,209.0,129.25,0.060225,35246.0,9264.0,4,0,2
bc060d6a-eac2-406a-8c09-206b47c541ba,1061.1666666666667,114.66666666666667,68.16666666666667,0.05910000000000001,21046.0,6852.0,6,13,3
bc138448-3b59-4978-953f-a6491a6f699b,1034.0,117.0,28.0,0.06,19648.0,1279.0,1,3,1
bc1ee83a-34de-4252-b75d-50f6ffe3b827,1809.0,213.66666666666666,88.0,0.05883333333333333,35884.0,5319.0,3,4,2
bc2ea3f9-8530-4476-9eb2-73f95ef50934,1065.0,83.5,41.4,0.05561000000000001,21399.0,4952.0,10,1,1
bc3cc40c-e977-4e0a-8b90-5c7a434987f1,464.0,42.5,26.0,0.057999999999999996,9175.0,5358.0,2,4,1
bc3f389f-3194-45dc-8c65-bf91a8b1c8ef,4093.6666666666665,454.6666666666667,226.0,0.058133333333333335,82101.0,4350.0,3,7,0
bc3f4cf8-1392-4dc5-bdec-0a0184e05807,658.6666666666666,71.5,39.333333333333336,0.057716666666666666,13338.0,438.0,6,3,1
bc60197f-e5d7-4343-b5da-8f3d5a0287ef,1587.4285714285713,175.0,98.57142857142857,0.05822857142857143,31960.0,7518.0,7,14,3
bc6b31b1-bc25-44d5-aeae-d9e69bdeb5bd,2356.3333333333335,237.33333333333334,181.0,0.0593,46783.0,8913.0,6,9,3
bc722a19-081a-4457-a495-951a611602d1,2988.0,229.0,93.0,0.0562,58930.0,8445.0,1,4,2
bc74a636-2853-45f9-8550-98783c9bc16a,3908.0,323.0,145.0,0.0573,76418.0,3110.0,1,8,0
bc815882-e937-4bf8-97d7-f06eedb5d9b3,3970.222222222222,357.3333333333333,262.22222222222223,0.05781111111111111,79409.0,7724.0,9,13,0
bc85d1ec-52ab-42a1-b027-f6a0650d6d8f,2963.8333333333335,348.6666666666667,164.5,0.0587,59233.0,6750.0,6,3,2
bc948df3-2fe0-4208-a72b-86ffb83f6090,575.75,65.75,31.0,0.05903750000000001,11333.0,8921.0,4,3,1
bcd06f15-04f4-4093-8b85-c6666b6f479b,3816.5,273.5,303.3333333333333,0.05761666666666667,76239.0,9229.0,6,0,0
bcde9a74-3eb4-4527-a7c0-5f690df0e62b,1271.5,148.75,48.0,0.05745,25571.0,9669.0,4,8,3
bcea4eb2-4e3e-49c4-bac6-1e9785016fd3,3628.0,390.0,218.5,0.05905,71778.0,8084.0,2,1,0
bd169dd5-a1f9-4a1b-bd35-cdfb586a02cd,4056.4,422.0,286.0,0.058660000000000004,81223.0,8365.0,5,10,0
bd285e0e-0356-4fdf-b32d-5c9cd26d34c8,1789.5,217.75,89.25,0.057300000000000004,36582.0,6504.0,4,14,3
bd300a93-c95f-408b-9ec9-862980b9392d,4484.75,461.5,155.5,0.057025,89490.0,5018.0,4,1,0
bd336ad0-f250-4057-acda-13d6f3077be6,1229.75,108.25,42.25,0.0568,24307.0,3081.0,4,0,1
bd36c146-d48e-43aa-aaaa-b45092a5e2e3,2661.0,302.25,135.25,0.058075,53345.0,8971.0,4,2,2
bd3b76f8-fe01-47b8-93f9-3e1633550053,4881.333333333333,518.0,188.0,0.056900000000000006,98141.0,5565.0,3,2,0
bd4a60e6-486b-4036-988f-a9b3def6847d,93.66666666666667,7.333333333333333,4.333333333333333,0.05865000000000001,1771.0,1859.0,3,15,3
bd89fc5d-548f-4cc0-a1d5-e8d69fc0f7ff,3663.0,359.0,92.0,0.0555,74088.0,3099.0,1,4,2
bd95480e-c717-40fc-8777-9c0963d0e612,245.5,23.5,14.0,0.055349999999999996,5114.0,7169.0,2,1,1
bd968e2a-6d33-48ca-9f5c-dbf97e93c701,1407.3333333333333,142.66666666666666,64.0,0.05723333333333333,28208.0,4117.0,3,1,1
bd96b57c-bbbc-4f8d-bde9-f51f15e98a2a,2108.75,202.875,105.75,0.0576375,41954.0,1443.0,8,8,3
bd99dfc3-00ef-4739-a94f-46a9040a1716,2122.0,214.66666666666666,123.0,0.05946666666666667,41352.0,7754.0,3,1,2
bdb468e4-12a4-41c5-8c44-4b774eac88e3,3582.2,377.6,232.0,0.05891999999999999,71149.0,147.0,5,5,0
bdba998c-17e5-46eb-89fb-eea56984d04f,2653.0,133.0,134.0,0.0537,54421.0,9333.0,1,2,2
bdbf2115-2a15-42e2-892a-06983d56eca0,2104.0,256.5,183.5,0.05995,42404.0,3159.0,2,2,2
bdc703c6-e597-428f-a3ca-fa99d40186cd,4917.0,502.25,285.5,0.057999999999999996,98309.0,443.0,4,6,0
bdd82376-44d1-4f6a-9df8-3c438189dad8,1661.0,182.66666666666666,81.33333333333333,0.05706666666666666,33714.0,6753.0,3,4,1
bdeb42a2-980d-44e0-b7bd-c466addb7163,4009.75,351.5,240.25,0.0576,79871.0,2193.0,4,3,0
be059ed8-f9ae-4e5b-a81b-a1988a32899f,4343.666666666667,516.3333333333334,177.66666666666666,0.05806666666666666,86752.0,5460.0,3,6,0
be1233d3-07d9-4d34-9bc5-f3eaa3fc6886,2598.6666666666665,247.5,100.66666666666667,0.05703333333333333,51663.0,5668.0,6,0,2
be1e7daa-1be5-4d35-8c7b-fb159c533184,4947.0,432.0,239.33333333333334,0.05653333333333333,99388.0,1915.0,3,0,0
be2ae0e0-e229-4ba1-978b-a915a30fb8ad,1876.4,208.8,130.8,0.05856,37837.0,6767.0,5,8,3
be4685b8-9aa4-42bf-89ea-53e344f9953b,2640.3333333333335,195.66666666666666,141.66666666666666,0.0562,52991.0,9332.0,3,0,2
be610458-812d-414e-be61-b9ce20d33eae,4503.0,557.0,145.5,0.05735,90776.0,9911.0,2,1,0
be671695-0204-4dd0-88ed-22a64608ef51,4106.666666666667,370.0,121.33333333333333,0.05616666666666666,81860.0,3207.0,3,5,0
be830219-56fe-4e93-89f5-1d27c14fbf37,112.5,10.0,5.75,0.0566125,2225.0,9618.0,4,9,1
be9733e4-18bf-4489-9afa-ec4624d66191,4053.0,383.25,227.25,0.05785,80611.0,3831.0,4,1,0
be9bfc50-8efb-4f3e-ba51-43147567965c,3880.4,358.8,203.4,0.05706,77848.0,5676.0,5,8,0
be9e3b80-ebb1-47b4-a83d-90e8cdcc5669,3522.6,299.2,169.8,0.05669999999999999,70403.0,9521.0,5,0,2
bea5b3d5-79b8-44a2-bfde-4924c37387af,2316.5,230.5,156.5,0.0574,47100.0,5823.0,2,10,3
beb2b91f-aaaa-412f-ad57-cfd4dc7f87f4,3250.3333333333335,288.0,161.66666666666666,0.05726666666666667,64617.0,6848.0,3,0,2
beeb70d5-7311-442b-8d9a-6941dd5387f5,159.57142857142858,14.714285714285714,9.428571428571429,0.05857857142857143,3130.0,7815.0,7,5,1
bef5cac5-e116-40c2-b512-6d57782354ad,3001.4,288.6,189.0,0.0581,59872.0,7024.0,5,1,2
bf236924-7fa0-411d-89b8-7083a95747e4,1083.25,108.25,50.5,0.058875,21102.0,4643.0,4,1,1
bf2fe6cd-17ba-4595-a5d5-8076dda0eafa,1568.6666666666667,164.0,100.0,0.059177777777777774,30965.0,4118.0,9,6,3
bf4eb0e3-707f-4dce-adbe-c5b0d67bc563,870.4,79.8,33.6,0.05654,17405.0,6933.0,5,13,3
bf526f03-6643-4603-8ef6-49e6dc8d24fa,1298.7142857142858,153.85714285714286,66.71428571428571,0.05784285714285714,26273.0,2605.0,7,0,1
bf5d59d4-1d80-4eaa-ad81-5d216836ccf8,2377.5,179.5,145.0,0.05655,47755.0,1877.0,2,10,3
bf63b59d-d02d-4a49-b7d2-37b52801f554,3282.25,272.75,124.0,0.056999999999999995,64563.0,2743.0,4,9,2
bf6ed77b-e40c-4fe6-ad37-569808ae5209,837.75,81.0,38.25,0.0575,16647.0,5489.0,4,0,1
bf71ce3e-01f3-4495-a735-ccbb312e7162,1624.8333333333333,186.5,79.83333333333333,0.05938333333333334,31851.0,4058.0,6,6,3
bf79d2bb-71ee-4fbd-8685-976738bc32ac,4081.0,425.0,85.0,0.0568,80854.0,3725.0,1,1,2
bf8c4dc5-58d1-4b92-9e78-519c6994b9ed,4766.833333333333,485.1666666666667,266.0,0.05761666666666667,95760.0,3343.0,6,5,0
bf91f00e-0d75-4cdc-8113-b0eb6ebdbc58,3040.7,279.5,186.7,0.05788,60558.0,1248.0,10,2,2
bfa8b193-1b53-45b6-b557-d2e8ab325c34,170.75,14.0,9.0,0.057337500000000007,3365.0,9721.0,4,2,1
bfe635f0-bd95-44db-bc2b-8297fd8d3bba,4798.333333333333,501.0,172.33333333333334,0.056966666666666665,96007.0,2414.0,3,4,0
bfe88252-fc11-4bb6-a407-68c9a0a10767,4001.25,531.0,291.625,0.0605375,79688.0,4692.0,8,1,0
bfec1b6f-e594-4ea5-8e81-fe83210312c9,2663.0,226.0,118.0,0.05715714285714286,52602.0,902.0,7,4,2
bff28484-6a68-4265-88e5-2671a0e02ea9,1438.5,93.5,73.5,0.056625,28357.0,5586.0,4,2,1
bffd915b-47aa-4259-898e-063aa93c348e,4739.75,528.25,191.75,0.057475,95010.0,130.0,4,5,0
c007bb44-c690-4a3b-9a86-d01178e60d9d,4015.5,453.5,137.0,0.057275,80454.0,4883.0,4,14,0
c00f40dc-327b-4f25-bd57-920a2edf0c02,2610.1666666666665,280.0,121.5,0.05845,51510.0,9050.0,6,6,2
c021f71e-26fa-49db-87df-589e84410918,799.6666666666666,79.66666666666667,36.333333333333336,0.05793333333333334,15804.0,8730.0,3,7,1
c02353f7-b85e-42df-9570-f6da4fd6d30d,673.4,72.4,23.6,0.05827,13171.0,7630.0,5,1,1
c0246c3f-912d-4c45-af48-4f5565fed1ea,2578.2,282.6,109.2,0.057699999999999994,51461.0,1390.0,5,1,2
c03cc372-8325-4829-8753-1f675aa07838,1024.0,115.33333333333333,52.0,0.05933333333333333,20078.0,7345.0,3,4,1
c04c98eb-538f-4d5e-8b46-b3df2d51ec06,968.0,104.6,47.2,0.057499999999999996,19473.0,6979.0,5,0,1
c06680f9-bf44-465b-acf7-aa1fb8a4c1d9,2758.714285714286,248.85714285714286,178.42857142857142,0.05764285714285715,55270.0,5004.0,7,10,3
c06f5e61-b3ea-49f8-89b1-95115776017d,298.0,21.0,9.5,0.053849999999999995,6103.0,2188.0,2,2,1
c09f02e9-d847-473e-8f61-8cd76da6701d,521.4,47.8,36.8,0.056010000000000004,10830.0,8703.0,5,0,1
c0b4a3b8-0c92-4eb5-aa9f-6d6b5ad04e41,1593.2,146.8,68.8,0.05702,31732.0,4762.0,5,12,3
c0c8bf31-30c3-4325-8848-a63627cbe830,3912.2,334.2,141.2,0.05574,78756.0,9017.0,5,3,2
c0d1ac33-037d-43a4-9153-0ae3076fea13,964.3333333333334,76.66666666666667,45.333333333333336,0.05513333333333333,19709.0,8891.0,3,0,1
c0d25966-c22e-448d-9eb9-5afaff4dca39,837.25,87.25,45.75,0.059125,16410.0,6815.0,4,1,1
c0d604e8-4222-48f8-bab6-84349da61869,3170.6,254.2,128.4,0.05620000000000001,63231.0,1517.0,5,4,2
c0f0320d-c63f-4aea-92b8-cdf4ba98240c,2746.0,245.5,159.75,0.056925,55370.0,5573.0,4,4,2
c106489d-bef8-488f-8567-7d5b256a6bab,1832.75,205.25,130.0,0.05835,37147.0,1149.0,4,3,2
c10df646-a740-48c5-afed-9527d4a749ed,1500.6,149.2,83.8,0.05826,29757.0,5163.0,5,2,1
c11b9348-315e-4a56-827f-9e5efe3df875,4642.333333333333,432.3333333333333,259.0,0.05803333333333333,91889.0,3410.0,3,8,0
c11c9b4d-c229-4db5-911a-4ca1f683c2c9,997.5,108.0,74.5,0.057550000000000004,20500.0,7159.0,4,0,1
c12790ee-3841-40c2-aafc-711ed660958f,2367.0,211.0,138.0,0.05706666666666666,47584.0,76.0,6,10,3
c1652121-2b7c-4559-bba8-bcb3dc576d40,4690.5,322.0,322.75,0.057249999999999995,93250.0,4222.0,2,1,0
c183e230-8ae0-4e80-aede-e2d08e6015c1,2070.4,196.6,99.4,0.05714,41409.0,2246.0,5,1,2
c19576ba-2485-45a0-8e12-30ccdc3052e4,1893.2,207.2,90.4,0.058399999999999994,37527.0,8823.0,5,0,2
c19cc364-4760-4438-9282-deff53dbfc97,2276.2,251.6,123.2,0.058519999999999996,45314.0,3206.0,5,1,2
c1b2a855-ff37-4efa-9bf3-4a84b1729034,789.0,97.33333333333333,30.333333333333332,0.059033333333333333,15532.0,6185.0,3,2,1
c1c25ceb-0cc2-4688-9f43-f4dedac426cb,2051.75,228.75,71.0,0.058249999999999996,40383.0,2846.0,4,14,3
c1c3ee1a-53f4-4e94-9a20-3cf8b6a5ec6b,495.8,57.0,19.6,0.05652,10131.0,677.0,5,1,1
c1d479e6-02bb-46ad-b77b-44c0e2e5be5e,4397.8,449.4,189.6,0.05782,87127.0,9403.0,5,4,0
c1e50409-a9a4-498b-a234-002d2f631f55,2149.25,185.75,112.0,0.05695,42959.0,5519.0,4,4,2
c1edd089-0a14-454b-b21d-ef0389bf2df0,2665.75,294.0,102.75,0.057,53735.0,6863.0,4,0,2
c1f008b2-f93f-470f-8c6f-2a1218a74b4a,2973.75,311.75,114.0,0.056,60719.0,2515.0,4,0,2
c20d469c-387b-483a-8bbe-7b7e327a7523,1704.0,215.0,62.5,0.059050000000000005,33568.0,6458.0,2,0,1
c2324730-0a4f-4d55-a908-7dc3c85dd417,3012.5,380.0,162.5,0.059649999999999995,59597.0,899.0,2,1,2
c240b6e9-fbf8-4124-ac34-9cae737fee5f,4241.0,394.2,265.2,0.05728,85537.0,9962.0,5,4,0
c24f3f79-63d2-4dcf-9bcb-6801a8e9e0aa,4224.666666666667,401.3333333333333,254.66666666666666,0.057999999999999996,84168.0,8580.0,3,1,0
c25473af-31f2-4e7e-b541-e9537cc2edd2,247.6,22.6,16.6,0.05826,4922.0,9979.0,5,12,3
c25730cb-771a-4962-b66f-859c0d7392eb,3780.5,311.5,212.0,0.056749999999999995,75813.0,2312.0,2,2,0
c25a54f6-f166-4422-a1dd-a1399fef6bcb,337.8333333333333,29.166666666666668,15.0,0.05591666666666667,6830.0,1709.0,6,11,3
c25ca7ff-198c-4afb-b779-f781f808c0dd,3704.75,409.25,241.5,0.05865,74272.0,223.0,4,3,0
c2662dee-1679-415d-8dda-055184b2b90c,2837.75,289.25,107.75,0.0572,56577.0,5122.0,4,2,2
c26cd158-06a0-43cb-9ac9-26da29f94bb3,3445.3333333333335,239.66666666666666,218.0,0.055733333333333336,70034.0,767.0,3,0,2
c2709fcd-31c8-4aec-8461-26fe36efc1a6,231.16666666666666,26.5,16.166666666666668,0.05750833333333333,4801.0,7263.0,6,4,1
c28dbed8-0b04-47d4-8763-20b6355ba004,966.7142857142857,111.14285714285714,51.714285714285715,0.0589,19172.0,5295.0,7,14,3
c2a64dc7-917d-48cc-b454-7fa9f9d5e59b,1872.2,193.0,73.2,0.05782,36989.0,8987.0,5,7,3
c2a7a9b2-f6d9-4efa-a2f9-05c7c37a193e,1588.0,144.0,74.66666666666667,0.05636666666666667,32046.0,2419.0,3,8,3
c2b55f18-9bf0-4ce8-8eea-7d8a86fd680f,490.85714285714283,52.285714285714285,28.714285714285715,0.05920714285714286,9635.0,1946.0,7,15,3
c2c5866c-2154-4d8d-ad5e-7b2c81e0160e,2937.6,317.2,99.8,0.056459999999999996,59390.0,5274.0,5,12,3
c2cece8b-60a2-4131-9585-df0ad20b7c31,4747.0,481.75,178.0,0.05755,93932.0,5846.0,4,2,0
c2d37fc8-0e45-4f68-8a07-38a406c57cfb,1507.0,191.0,100.0,0.0594,30292.0,3814.0,1,1,1
c2d57ddc-315b-4f08-b9b8-db4b14f526d6,1272.6,109.4,75.2,0.058679999999999996,24828.0,7886.0,5,14,3
c2e86ed0-b515-48c8-87be-d79c90bf0780,1710.0,253.0,114.0,0.0643,32289.0,8002.0,1,6,3
c2f33b0b-6e16-4069-9b43-122d8aa074e8,316.0,32.4,16.6,0.057100000000000005,6395.0,8442.0,5,12,3
c30711a9-298b-42d3-ab4d-c653bbd434eb,278.0,28.333333333333332,13.666666666666666,0.056100000000000004,5704.0,2426.0,3,3,1
c3073527-62e2-47ad-be6d-d33932245f63,399.0,33.0,22.0,0.0562,8077.0,8419.0,2,0,1
c308ba46-1e33-4880-b240-0852a7babd19,4421.833333333333,377.0,247.83333333333334,0.0565,89281.0,2158.0,6,3,0
c3181ab1-71c2-48cb-b71d-f7b4650c61b5,1377.0,80.0,20.0,0.0542,27264.0,7592.0,1,14,3
c334bfed-7bb6-4132-9d05-c696d5ac5746,1175.3333333333333,122.66666666666667,84.33333333333333,0.05834999999999999,23690.0,6937.0,6,4,1
c3398813-c27f-48b1-ac0b-b7e1acb020da,2422.714285714286,263.14285714285717,139.28571428571428,0.05878571428571429,48048.0,9710.0,7,2,2
c3483175-8909-43fe-ba73-50544371a124,1179.0,85.0,87.5,0.058550000000000005,23083.0,4875.0,2,8,3
c365b93e-d22b-4f2e-9756-790b3eb19c46,2628.0,310.0,171.33333333333334,0.059166666666666666,52559.0,6898.0,3,0,2
c36ba4e4-9402-47fb-99fb-cd3adbdc7080,252.83333333333334,20.833333333333332,13.666666666666666,0.05701666666666667,5040.0,3493.0,6,0,1
c36c3fa0-b1dd-4f1c-83c0-9585a60dbbe1,2857.0,360.5,189.5,0.0595,57235.0,6438.0,2,0,2
c3778280-eec9-4f81-9104-bc628fd6999e,3584.8,347.8,200.8,0.05774,71574.0,1465.0,5,1,2
c386ec77-9c03-4e11-9d42-eeda99406c94,5040.0,575.0,302.6666666666667,0.05963333333333334,99289.0,8445.0,3,0,0
c3985d7d-7891-4280-8e96-488e1b7c5130,3868.0,315.0,209.0,0.05695,77119.0,4504.0,2,10,0
c3d02268-fa11-4f12-82da-57fddc29457f,4148.0,232.0,362.0,0.0581,81670.0,9079.0,1,13,0
c3d0e631-19e3-4583-b0d0-bb71bb49333d,815.4,77.0,47.6,0.05789999999999999,16235.0,9647.0,5,3,1
c3e6d49b-5bf3-47ea-b3b2-0877abedfc01,2643.75,190.75,67.25,0.054125,53604.0,5078.0,4,1,2
c3ef975a-c434-487f-9b4d-ae108bbe5c75,1009.5555555555555,91.66666666666667,42.44444444444444,0.057244444444444445,19971.0,3788.0,9,4,1
c41684e2-f7a7-4835-a40d-2cefc7057aa1,3643.2,316.2,280.4,0.058399999999999994,72587.0,3093.0,5,4,0
c42381ec-94e6-424a-8db0-8e9f2a1604a9,4483.833333333333,452.0,262.5,0.057499999999999996,90386.0,7206.0,6,13,0
c42410a8-1bff-49d6-a2a2-ccf83a2afac5,1529.0,121.0,83.0,0.0546,31726.0,7135.0,1,1,1
c4254bb8-1be6-4ed7-a7ab-201d848eda13,1069.6666666666667,119.33333333333333,54.333333333333336,0.06026666666666667,20635.0,4811.0,3,2,1
c42f962d-e47b-41fa-8f30-d1b008fd682d,2008.3333333333333,222.33333333333334,79.66666666666667,0.057466666666666666,40201.0,9871.0,3,2,2
c4416001-c90a-4496-8d11-8e5faaf80571,150.0,18.333333333333332,8.666666666666666,0.05809999999999999,3046.0,3488.0,3,4,1
c44bcc4e-07ca-45a3-857c-590144f1dfd8,194.33333333333334,18.333333333333332,13.333333333333334,0.05586666666666667,4045.0,9511.0,3,1,1
c450e8b7-424f-4174-abdb-f8a46e0aa4eb,3619.6666666666665,318.6666666666667,197.33333333333334,0.057966666666666666,71337.0,8134.0,3,2,0
c4798cb1-1d9b-4581-aade-c2d2241b2394,3512.0,312.0,293.0,0.0605,68065.0,2766.0,1,15,0
c480df8e-2a40-4d0e-84a2-e2762180a509,1972.25,184.75,72.0,0.0566625,39340.0,2250.0,8,6,3
c48be00e-f693-45bc-b052-e171a4856613,3562.8,462.0,169.2,0.0593,70701.0,7343.0,5,6,0
c493bb77-499d-4041-9cf5-d825b78da53c,3735.8,373.6,156.0,0.056920000000000005,74953.0,6174.0,5,1,2
c4a31ba0-b644-4f3e-9e49-9d3d14f6fbf3,815.6666666666666,91.66666666666667,51.666666666666664,0.05833333333333333,16441.0,2676.0,3,2,1
c4baf7ad-b816-44fe-a8ac-204c04e3bc36,748.0,64.5,46.5,0.059,14564.0,7468.0,4,0,1
c4d02740-34b3-45b9-9c02-ddf22bd539f8,975.6666666666666,127.66666666666667,74.0,0.06189999999999999,19019.0,2936.0,3,8,3
c4e3db8a-14e2-422c-99b8-032361abbed3,1782.0,230.0,167.0,0.0617,35310.0,1042.0,1,7,3
c4f17b1d-f38d-4735-b4af-3a693a48ea94,496.3333333333333,52.0,41.0,0.059033333333333333,9991.0,6224.0,3,6,1
c4f20aef-cb11-406c-bba4-2a4bb517aeaa,3162.25,292.75,168.0,0.05715,63398.0,9529.0,4,1,2
c4f89c76-e667-48d5-9044-763e78a7cf44,744.3333333333334,85.66666666666667,35.666666666666664,0.06003333333333333,14414.0,4759.0,3,4,1
c508104c-7fa4-4953-810b-1e63314c6590,394.5,35.0,28.0,0.058899999999999994,7765.0,1048.0,2,11,3
c50c1526-528e-4632-8edf-25e40f7ffdf0,2249.5,322.5,179.5,0.05975,46053.0,5972.0,2,0,2
c51863a7-75af-4704-8999-860939e59b49,4514.0,642.0,249.5,0.05935,91097.0,9443.0,2,5,0
c53a5c36-a313-4c40-9c41-c4f7611f3ccc,538.8333333333334,52.333333333333336,32.333333333333336,0.05701666666666667,10937.0,5477.0,6,0,1
c5439359-a0bb-4b6c-8b43-f616c3438e95,4025.75,393.75,230.0,0.0576,80711.0,3756.0,4,3,0
c57aa7a5-b392-40db-ad9e-6012ef022091,4633.75,491.5,236.0,0.058300000000000005,91991.0,6739.0,4,9,0
c5812272-740d-4a44-9371-d6b8e8a4a2ff,636.0,67.66666666666667,40.77777777777778,0.05811111111111111,12809.0,9875.0,9,15,3
c590cdcd-b3a2-4ed1-8bd8-e227cdcbc0c6,4332.333333333333,416.0,196.0,0.05706666666666666,86640.0,4169.0,3,4,0
c591fa32-4c92-49b3-83d9-ef7ede5a1be9,379.0,33.0,23.5,0.061200000000000004,7117.0,3175.0,2,8,1
c5947eae-2847-4636-8d4c-e5cfd852d18a,3391.1666666666665,277.0,236.83333333333334,0.05786666666666667,67497.0,4959.0,6,11,0
c59e0dd5-900f-41fe-aac9-47eb565e8873,1627.6,134.8,76.0,0.05702,32245.0,4317.0,5,1,1
c5aec4d0-58ea-491a-a6de-9953f480fa59,582.5,50.25,26.75,0.0554,11908.0,1237.0,4,15,3
c5b6253a-4a88-4a78-b7ed-166a58d79639,2847.0,163.0,159.0,0.0564,56163.0,2063.0,1,2,2
c5dcd7fc-4c7d-49c2-9506-6c94ab199b76,970.5714285714286,82.71428571428571,52.42857142857143,0.05744285714285714,19251.0,8403.0,7,3,1
c5e28686-3aa1-4cf0-8a02-936feb30b338,2563.8,255.4,139.8,0.057600000000000005,51360.0,6850.0,5,11,3
c5f9a120-bde5-4fe0-89c1-6fbc78ce3519,595.0,53.5,45.0,0.05605,12380.0,7576.0,2,5,1
c5fa2d46-1ae6-4a64-bc20-36952de4dcd5,3007.0,268.0,67.0,0.055979999999999995,59693.0,8545.0,5,10,3
c5feb135-8c70-4dd2-8714-4c699001a79a,4416.333333333333,449.3333333333333,255.41666666666666,0.05836666666666667,87746.0,5075.0,6,1,0
c6018c1d-f26e-458f-90ce-261fb1ca88c9,442.57142857142856,41.0,26.0,0.05815,8709.0,9640.0,7,1,1
c60ad6f6-fb97-473f-8f92-677ddaec9d27,230.0,27.0,8.5,0.05735,4628.0,5181.0,2,8,1
c60f0d8b-ddde-409a-8bcf-ee0d7778a166,2913.6,275.6,99.0,0.05614,58579.0,1694.0,5,1,2
c6113387-efa6-4ad0-8c38-5a705902346e,2374.0,195.0,108.0,0.0535,50069.0,9489.0,1,3,2
c62603bb-5f92-46c5-8d92-83c2c03c12e0,3165.75,356.0,235.5,0.059375,63280.0,4533.0,4,11,0
c6292e7b-3b38-4b16-9eed-a7490db92e58,1934.0,125.0,103.0,0.0574,37647.0,2751.0,1,6,3
c62dbd32-ba99-4234-91f9-b0b6f83a7a38,4815.666666666667,451.3333333333333,126.66666666666667,0.056833333333333326,94876.0,5333.0,3,3,0
c6368340-65fd-45c0-b28f-95061505df47,4442.0,398.0,161.5,0.057050000000000003,87635.0,9061.0,2,13,0
c65ab155-615e-4a76-9557-b4c204533cfb,3894.0,442.5,172.0,0.0569,79268.0,4061.0,2,2,0
c6699bd8-e100-411a-b982-492636a1b1de,2854.25,329.25,126.0,0.058050000000000004,57028.0,4673.0,4,0,2
c66d2688-0e0a-4125-862f-c8266f294921,4337.5,536.0,222.0,0.0586,86933.0,2328.0,2,8,0
c67c3e4d-0df9-433d-8836-2b7ebf88b4b1,1598.5,212.0,67.0,0.059,31822.0,2575.0,2,5,1
c67cac9c-ef8b-450e-8bc8-aa1e626d20e3,2651.0,178.0,154.4,0.056720000000000007,52606.0,1915.0,5,4,2
c6996632-b5d2-4158-9b17-1c182d9dfe30,2070.5,232.5,129.5,0.05785,42050.0,9090.0,2,5,2
c69f6ebe-633f-4cdb-a657-ed435440d379,1197.5,148.5,82.5,0.06065,23544.0,6924.0,2,2,1
c6a40bff-6e09-4a5e-b54e-ddbf47f3898e,887.2,95.0,55.8,0.058679999999999996,17690.0,3589.0,5,4,1
c6b56e5b-5c53-4750-8c43-d12d8c0c4ceb,3205.0,265.5,198.0,0.05673333333333333,64680.0,8409.0,6,4,2
c6c5b80a-0a71-49bb-9a30-d7e26f17d88a,3697.5,474.5,221.5,0.05885,74688.0,5369.0,2,11,0
c6fa05f8-a1ae-4656-a4de-9ddf54ee2121,1721.0,187.5,113.0,0.05835,34644.0,6022.0,2,1,2
c706de46-b7c2-454f-a899-f8e7fade687e,1519.0,145.0,29.0,0.0572,29594.0,6482.0,1,11,3
c712aa1f-bf6b-4a27-9e5f-535e72bb1cc4,573.0,51.5,22.0,0.05445,11876.0,6855.0,2,1,1
c7164d5c-e57e-49b1-b6e0-0fcebcb9a07f,1010.5,117.0,29.0,0.05815,19896.0,3605.0,2,0,1
c7167091-1bb7-4521-b4bb-2452c977e231,353.0,29.5,16.0,0.0581,6860.0,2161.0,2,0,1
c723d8e8-0d31-4b6d-a429-e0238c98d108,2510.5,170.0,136.25,0.057075,49365.0,9105.0,4,0,2
c7490645-e99b-4dd9-a711-76bf98a9aa94,4659.5,578.5,224.5,0.0588,92909.0,4872.0,2,5,0
c75596c3-15ef-45e2-ba73-681278c5e1ba,2608.0,206.5,139.75,0.0571,51764.0,1787.0,4,0,2
c77efc0f-d6ab-4e7b-b80c-7f1025a80f7f,2705.0,222.66666666666666,76.66666666666667,0.056100000000000004,53544.0,1257.0,3,9,3
c78c2999-c3d7-4b78-a325-f77d066dded0,1712.25,131.25,114.5,0.05735,34135.0,7862.0,4,13,3
c79a5a41-ff69-457f-8b50-f173d6415096,1589.1,166.8,91.9,0.058809999999999994,31423.0,7095.0,10,1,1
c7bbb935-e919-4c0b-b05c-3f43ce56cc08,2381.3333333333335,162.33333333333334,205.0,0.056799999999999996,48399.0,2914.0,3,2,2
c7c1ac1b-6751-4d4e-9b82-1f7568cc503e,3342.4,408.2,171.6,0.058679999999999996,66828.0,1764.0,5,5,0
c7d0438e-aa39-44cf-88fd-dae7d791b699,55.25,4.25,3.0,0.0582875,1096.0,2015.0,4,1,1
c7d71bcd-76c9-46bb-a8c9-7a718430ddba,562.3333333333334,49.666666666666664,36.0,0.055433333333333334,11694.0,4239.0,3,0,1
c7e1e471-b7bd-4e8c-8a4f-aca85192d13c,683.0,65.0,46.0,0.05898333333333333,13456.0,9887.0,6,2,1
c7e3aac4-b9f1-4ef5-b213-05a472786cfa,953.0,88.66666666666667,52.333333333333336,0.057633333333333335,18983.0,3688.0,3,1,1
c7e40fa1-b2d4-4df2-b415-d170d98fb137,1358.5,142.0,76.5,0.056999999999999995,27665.0,725.0,2,2,1
c7eedeb5-d097-401d-8495-9c4706987315,4345.8,462.0,173.8,0.05724,87018.0,9610.0,5,3,0
c7f0c80a-6e45-4998-b1f2-2b6bba7dce60,4386.75,459.75,190.25,0.0584,86254.0,9932.0,4,1,0
c800b074-b5ab-46be-8be3-d1a98a882e18,4721.833333333333,439.6666666666667,215.33333333333334,0.056799999999999996,94680.0,7151.0,6,1,0
c8020897-e08f-40a0-895e-5d133ddd1623,1765.8333333333333,183.83333333333334,111.33333333333333,0.05873333333333333,35087.0,2681.0,6,4,2
c81b2954-ad5f-4a48-981e-96ce92d535f7,1740.0,166.75,96.0,0.0577,34710.0,6926.0,4,1,1
c82ba830-a3bb-4470-83de-3e9525fefa5d,1079.0,99.2,80.8,0.05804,21681.0,3744.0,5,14,3
c82e63b3-8f06-4e72-a667-145510d50899,2777.0,257.2,205.2,0.05838,55489.0,8980.0,5,2,2
c8364c42-5f3c-47f6-a10a-2c8a8a00293a,3089.0,360.4,114.2,0.05834,61087.0,7934.0,5,0,2
c845b797-22af-478a-8305-3dc4b88aa1bf,2960.8333333333335,302.8333333333333,108.16666666666667,0.05701666666666667,59123.0,9540.0,6,3,2
c84a6b4d-7137-4760-ab2d-38e219531c48,939.0,107.5,67.0,0.0584,19061.0,2139.0,2,3,1
c85caaeb-b673-4698-b39d-2524fd8289ae,2233.25,215.5,120.25,0.057125,44974.0,3432.0,4,7,2
c863c8cb-8502-448d-a539-b01ab71b504d,2907.5,276.75,147.0,0.05725,58165.0,4535.0,4,2,2
c864878d-bf0f-4a97-936e-3825e7c87c3b,485.1666666666667,55.666666666666664,28.333333333333332,0.057216666666666666,9946.0,8466.0,6,4,1
c8689f3a-253a-477b-bc02-8687e723dc93,467.0,43.0,45.0,0.0635,8739.0,9191.0,1,1,1
c87861ea-7d1c-42a1-847e-2331e33ae933,2956.1666666666665,308.5,147.0,0.05756666666666666,59298.0,9935.0,6,0,2
c8804db0-68be-4179-90b5-214a379a7b77,2600.0,270.0,176.5,0.0605,50336.0,335.0,2,10,3
c88ad158-fa5f-468b-a072-359218ced2f0,1291.0,146.33333333333334,93.0,0.0599,25550.0,5807.0,3,0,1
c88d8972-a7ba-4648-80c0-422143512709,1372.5,154.5,111.0,0.06105,26843.0,5511.0,2,9,3
c8a3724c-676a-40e4-82c2-2a9855841d78,2228.4285714285716,160.28571428571428,129.71428571428572,0.05501428571428572,45778.0,3429.0,7,0,2
c8bf4afc-c035-4481-aff3-b8d352be78c2,1117.5,147.0,19.5,0.0568,22602.0,4612.0,2,11,3
c8bf553d-3878-479f-be73-9259de123be0,956.75,105.75,46.25,0.059125,18756.0,9552.0,4,4,1
c8c439ff-6f5f-4244-8c03-60a7c83db761,3586.25,366.75,187.75,0.05835,71012.0,1171.0,4,2,0
c90bc024-5731-4cd3-bea7-4d437cfa7a00,2925.8333333333335,301.8333333333333,207.66666666666666,0.05905,58185.0,2200.0,6,14,3
c9167804-835f-428b-8232-0537f885f4c2,4402.2,350.8,288.6,0.056999999999999995,88451.0,509.0,5,6,0
c92007bd-0544-4ac2-ac8b-dd0bac03f0c2,3963.75,465.25,236.25,0.059,79066.0,8243.0,4,1,0
c939dbca-e8a7-46a0-a44c-991a118dc3f1,3528.2,294.2,172.2,0.056459999999999996,70734.0,2830.0,5,2,2
c943a19b-9191-4449-b8e8-d61209822c69,1199.3333333333333,138.33333333333334,39.0,0.05826666666666667,23622.0,8724.0,3,1,1
c94f7af8-de2b-4fc2-ac50-2e1b6ac9fb8e,4517.4,471.4,169.8,0.05684,90726.0,8778.0,5,0,0
c9533825-a2e7-476c-986f-d5a50f7782c4,4031.4,358.4,181.0,0.05634,81127.0,5706.0,5,2,0
c95c3e33-2d0b-441b-afaa-6dbed281a567,4083.3333333333335,447.3333333333333,209.0,0.0584,81167.0,6521.0,3,3,0
c95ed3a6-ceb5-4466-ae92-81d14fa4730e,4208.75,495.0,243.5,0.058425,84662.0,6322.0,4,1,0
c9626d6c-0190-4fab-9070-6afd84efec2f,2814.0,340.0,137.0,0.0563,58449.0,6744.0,1,10,2
c968b248-116d-49fb-94be-8965c456ceba,2692.0,292.0,186.66666666666666,0.0583,54370.0,5820.0,3,3,2
c98a46f7-eaf3-4b5b-b06a-c2afcb8ed5da,1091.0,127.0,102.0,0.0579,22799.0,5658.0,1,1,1
c98f568b-76aa-408f-b188-56ff6f2f7907,2409.0,156.0,43.0,0.0543,48042.0,278.0,1,10,3
c9a0d4a5-7f68-43b4-88ab-fee556354ce6,4283.0,405.5,103.0,0.05655,84694.0,9451.0,2,7,0
c9be0283-d25a-4dde-a843-73af76a1de56,1024.5,119.5,42.5,0.0574,20664.0,4999.0,2,1,1
c9cfc53c-bea3-4392-8174-77f3a29bba1b,712.5,89.5,50.5,0.0577,14781.0,9834.0,2,1,1
c9da24e1-97f8-4222-a539-1cdc94ae092c,2169.4,267.6,168.0,0.061,42701.0,2777.0,5,15,3
c9db0f8b-9b33-493e-a7d7-94ad16e0d4f2,746.0,78.25,39.75,0.058575,14752.0,7195.0,4,2,1
c9fff4d1-8f99-49c0-aac6-bf07afffda49,1951.25,212.5,148.25,0.059875,38613.0,1436.0,4,6,2
ca046e59-7824-4bfa-9c5b-f92e24a5a4b4,3473.0,426.0,184.5,0.0589,69369.0,8612.0,2,10,0
ca085c1a-32cc-4a5a-8424-e292dfe369a4,529.75,50.75,36.25,0.056725,10869.0,6442.0,4,11,3
ca103158-4e3a-4fcd-9c95-dcf97909de4c,3457.6,385.6,233.6,0.05842000000000001,69765.0,3067.0,5,1,0
ca2757cb-6d16-4ba8-b29f-c98e2315251a,3875.0,314.0,312.0,0.0589,76422.0,7472.0,1,10,0
ca2e5b2d-a5e6-4cab-af89-d8b5e1533373,3778.4,395.2,158.8,0.05708,75904.0,252.0,5,4,0
ca52ac82-ab9e-44c8-bc23-c16428451b57,4750.4,580.6,194.7,0.057719999999999994,95763.0,9021.0,5,8,0
ca591e0a-aa55-49c4-9be8-2edb8790d7ac,1095.5,110.5,107.5,0.060649999999999996,21665.0,6916.0,2,10,3
ca8364af-4313-4612-8e5c-9582b47f8e01,3028.25,343.75,152.0,0.057425,61385.0,3206.0,4,1,2
ca84dc33-fa10-4db4-a720-407170af11fe,902.5,112.0,40.5,0.0605,17429.0,3365.0,2,5,1
ca8f8783-7973-4adf-a7a0-5e5a5b729a2f,1659.6666666666667,175.33333333333334,109.83333333333333,0.057966666666666666,33562.0,7061.0,6,2,2
caa24450-dba6-4b3a-81de-2d971add8f6e,1516.3333333333333,146.66666666666666,51.333333333333336,0.056833333333333326,30158.0,51.0,3,3,1
cacda8ab-79de-4926-987b-4b7e34efb019,3261.6,256.8,134.8,0.055920000000000004,65339.0,3322.0,5,5,2
cad9db14-4532-45cd-b266-b4440fc7427f,110.33333333333333,10.666666666666666,7.0,0.05896666666666667,2143.0,3425.0,3,6,1
cae48875-f882-4c90-ae92-54cc51dffb5f,3634.6666666666665,473.0,85.33333333333333,0.057433333333333336,72984.0,265.0,3,13,0
cb24653e-2717-4822-a872-28f9de757a79,4456.666666666667,333.6666666666667,218.33333333333334,0.0559,89623.0,5661.0,3,1,0
cb26203f-156a-40f7-b2b0-dc8d51d0040d,211.0,21.833333333333332,9.5,0.05805,4174.0,8887.0,6,14,3
cb27e500-3b50-4819-a710-e95f6684abbf,2859.0,167.0,147.0,0.0567,55997.0,5445.0,1,13,3
cb2cd298-87b8-4758-bca5-7084f49492d3,776.0,71.0,42.75,0.05785,15378.0,7906.0,4,6,1
cb4087de-616d-4a75-a4d6-3c01a5589776,1690.8333333333333,126.0,79.33333333333333,0.056049999999999996,33823.0,5061.0,6,14,3
cb41e655-d2af-4ed2-9dcc-75f5f15b21fd,1140.5,100.25,98.5,0.059075,22671.0,521.0,4,10,3
cb47bf87-6983-4473-ac41-6fa75e95c4d8,3255.0,234.0,249.0,0.0572,65341.0,5642.0,1,5,2
cb4c4497-783a-4bc4-9afe-9cbc343a97bb,767.2,74.6,43.0,0.05824,15198.0,7265.0,5,6,1
cb5f1f76-12f1-471b-a9fc-e978e004b1c3,4067.0,318.2,201.2,0.05620000000000001,81579.0,8974.0,5,12,0
cb748578-4abd-4a63-88ee-a2285dbc5cb9,4883.5,419.5,389.5,0.057550000000000004,98949.0,2459.0,2,8,0
cb7730ad-19dd-4256-8bc8-15d6859c835b,839.3333333333334,75.66666666666667,38.0,0.05716666666666667,16675.0,8061.0,3,1,1
cb7790c4-f8a8-4b74-b581-8f32714deeed,4275.0,426.6,240.6,0.05806,85129.0,4335.0,5,14,0
cb8eb2a4-ba25-4f9a-a528-b2555453450e,4715.0,529.5,301.0,0.05785,95849.0,6305.0,2,2,0
cb9e160f-7c9a-4385-815b-9b154237412a,3435.8333333333335,358.1666666666667,193.16666666666666,0.057499999999999996,69348.0,6598.0,6,1,2
cbaaba2e-f80e-4720-afff-8d1146af626e,4998.0,416.0,119.0,0.0556,99491.0,4748.0,1,15,0
cbb115a3-497f-4245-b29e-008bc83836ee,1991.5,157.5,111.66666666666667,0.055966666666666665,40391.0,4007.0,6,3,2
cbb7d3f0-7d7c-4dcb-8159-15d9f25d9ac8,1157.5,86.0,59.0,0.054849999999999996,23746.0,9923.0,2,0,1
cbc767dd-35d9-4e28-808c-253503f0a60f,1573.0,138.2,111.6,0.05896,30914.0,8151.0,5,15,3
cbd7348d-b502-4229-8453-65bc53f97fd2,4454.25,468.5,225.25,0.0568,90653.0,7667.0,4,2,0
cc06f53b-dd63-488f-ba80-720e222dabb2,1170.5,107.66666666666667,58.666666666666664,0.05828333333333333,22943.0,1152.0,6,9,3
cc0de4c7-017c-405c-9326-371f318b05ae,3127.6666666666665,352.0,159.0,0.05753333333333333,63256.0,1936.0,3,1,2
cc13707a-4f04-405e-86e9-375b652bc11d,3703.5,385.5,161.0,0.05715,74337.0,1613.0,6,4,0
cc1cb9ce-3680-4d6b-be47-5a4bb9e5d28f,4003.8,476.4,222.8,0.05898,79735.0,620.0,5,0,0
cc2b9036-d523-4eea-ab00-9a7b3f35cb4a,2217.6666666666665,215.0,115.33333333333333,0.057499999999999996,44339.0,7555.0,3,5,2
cc2d4a01-501c-46b0-aa84-c99ccf76a7d1,2839.0,298.3333333333333,158.33333333333334,0.05836666666666667,56469.0,9487.0,3,10,3
cc2ef671-1c02-4c6c-90b9-4e27fc47da0e,2288.6666666666665,240.66666666666666,103.16666666666667,0.057350000000000005,45917.0,7039.0,6,4,2
cc505743-0dd0-45df-a174-4ce6ba34ebb7,362.3333333333333,34.333333333333336,22.833333333333332,0.05886666666666667,7126.0,7989.0,6,2,1
cc577e7c-ef46-447d-8af6-43116b596c91,2188.25,198.75,62.5,0.056475,43374.0,9958.0,4,2,2
cc5b7794-1a01-441a-a875-c5d7451362e9,3926.8,314.2,249.2,0.05688,78929.0,2463.0,5,8,0
cc5fbda8-02b8-4e89-835b-dd5bc4a4fb6a,984.3333333333334,111.66666666666667,73.66666666666667,0.06093333333333334,19196.0,5731.0,3,2,1
cc6ea718-6a70-49dc-a1fd-2a33a08ae03c,3745.6666666666665,448.6666666666667,144.0,0.0572,75848.0,2585.0,3,2,0
cc800fb4-f0d9-4fc6-adc8-3b4546b461a8,1288.5714285714287,148.85714285714286,68.57142857142857,0.05845714285714286,25765.0,1760.0,7,12,3
cca4b169-64a8-422b-b87c-47f1408dac25,1188.0,118.66666666666667,42.0,0.05753333333333333,23438.0,2284.0,6,8,3
ccb9a95d-bbfe-4878-a24c-ed94e384d051,1514.0,173.0,61.0,0.0582,30033.0,783.0,2,3,1
ccc4da9c-786a-4502-96eb-4431e3ad5b51,4524.333333333333,393.0,248.33333333333334,0.056499999999999995,91454.0,1515.0,3,0,0
ccd68d94-0850-4807-844f-961c13cb815b,3126.6666666666665,347.55555555555554,200.0,0.05897777777777778,62285.0,9667.0,9,3,2
cce25ea3-766b-4859-9f20-848de4049579,3344.8,287.8,109.6,0.05586,67018.0,3845.0,5,3,2
cce48a9c-8b8b-4805-87d2-d9b5077b319c,492.75,55.25,16.25,0.057275,9851.0,1280.0,4,3,1
cce7207f-f466-4f5c-9397-4197356bda22,301.5,28.25,19.25,0.058475,5969.0,3082.0,4,1,1
ccea4011-6c0d-4830-b248-90ab6391a717,3897.0,407.75,203.75,0.057175000000000004,78881.0,3897.0,4,4,0
ccf68bdb-df16-42ab-aba8-19446114f3bd,2240.3333333333335,274.0,119.0,0.058199999999999995,45240.0,3482.0,3,3,2
ccf9d44e-7ab3-4c93-9fff-93f18faa425d,2151.6666666666665,193.33333333333334,134.0,0.05736666666666667,43203.0,3618.0,3,5,2
cd01dbcd-4cca-484b-a334-4d13031316b8,3657.0,343.75,139.25,0.0562,73707.0,8159.0,4,7,0
cd020061-02a4-4d30-870c-5ff8b3fe7900,3131.6666666666665,236.66666666666666,119.66666666666667,0.055600000000000004,62711.0,9325.0,3,0,2
cd04c101-c8c4-4ff2-9a3f-250392346c23,3144.3333333333335,297.6666666666667,124.33333333333333,0.056633333333333334,62996.0,2177.0,3,3,2
cd0fdc55-0adb-4f63-9aaf-b129c3be8e4b,177.8,14.6,8.6,0.05734,3506.0,4351.0,5,1,1
cd214740-ab71-4302-b33d-8f76f58b497b,1632.0,207.0,36.0,0.0571,32816.0,2181.0,1,12,3
cd301c98-677e-451e-8fc2-c59a8fcf376b,1240.0,108.57142857142857,45.42857142857143,0.05535,25198.0,851.0,7,3,1
cd44dc13-fc99-4612-868a-37adef2a6ecb,802.8571428571429,77.57142857142857,44.714285714285715,0.05777142857142857,16015.0,3970.0,7,1,1
cd53c443-dc61-457a-a274-f8fb5212dee4,2448.8,229.4,126.2,0.05700000000000001,49190.0,3040.0,5,0,2
cd61d7bd-65f8-4f81-b969-6e7ce0ee5015,3274.3333333333335,367.3333333333333,227.33333333333334,0.05986666666666666,64611.0,8139.0,3,8,0
cd6fcaba-43b2-4b89-bebb-cce90a16e8f9,1357.875,158.5,63.5,0.0577625,27351.0,356.0,8,0,1
cd7e4350-c90d-4689-a7c7-f6a3dc5cd591,1459.8333333333333,157.66666666666666,86.5,0.05815,29315.0,4969.0,6,0,1
cd8c0efc-0689-4045-b2e7-397ce98b5fbd,2830.285714285714,318.7142857142857,129.85714285714286,0.058171428571428575,56360.0,1609.0,7,13,3
cda3cbb6-95e3-44ce-8f15-4f1904207b03,4826.333333333333,479.6666666666667,372.0,0.05846666666666667,97105.0,5187.0,3,1,0
cda78a71-2464-4a37-87db-999e101786cf,2713.909090909091,279.8181818181818,136.0,0.05758181818181818,54346.0,3943.0,11,10,3
cdaf9435-2447-437c-bd0e-9deae1debe4b,1811.4,175.4,115.8,0.05758,36519.0,6896.0,5,10,3
cdc0ebc1-f04e-46f4-8b04-af3448606b85,1157.3333333333333,142.0,34.0,0.056266666666666666,23697.0,8437.0,3,1,1
cdd5db56-b4b1-4054-a737-4df7dfb1c637,4929.0,518.0,235.5,0.05795,98064.0,5137.0,2,5,0
cde08929-0fb3-457b-b8f7-2f21c4034a1c,3939.0,268.0,332.0,0.057,79563.0,5423.0,1,2,0
cde4d215-bb58-40de-9b44-3ca1140c27ec,1468.0,171.6,89.0,0.058140000000000004,29734.0,6182.0,5,14,3
cde924b9-f19d-4409-9cfc-11b32711f965,3005.8,336.4,224.2,0.058499999999999996,60970.0,1850.0,5,1,2
cdea37e1-ffc5-499a-b622-dbafd3ca2577,3172.3333333333335,311.5,199.83333333333334,0.05786666666666667,63677.0,1210.0,6,0,2
cdf06d43-d5c9-436d-af18-1fa1f00ac916,2179.0,290.0,199.0,0.062,43009.0,7079.0,1,4,2
ce02d037-fb0d-4909-a825-04021c8c9534,4804.333333333333,397.0,267.6666666666667,0.05736666666666667,95357.0,782.0,3,2,0
ce0da69a-a3fd-41fa-b5a0-65546a5446ca,2474.5,192.5,172.75,0.05715,49692.0,1347.0,4,1,2
ce144201-9575-4e4d-b946-fc29e2f0f8a3,14.0,1.3333333333333333,0.6666666666666666,0.056466666666666665,296.0,6507.0,3,7,1
ce178302-ae7b-4bb2-a743-c4b92cee60fb,1028.2,91.0,65.4,0.05822000000000001,20352.0,8955.0,5,1,1
ce187d02-136c-485c-a067-0a9c67e7e4fb,4500.333333333333,518.0,126.66666666666667,0.056799999999999996,90596.0,5701.0,3,0,0
ce1f54af-3fdd-4a3a-85b0-8f7a5b8dad6a,2129.5,240.16666666666666,101.83333333333333,0.05925,41699.0,1541.0,6,4,2
ce545aa8-ba79-42ee-909a-750726c526f0,546.0,48.5,30.5,0.060899999999999996,10261.0,8757.0,2,3,1
ce58d6a2-e0fa-46c0-81bc-20f47206f855,596.8,59.0,36.8,0.05824,11894.0,2001.0,5,5,1
ce5ef55b-1c80-43ad-904a-28363651996d,2084.0,142.0,170.0,0.0565,42444.0,741.0,1,12,3
ce60d549-4585-4e37-b5bc-80c2acde6308,3526.0,271.5,224.0,0.0571,70394.0,7946.0,2,2,2
ce63abd5-1e8b-4672-9f97-d3345ae02e96,4164.0,215.0,201.0,0.0546,83931.0,6874.0,1,1,2
ce738946-8b82-45d7-af88-82e6ba4d94e9,2336.0,218.0,95.0,0.0562,47128.0,8039.0,1,5,2
ce7a12d8-1f42-4865-99fc-fe9e9b51a5f9,267.5,22.5,16.5,0.05512499999999999,5639.0,5217.0,2,2,1
ce95d808-3339-4399-8fb9-955a253149fc,2211.75,204.75,109.25,0.0562,44927.0,9886.0,4,1,2
ce9b6083-3f3f-43c4-a6bd-1b82ba92437e,3872.4285714285716,394.7142857142857,250.0,0.058871428571428575,76739.0,1884.0,7,0,0
ceabcb66-283c-4277-84fb-b85ee21e050a,4023.0,385.5,197.0,0.05758333333333334,79976.0,131.0,6,8,0
cead446f-8dfe-4426-b770-c796fb58f651,4218.8,493.2,313.0,0.05942000000000001,84562.0,6565.0,5,2,0
cebc179a-6c8e-4e36-b2d5-a2bef35bf903,3255.0,320.6666666666667,229.5,0.057999999999999996,65594.0,4480.0,6,1,2
ced64bb6-8074-455a-badb-fc2849d8e13c,1168.5,128.33333333333334,48.5,0.057600000000000005,23356.0,4404.0,6,4,1
ced9651a-584d-4711-849f-06ba63bc3ce0,4892.333333333333,470.0,258.6666666666667,0.05756666666666666,97614.0,118.0,3,4,0
cedd2b94-f70e-4ca9-b3ab-9aba4b2ce834,682.6,69.9,41.1,0.057909999999999996,13704.0,146.0,10,3,1
ceddb371-2b65-4316-8164-d5924cbfd801,688.25,62.75,43.0,0.0568,13979.0,1719.0,4,5,1
cee6a50f-7607-48d4-865d-2460559c3928,3411.5,270.5,151.0,0.05585,68629.0,9934.0,2,8,2
cef21fa6-b4f2-4725-8f89-eaba8f588925,4005.3333333333335,509.6666666666667,230.66666666666666,0.0583,81392.0,5614.0,3,0,0
cefac61c-c832-4701-bca8-37cfa8563c75,1085.2,147.0,71.6,0.06096,21381.0,4232.0,5,12,3
cefcc411-3b27-4562-bcd0-891f3f8a0440,2707.6666666666665,251.16666666666666,161.0,0.058416666666666665,53417.0,1507.0,6,5,2
cefe4857-101c-4612-8440-e0996cb681fd,3837.0,381.75,233.25,0.057325,77653.0,7472.0,4,0,0
cf0f8ffd-bd22-4812-bdcd-ab43c97a8d58,1661.0,185.0,100.75,0.057925000000000004,33609.0,3477.0,4,4,1
cf18d413-e9fe-4fd1-9e31-d80c1a65c1a4,509.85714285714283,53.57142857142857,26.571428571428573,0.05765714285714286,10233.0,8299.0,7,15,3
cf1a57d3-e7a8-4d7d-8921-2c00d699e771,3868.0,346.8,258.4,0.05858,76338.0,5287.0,5,11,0
cf1aaaf2-e08a-4d4b-b0c8-4b4e0c946d42,100.66666666666667,10.0,4.666666666666667,0.06060000000000001,1904.0,1119.0,3,0,1
cf1edce0-dc1a-46f2-b10e-e61423a2e00a,3185.0,328.77777777777777,226.22222222222223,0.05873333333333333,63672.0,4410.0,9,4,2
cf2ad36d-c445-4571-8d8f-a3d2631d9e1f,4192.4,449.4,203.8,0.05816,83309.0,5919.0,5,5,0
cf4ce2f7-862b-44d7-abe5-9bfb5fd1aede,4049.1428571428573,333.57142857142856,237.85714285714286,0.05737142857142857,80534.0,4467.0,7,0,0
cf57f1b9-c4ae-40d4-84b1-f04344e1af68,1281.0,123.2,71.2,0.05776,25543.0,5962.0,5,14,3
cf5ff8bb-d00f-4918-a65a-aed309cb5503,1609.3333333333333,159.5,84.0,0.05678333333333333,32632.0,9312.0,6,13,3
cf6eec7a-e0d3-4238-90e0-b532fe1f12c7,2759.0,265.5,226.5,0.058050000000000004,56005.0,3994.0,2,0,2
cf79c6da-f895-4610-9f81-eefb2e11d052,3048.6666666666665,259.0,151.66666666666666,0.056933333333333336,60774.0,1649.0,3,1,2
cf7a786f-d9b8-437f-91b6-0f676ced10c4,3161.5,318.5,185.25,0.05855,62598.0,544.0,4,12,0
cf8b0119-7ed6-4cd2-b8b8-5cbbd614e05b,2001.5,238.0,141.33333333333334,0.06,39682.0,8145.0,6,1,2
cf9cecb6-4ca0-4096-b3c6-d1e7b328429b,794.8,76.4,47.2,0.0583,15755.0,235.0,5,4,1
cff04ba9-aa3c-4e75-a1ae-f35ff01e3f8d,310.0,34.666666666666664,19.0,0.0577,6302.0,4709.0,3,5,1
cff38fb2-760e-4e45-bc56-65ec7dcb0c10,4698.0,452.42857142857144,233.28571428571428,0.057242857142857144,94070.0,5934.0,7,13,0
cff68744-e144-4f82-9c8d-0b5984a5814b,973.7777777777778,105.55555555555556,47.22222222222222,0.0579,19456.0,2116.0,9,9,3
cffd7a5c-ef45-49f1-bf62-d2d288e229f5,4634.857142857143,509.0,316.07142857142856,0.059071428571428566,92477.0,8579.0,7,3,0
d004385c-5cbb-4dff-b4ff-77744ca8f470,2567.0,317.0,193.0,0.0628,49016.0,7966.0,1,12,3
d00da8c4-ac96-49c7-8eb1-d619483c6547,4001.6666666666665,353.8333333333333,140.16666666666666,0.05628333333333333,79864.0,6649.0,6,1,2
d0169c56-10fe-4a47-b013-7c6132ec8f66,2945.0,297.5,217.0,0.057999999999999996,59640.0,2511.0,2,9,0
d01d4bc7-b8ca-4f43-9265-5964773d9e2a,1427.25,165.0,63.0,0.0582,28441.0,3380.0,4,3,1
d01d4f09-f60f-4ff7-bdbe-f6f2699fd34b,3767.3333333333335,377.0,142.83333333333334,0.05648333333333333,75899.0,2043.0,6,0,2
d0497bac-4ca0-46af-8ef3-27e40fa26d41,2962.6666666666665,305.3333333333333,174.33333333333334,0.05806666666666666,59278.0,534.0,3,5,2
d082ed66-3a9f-4662-a555-e2576ea5698b,2176.0,275.2,110.6,0.05924,43250.0,8645.0,5,9,3
d08310a5-3d18-4a4a-b609-0d6a20b0a7f0,3658.5,313.5,198.25,0.057125,72973.0,8167.0,4,7,0
d099da1b-693b-4045-9ca4-adb8071a24f2,2991.0,313.3333333333333,148.33333333333334,0.05836666666666667,59163.0,3666.0,3,6,2
d0b61efb-5f3d-410a-863b-475cb883f6ba,698.0,35.0,44.0,0.0568,13682.0,9390.0,1,14,3
d0b65469-4df2-44b0-b817-e309457139bb,420.0,34.0,16.0,0.0541375,8764.0,4571.0,4,14,3
d0d2dfdf-a9ce-4b37-a320-bcb192ae9c68,819.2,65.4,41.4,0.05628,16453.0,3211.0,5,1,1
d0df6093-4477-4156-8acd-1c88997d0d8e,4374.666666666667,429.8333333333333,162.16666666666666,0.056383333333333334,88083.0,9217.0,6,13,0
d0eff43d-a9b7-4255-874d-afe9671a7950,1438.6666666666667,118.33333333333333,83.66666666666667,0.0574,28574.0,2343.0,3,4,1
d0f0b88c-28e9-4a35-9d2e-57d5f3c2387c,3508.3333333333335,304.3333333333333,206.66666666666666,0.05726666666666667,70205.0,1752.0,3,3,2
d107f044-7048-44a9-8b69-29d153f46a39,1881.2857142857142,180.28571428571428,92.28571428571429,0.056742857142857143,37951.0,1976.0,7,3,2
d11b51e9-0bb8-466d-b88a-206072f75278,3316.0,287.0,235.0,0.0596,64449.0,5961.0,1,15,0
d11da375-8f4e-4ba6-a47f-22a6be613491,113.33333333333333,8.11111111111111,7.222222222222222,0.05912222222222222,2152.0,2412.0,9,3,1
d123fe77-098f-4b07-9713-b095ba62b8cd,4387.25,313.25,211.5,0.05635,87160.0,4175.0,4,4,0
d147685f-79cb-4431-aa72-d865a6eed2f2,1975.75,157.5,54.0,0.0557,39279.0,5193.0,4,6,1
d15d33fc-21ac-4a69-8f0e-e3d51469c556,1409.8,114.2,94.4,0.058399999999999994,27704.0,2885.0,5,1,1
d166059b-8ff6-4a80-9d8a-5661cc791893,289.6,29.4,12.0,0.0573,5777.0,8854.0,5,3,1
d16f7254-53a8-4e62-ac26-90dfa202e50c,4293.0,456.0,211.0,0.057475,86300.0,6820.0,4,8,0
d171a281-1800-4251-96af-c86151bf1faf,4590.666666666667,455.6666666666667,251.25,0.05776666666666667,91720.0,2809.0,6,4,0
d19e478f-9a9c-42a1-8fa1-18feea4355da,1239.0,119.25,66.0,0.056325,25291.0,256.0,4,15,3
d1ab1b9e-2a3b-43ec-9cf8-42c26b4efc8f,1767.5,170.5,112.0,0.05695,35977.0,9763.0,2,4,1
d1ae692f-7a1c-4752-92dd-2e279a2eadc7,2844.0,272.25,153.0,0.0584,55984.0,3840.0,4,3,2
d1bceb0a-d86e-4f33-bd4d-d58ace0c5736,3019.6666666666665,245.33333333333334,126.5,0.05615,60402.0,7709.0,6,7,2
d1bf18fc-f32b-405e-bfe2-8805038eb30a,3830.6,387.2,229.6,0.05786,76856.0,9150.0,5,9,0
d1d3d2e2-5338-4cd4-afa0-3ddfb91611cb,3788.0,398.1666666666667,190.16666666666666,0.05741666666666667,76257.0,6573.0,6,2,0
d1e1cb43-88de-40b4-985b-96034e6f6718,1474.5,144.375,52.875,0.056362499999999996,29656.0,7161.0,8,3,1
d1e86f5d-f113-4a85-9677-7b5fb553b7dd,3042.6,194.6,86.8,0.054700000000000006,60770.0,2267.0,5,1,2
d1f4ade4-e925-4de9-8132-8e54a779d0c7,1175.3333333333333,96.33333333333333,64.33333333333333,0.05736666666666667,23286.0,2714.0,3,12,3
d204dea4-3c4e-46aa-bb48-03bac7ff02ca,2615.75,267.5,126.5,0.056725,53065.0,2342.0,4,0,2
d2115237-b368-4af0-bea8-67369db9d2cb,250.0,28.5,14.0,0.0591,4951.0,8014.0,2,3,1
d2161724-c770-43bb-8abb-995fa9dff5de,4547.5,467.0,287.0,0.05655,93770.0,9600.0,2,2,0
d23bdd6f-b60b-4701-adda-822c2f350761,4048.25,404.75,257.0,0.058325,80727.0,8643.0,4,0,0
d24a6151-865c-4605-8041-03af5d7f7708,1326.0,147.0,87.33333333333333,0.0598,26088.0,2837.0,3,8,3
d24ba7d4-4f20-4a8d-a56c-76978e4666e4,1431.0,134.66666666666666,64.66666666666667,0.056499999999999995,28859.0,4177.0,3,8,3
d250a6e5-142b-428a-b94c-8fadb7acc38e,1646.75,176.75,89.25,0.057825,33076.0,4494.0,4,9,3
d2605e97-c25f-4512-a858-67f003f2ff0d,4926.666666666667,560.0,249.5,0.0582,98530.0,3635.0,3,3,0
d267eb71-ad13-40f7-a5bb-85823440afcf,4147.0,480.3333333333333,144.66666666666666,0.05753333333333333,82940.0,3363.0,3,4,0
d2835dc7-b68d-4afd-972f-4f2e5c135019,413.0,42.5,22.5,0.05975,7999.0,3591.0,2,3,1
d2a4d925-725d-4ddf-a56c-79eaa58f7563,1488.0,138.25,79.75,0.0566,30130.0,2049.0,4,1,1
d2aaf0dd-5681-4116-8a06-c3f68deb673b,3876.375,380.0,236.5,0.057874999999999996,77626.0,1815.0,8,9,0
d2d7ae43-bfbf-4a2b-b18d-562144c3534e,3915.5,479.1666666666667,173.16666666666666,0.0583,78341.0,1224.0,6,15,0
d2ecda32-1e03-4e6e-99a9-a078c4abeb1a,1716.0,169.0,71.0,0.0585,33453.0,6069.0,1,5,1
d2ff9bdc-9661-4eb4-a6cc-16399d7dc03e,4001.4166666666665,418.1666666666667,176.66666666666666,0.05724166666666666,80303.0,663.0,12,12,0
d30b853c-ebe3-407d-aea5-84e5a39fe54a,18.375,1.625,0.875,0.059075,355.0,9277.0,8,10,1
d30d1767-27b6-4208-8c74-62a3093df1c4,272.375,25.75,14.375,0.0568875,5493.0,2122.0,8,2,1
d316f37f-ce9e-4fcb-928b-74fe8d372ff9,4861.75,454.625,207.875,0.0570625,96834.0,6499.0,8,10,0
d324529f-b94b-4cd3-a02d-6ea70982809d,1899.125,201.75,143.25,0.058875,38115.0,1688.0,8,2,2
d32f5328-f630-4704-8b8e-f8f153104a56,4883.25,494.25,261.5,0.057499999999999996,98112.0,6955.0,4,3,0
d34446b8-7e8c-497e-9cf7-a197dd8a8c3f,82.0,8.5,4.0,0.05345,1768.0,8081.0,2,6,1
d3534242-053d-41a2-ae3a-01cab84543f6,22.444444444444443,2.111111111111111,0.6666666666666666,0.05538333333333333,466.0,4074.0,9,12,3
d3554a96-4fc0-45b3-b4ea-c388c1f14c33,4079.6,373.6,219.0,0.05716,81765.0,1136.0,5,1,0
d356ad58-7337-4f31-9c6c-76a6316d5a79,1056.6,85.8,58.8,0.056179999999999994,21386.0,9248.0,5,7,1
d3590905-9e95-4ff6-a50c-8162c43abe1d,969.6666666666666,73.33333333333333,49.333333333333336,0.05398333333333333,20272.0,5006.0,3,3,1
d3615771-e894-4923-8750-b66b992c9e83,2357.5,175.5,88.5,0.05475,47874.0,2812.0,2,5,2
d36b2ce2-d8e6-4c49-806b-f228ea108188,104.5,8.5,5.5,0.05487499999999999,2232.0,7633.0,2,3,1
d36db480-b0d1-466d-b088-6ffd9615934b,2010.0,288.0,163.0,0.0621,39607.0,4236.0,1,2,2
d3801ce9-8a2d-40d9-97b2-615ee3346677,2119.5,217.5,78.0,0.057999999999999996,41633.0,4432.0,2,0,2
d3873739-f50f-4032-88ef-3671920927f4,2893.4,287.6,185.0,0.05754,58498.0,2889.0,5,1,2
d391ab33-1b37-4d3a-a328-81ba9dcbb962,1347.5,77.5,101.0,0.056150000000000005,27180.0,4686.0,2,0,1
d39cbca0-1743-4dcc-b924-1e5c731b27be,2805.5,296.0,150.75,0.057775,56302.0,3483.0,4,1,2
d3a37d2e-07ff-4834-815b-2137bd70bde4,633.125,63.75,38.625,0.056525,13013.0,4717.0,8,4,1
d3cc0e18-d221-4dc1-b21e-dc4bec41a7ee,3917.4285714285716,426.42857142857144,193.42857142857142,0.058199999999999995,77983.0,5447.0,7,7,0
d3d1e720-c70b-4341-b00b-e1cfdc8f0b8e,3537.0,451.0,111.0,0.0584,70226.0,2980.0,1,1,2
d3d999ad-cbd9-4939-a64b-6f63119b575b,377.6666666666667,34.0,26.0,0.05893333333333334,7428.0,2999.0,3,4,1
d3dbed0f-8ab0-4ad0-a560-785c25c8a8b3,3831.75,342.5,244.5,0.0576,76740.0,2083.0,4,3,0
d3dc6c82-0af9-4f1f-93f2-4407871d2507,4345.0,400.6666666666667,221.33333333333334,0.0577,86091.0,4983.0,3,5,0
d3f0741a-2e4b-4b8f-a2cd-3c12c2f25210,3590.6,411.8,153.4,0.05752,72251.0,7763.0,5,2,0
d4032fbf-57a3-4a6b-828a-b61f432d0c7b,4780.555555555556,473.55555555555554,269.0,0.0578,95535.0,5262.0,9,6,0
d4210edc-27c4-4bff-a724-0f716f272c7f,3544.75,255.0,223.0,0.056999999999999995,70563.0,9997.0,4,12,0
d431af4e-b2dd-4632-9bfe-e5bfd5bbc391,3650.0,340.0,263.0,0.0579,73508.0,9563.0,1,8,0
d43314a1-a912-4408-bfac-186b4416f32a,4762.333333333333,551.0,236.66666666666666,0.0577,96207.0,6352.0,3,8,0
d446c3bb-caa7-4da7-99f5-fa4bc5944247,3253.0,224.0,41.0,0.0528,66612.0,8821.0,1,9,2
d450f425-4504-4357-b0df-91f24b74e0c7,4858.0,356.0,321.0,0.0583,94938.0,7600.0,2,4,0
d454fffb-55a7-4c62-aada-3c3c0490d1da,4226.5,313.0,174.5,0.056075,84063.0,8298.0,4,1,0
d45739c7-d5b3-40ff-8dd0-5b072c9d1739,4697.0,526.0,232.5,0.0572,95420.0,6984.0,2,1,0
d460b523-1d8f-4943-828a-8bbc8e6e5aba,1390.5,153.0,42.0,0.0562,28227.0,5735.0,2,6,1
d4639075-ce75-427c-a570-9ea8874651ec,4266.5,432.3333333333333,200.16666666666666,0.057433333333333336,85306.0,9377.0,6,15,0
d4667841-ce06-4426-8523-0b140b26e875,1730.0,195.0,53.333333333333336,0.05793333333333334,34148.0,9230.0,3,4,1
d470e68b-1586-4eee-ba15-fad7f25fb162,2873.5,213.5,112.5,0.05655,56579.0,2122.0,2,9,3
d472a854-c8a3-4a86-9358-19d4dd51ce78,3351.375,344.125,184.625,0.058225,66642.0,4939.0,8,8,0
d478e415-be5b-4ad5-9962-4ed6633f4752,4029.75,472.5,237.25,0.05845,81093.0,6138.0,4,14,0
d4821bc9-3e16-4d16-a110-55047e337176,2421.0,250.0,174.0,0.058625,48536.0,9407.0,4,1,2
d483c429-b01f-4a83-974c-9b1da4bb2b9d,219.5,12.0,15.5,0.050675,5010.0,6652.0,2,3,1
d48b7997-4fc4-4934-9ddb-9009a0949232,3065.0,374.75,215.625,0.058925,62025.0,7735.0,8,4,0
d495fb0a-16e6-45ae-80e7-a6b9483492d0,2773.25,290.75,184.75,0.059675,54431.0,7621.0,4,0,2
d4aac933-8e7a-4414-b9a1-082ef039d458,1872.3333333333333,177.33333333333334,128.0,0.057133333333333335,38119.0,4859.0,3,2,2
d4b16f84-e4dc-4c7f-b978-796aee32b690,4303.666666666667,457.3333333333333,71.66666666666667,0.05603333333333333,86295.0,9513.0,3,1,0
d4b45317-87fb-4654-9a76-281b22330d01,2360.0,204.5,162.25,0.0579,47098.0,3678.0,4,0,2
d4bd7c76-a5a7-4200-b70d-c9a31b427912,1936.5,175.0,123.0,0.057525,38838.0,6049.0,4,0,2
d4d9cded-740a-4680-8366-7afcab540ae2,4841.0,430.6666666666667,361.8333333333333,0.05793333333333334,97256.0,5540.0,3,11,0
d4dd63b1-ecc1-44d5-997e-feef974ee9c5,2722.8333333333335,264.8333333333333,121.33333333333333,0.057850000000000006,53745.0,8899.0,6,1,2
d4de49a0-0dcf-4edc-9ea8-20bca5bda793,691.4,72.6,40.0,0.05704,14094.0,479.0,10,3,1
d4dece29-9d4f-464b-9bf1-7e921e7d17b1,2752.0,270.7142857142857,111.85714285714286,0.05745714285714286,54554.0,5239.0,7,6,2
d4eba31d-08a8-4c0e-9ca5-cf978fe2cec6,1519.3333333333333,136.83333333333334,97.0,0.05846666666666667,29981.0,116.0,6,4,1
d504a935-cc6b-4b3b-933f-3fdce62f91a5,2734.285714285714,274.42857142857144,185.28571428571428,0.058614285714285716,54504.0,2252.0,7,8,2
d50b9539-0362-42b8-99d8-66e3fe5b3a00,3685.25,343.5,167.75,0.05635,74521.0,7722.0,4,1,2
d51b2c88-cf0c-4c78-8849-c12139d3bebf,2563.6666666666665,291.6666666666667,126.0,0.05793333333333334,51445.0,179.0,3,3,2
d52f87e2-91d0-4d3b-8ca3-33e67d7033aa,4856.25,479.75,260.75,0.057275,97687.0,6222.0,4,12,0
d5348651-1db6-43a3-a55b-42c1d1d20ec4,2841.75,270.0,171.25,0.057999999999999996,56621.0,416.0,4,1,2
d5523cbc-7906-459b-8218-5e4342f6e85a,4318.0,580.0,137.5,0.0581,86727.0,9071.0,2,15,0
d552c38f-19b4-4f17-8a5b-809606e2635d,1551.6666666666667,148.66666666666666,80.33333333333333,0.05756666666666666,30930.0,8927.0,3,8,3
d558a310-ed76-49fc-aab9-46e603ef2512,3880.8,347.6,199.2,0.05728,77299.0,258.0,5,0,2
d57010fc-d57c-4b3b-9a57-21b01ed37956,726.6666666666666,71.66666666666667,46.0,0.05853333333333333,14422.0,3166.0,3,10,3
d57380a7-5228-4e40-abbb-96f10cdd1f71,1634.3333333333333,155.66666666666666,123.66666666666667,0.0604,31700.0,6480.0,3,0,1
d58aab1b-3be3-4ab6-8056-c941b6a88c98,2202.5,237.5,117.16666666666667,0.05873333333333333,43549.0,9828.0,6,0,2
d58ce885-4651-4b0b-bf39-03dbe16751f0,1238.0,80.0,23.0,0.0575,23318.0,7651.0,1,12,3
d58dbd46-e217-48de-af4f-822ee2479aba,1090.3333333333333,96.0,66.66666666666667,0.055433333333333334,22594.0,5622.0,3,1,1
d5bfdd88-7106-43c4-9299-a5c998bf184f,162.33333333333334,12.666666666666666,3.3333333333333335,0.05943333333333334,3000.0,4672.0,3,6,1
d5cd85fb-b65a-41c0-b7c8-18d59f7eddcf,1883.5,171.33333333333334,100.5,0.05781666666666666,37273.0,8688.0,6,1,2
d5d676c7-c9a7-4ade-a0ce-4ed9c0fe4281,1533.8333333333333,135.66666666666666,92.83333333333333,0.05761666666666667,30588.0,2082.0,6,8,3
d5db3815-9e00-43b2-908e-715f0383900f,2022.888888888889,205.88888888888889,124.44444444444444,0.058133333333333335,40481.0,1485.0,9,2,2
d5dea883-4dbb-4be3-a3ea-3dd1a8b002df,629.0,73.5,36.0,0.05835,12661.0,497.0,4,2,1
d5e711ba-8a59-4518-a01c-88aca1c7c40e,1022.6666666666666,102.5,59.166666666666664,0.056683333333333336,20887.0,174.0,6,9,3
d5edcc5f-6dea-45aa-82c2-2b6c620ff93c,3327.0,270.0,47.5,0.056,65070.0,2786.0,2,6,2
d5f4b8d3-bc18-498b-8618-f48d61237b6b,1714.75,146.75,141.25,0.058525,34236.0,7802.0,4,2,2
d5fb8a8f-d457-4eb1-a1f1-270d8081c949,4387.2,469.4,282.8,0.058699999999999995,87575.0,4957.0,5,10,0
d600c107-3f88-46b2-9ffd-db1b1678697c,3952.25,390.75,171.0,0.056775,79515.0,2733.0,4,2,0
d63516b4-0d21-4545-8f6e-6a9c6bb3c40c,2553.0,250.5,116.0,0.057300000000000004,50959.0,650.0,2,0,2
d642d280-400c-47fb-85c3-244385f4c905,138.75,14.75,3.5,0.057275,2741.0,9960.0,4,0,1
d6593daf-52bd-412c-abd8-b178b4f0f2ee,2308.5,253.0,173.0,0.05835,46879.0,2741.0,2,0,2
d6707f1c-83c8-4c25-a754-9337a2725432,3534.3333333333335,361.0,200.0,0.057600000000000005,71112.0,2409.0,3,0,2
d69e7014-890c-4b64-89a9-c54603071c84,3304.5,336.0,206.0,0.0584,65867.0,1330.0,4,14,0
d69f1a56-8139-4e21-a84c-fea2d01b6bb0,4744.333333333333,379.3333333333333,217.0,0.056400000000000006,94759.0,4747.0,3,4,0
d6b3a62f-6f37-4850-a7fa-511e128567b9,3053.0,274.5,177.5,0.05575,62909.0,7047.0,2,10,2
d6d2bb42-75f2-431a-bacf-3f80cba3ec9c,3140.8571428571427,369.42857142857144,145.85714285714286,0.058942857142857144,62040.0,334.0,7,0,2
d6ddb9af-6b9f-4b7f-b836-08a0e7643d35,4560.8,351.8,199.0,0.05602,91204.0,351.0,5,7,0
d6e00ce5-4fe9-4cd0-9cfc-9adce0f37ac2,3547.0,315.0,40.0,0.0552,70692.0,5496.0,1,13,3
d6f3e6cc-f254-4a8f-a1e9-7837cc39fe29,1894.0,257.5,57.25,0.0584,37812.0,4564.0,4,7,3
d70069de-cc8e-444a-bf9f-b30ad6754702,493.5,45.833333333333336,23.166666666666668,0.05939166666666667,9441.0,6025.0,6,2,1
d717bf09-ce83-4be8-a7df-f5c7bc0767e0,1978.5,199.25,75.5,0.057525,39177.0,8441.0,4,2,2
d727aef3-5a5c-4242-9975-cc1126a4925c,3951.6666666666665,426.3333333333333,193.66666666666666,0.05740000000000001,79656.0,6736.0,3,0,0
d752eb42-6b07-480b-bcf6-7977eb337fee,1768.0,172.0,87.33333333333333,0.056833333333333326,35653.0,9666.0,3,8,3
d754c5ad-e7f9-4ebd-887f-9e83a386afd8,1841.5,141.5,50.5,0.05565,36535.0,3533.0,2,0,1
d7843e22-ffb1-4dab-9276-1a9dc9f85eed,155.5,17.0,9.5,0.05905,3081.0,8864.0,2,1,1
d7943c50-e8c8-4e69-be94-5265247c22d8,2884.75,362.0,123.75,0.058800000000000005,57299.0,1944.0,4,6,2
d7a412e4-bdde-4794-b07e-a51e31981016,4812.666666666667,506.6666666666667,186.66666666666666,0.056633333333333334,97213.0,8461.0,3,7,0
d7af47c6-535b-47ea-af3a-9bfa5da25f20,4012.0,388.0,243.0,0.0596,77962.0,7825.0,1,0,0
d7b53375-38fc-4185-84ea-2ccacd80f647,1435.6,144.6,83.4,0.05782,28756.0,3462.0,5,0,1
d7c1faa2-0801-4eb7-8613-9f258bb310e3,2292.3333333333335,238.0,126.33333333333333,0.058600000000000006,45337.0,739.0,3,6,2
d7c6375e-05b8-4b52-aeff-c223d618308a,3699.5,283.0,228.5,0.0568,74103.0,2660.0,2,2,2
d7ddc25a-5819-414f-b01f-b3209e273b6c,2911.3333333333335,237.0,154.33333333333334,0.056799999999999996,58145.0,8520.0,3,3,2
d802e87d-2f5c-47bb-8079-fd5cdefe0eb1,1174.857142857143,96.42857142857143,51.142857142857146,0.056228571428571426,23514.0,6685.0,7,1,1
d81c6b3c-b1eb-4146-ad30-09e64ca49d4d,4807.5,432.25,134.25,0.0557,96469.0,3197.0,4,0,0
d82c05dc-b3c3-497c-b555-a4485543a3ca,1265.8333333333333,118.66666666666667,62.0,0.05656666666666666,25570.0,9344.0,6,15,3
d82c7565-14d8-4f01-8b58-2a114cadab12,3202.8,322.4,159.2,0.05778,63790.0,2217.0,5,3,2
d839e1ce-72c7-402d-927b-ae9d98268df4,1107.6666666666667,145.0,63.0,0.0614,21419.0,3482.0,3,2,1
d84dbd4a-fcbf-4ebb-905b-cfbd5531a20f,2592.25,292.75,135.5,0.058499999999999996,51605.0,6869.0,4,15,3
d857f457-0444-4861-993f-4b021d10f768,1349.75,112.0,35.25,0.0548375,27321.0,4145.0,4,1,1
d8620efd-6892-439f-85cb-eaeb4456d6e1,360.0,43.0,34.0,0.0586,7451.0,570.0,1,7,1
d8726c65-0589-4441-8559-bf1f4f844bbf,4429.5,546.0,121.0,0.05765,88474.0,4734.0,2,8,0
d882a0e2-cdb0-4e08-9b93-b6f17124a7ab,3686.75,405.5,317.75,0.05945,74174.0,9686.0,4,5,0
d8b8a274-4314-4faf-8548-54fd13138d62,1948.0,205.57142857142858,95.57142857142857,0.05764285714285714,39018.0,1206.0,7,3,2
d8be521a-b345-4d0c-abec-8d89077fef6f,823.2857142857143,81.57142857142857,37.0,0.057699999999999994,16325.0,9677.0,7,5,1
d8cecffb-e220-4674-9f7e-4212443ae97b,170.33333333333334,20.333333333333332,9.666666666666666,0.057816666666666676,3417.0,4076.0,3,4,1
d8d4b31d-a096-47d9-9af2-6fa257b376f6,4276.8,400.4,226.8,0.05716,85782.0,4198.0,5,2,0
d8e58388-4417-4036-a1f7-3ea8b813ea2f,3673.3333333333335,435.3333333333333,184.66666666666666,0.05876666666666667,73064.0,408.0,3,1,0
d8e831b3-9bef-4ab9-a6a5-4b5ca477b207,2173.0,222.5,134.5,0.05803333333333333,43599.0,9375.0,6,5,2
d8f06ff7-eda8-4adb-9cd2-8a64c7c3bb04,4690.4,531.2,240.4,0.057920000000000006,94323.0,4178.0,5,4,0
d901b7b7-5963-4182-ad67-b9383e2a9f34,3770.0,450.0,240.0,0.05915,75408.0,8566.0,2,4,0
d902f58b-7c57-4b84-bc74-451bdcbafab7,2271.4,226.2,165.8,0.058519999999999996,45498.0,4251.0,5,12,3
d9149ef5-a5ca-4a2f-84f1-83152e3b22f8,2712.0,362.5,164.5,0.06015,53852.0,4191.0,2,2,2
d917b9a5-5b56-4991-9dc3-f0fbceed7c82,1590.0,132.0,51.0,0.055625,31880.0,6915.0,4,2,1
d9219754-8746-48e5-9497-039ea8185c03,702.5,80.25,43.75,0.06105,13537.0,7994.0,4,0,1
d94d8151-3a3c-47af-8753-fc467e7a5136,1623.0,127.5,106.75,0.05705,32547.0,8069.0,4,0,1
d966d003-4365-4934-826c-b5429af28995,3724.0,369.0,205.66666666666666,0.05723333333333333,75096.0,7496.0,3,11,0
d96d7b10-c913-48ef-becc-55f63075565f,3433.8,375.0,247.0,0.05936,68335.0,5050.0,5,9,0
d986d89f-7e95-494c-91a6-320e6d982e89,2900.75,336.75,135.75,0.059075,57080.0,1512.0,4,6,2
d9948944-6601-42ae-a935-ae29cc7d93a0,44.75,4.75,2.0,0.052024999999999995,1002.0,6707.0,4,2,1
d9a1dd37-8a9c-4e93-b7b0-ad960abd8516,394.6666666666667,30.5,28.0,0.05836666666666667,7766.0,4292.0,6,0,1
d9af1e16-1e0f-4056-9c60-2d2950d04c00,4353.666666666667,348.3333333333333,258.0,0.056433333333333335,87883.0,4786.0,3,1,0
d9b44a8b-113c-4762-91f8-7e261654733d,4941.857142857143,371.85714285714283,239.07142857142858,0.05624285714285714,98801.0,7370.0,7,5,0
d9bb0d98-2c99-4478-9113-6c0d65e3a498,892.0,101.0,51.0,0.06005,17390.0,8740.0,4,2,1
d9c1d742-bda8-44c6-b08f-63087eb8d463,3087.0,291.2857142857143,188.71428571428572,0.057685714285714285,61835.0,9028.0,7,1,2
d9ced67d-2d01-4674-bd27-1f0afb505db9,465.0,42.0,20.625,0.0558625,9444.0,5831.0,8,0,1
d9d2cdf1-efff-4a88-a631-ba5ec4092120,210.75,24.0,16.25,0.057749999999999996,4344.0,2092.0,4,1,1
d9fed100-c5f6-4700-8017-575194a36982,3392.75,283.25,139.5,0.05515,69167.0,3643.0,4,2,2
da0328c4-262d-46b8-b75e-c40a6dbaee1c,3831.0,242.0,270.5,0.0571,76108.0,6269.0,2,0,0
da0c2aca-098c-4556-b177-93070ef31196,4927.0,641.5,327.0,0.0591,99757.0,374.0,2,3,0
da1f179f-7769-4cd6-9999-9e2d0bc99163,3172.6666666666665,244.66666666666666,224.0,0.05703333333333333,63871.0,7141.0,3,2,2
da24368c-3fa2-4924-b6a4-b16844ecbbd1,3992.6666666666665,463.6666666666667,156.0,0.057466666666666666,80267.0,2170.0,3,8,0
da2a1a5a-56d6-4583-90b0-3385a51cf9b6,2529.25,240.0,97.75,0.057300000000000004,50034.0,7198.0,4,2,2
da2d271a-c0d5-4b24-bb09-167cd2894780,3196.3333333333335,192.33333333333334,225.33333333333334,0.056066666666666674,64474.0,2517.0,3,6,2
da32444a-a514-444d-8799-5cbde9e78eb2,3912.0,486.0,354.0,0.0595,79875.0,3276.0,1,11,0
da32c1ea-57ba-4a88-8619-e80b905d47fa,4338.0,246.5,244.5,0.0556,86897.0,4784.0,2,2,0
da49ac16-b2c1-44a8-aa9d-c4ac5100be9a,4166.25,467.25,172.5,0.058124999999999996,82664.0,6581.0,4,5,0
da4fd0e8-b94a-45bd-a155-6bc14deaf0c8,2234.0,232.33333333333334,136.66666666666666,0.0569,45756.0,7510.0,3,0,2
da57c866-4b42-49d7-9de8-4a83bd8a725c,1030.0,99.4,51.8,0.056720000000000007,20830.0,4365.0,5,3,1
da58114f-5c36-4dae-a723-277340fc5051,583.0,50.666666666666664,44.0,0.0598,11337.0,2232.0,3,13,3
da6d9e62-882a-48e5-b920-a767b5b520ad,3773.0,243.0,162.66666666666666,0.055066666666666673,75900.0,6991.0,3,2,2
da6e5f66-c6fb-4f2f-bf1a-0fb364c42ed1,4761.333333333333,528.0,311.6666666666667,0.05826666666666667,96144.0,9071.0,3,11,0
da73e268-96c8-44d2-8037-2458130d450b,3110.6666666666665,296.0,164.66666666666666,0.05848333333333333,61086.0,921.0,6,2,2
da898eea-b210-40db-917b-c0289f38add3,312.6,39.0,24.8,0.05995,6194.0,9697.0,5,1,1
da8dbeb9-c7c6-4e07-a17d-6e2c11fc646b,4871.0,299.0,80.0,0.0537,97779.0,1731.0,1,0,2
dac29b48-3211-42c2-813f-201eeb23cf89,2642.8888888888887,238.55555555555554,150.0,0.056688888888888886,53478.0,6060.0,9,8,2
dae49524-0fa4-4d82-80ca-7927021b9043,279.5,28.25,22.5,0.060399999999999995,5465.0,8638.0,4,14,3
daf604c9-1947-4670-b72c-0d5162d41385,533.2,53.0,25.4,0.056220000000000006,10880.0,1945.0,5,3,1
daf79460-3d1d-42f3-819a-05039d036590,2387.0,248.0,50.0,0.0567,47323.0,4776.0,1,12,3
daf85e02-c3de-4d8b-b58a-cf9c165f9a55,2990.285714285714,313.57142857142856,134.28571428571428,0.05795714285714286,59314.0,8533.0,7,1,2
db10d9ac-e90f-4b21-ae24-3691582eac89,1877.4,188.4,110.8,0.0578,37660.0,5278.0,10,9,3
db12aae4-ce51-4c7f-aff7-96ff28cb6823,3704.0,443.0,65.0,0.0559,75292.0,5211.0,1,5,2
db2b17bf-7fd5-4b5b-95d1-4fd17cbb5885,2353.6666666666665,199.0,127.66666666666667,0.056499999999999995,47462.0,594.0,3,6,2
db354494-2d80-4bd8-b3ca-ce32077acf8b,1077.3333333333333,67.33333333333333,48.0,0.0546,21848.0,8944.0,3,12,3
db44ff99-d060-4416-aed2-7d02e05313ff,3932.3333333333335,432.3333333333333,194.0,0.0577,79043.0,6584.0,3,3,0
db549034-cb5b-436e-ab5d-5f9ca8c6718f,742.25,78.0,27.0,0.054974999999999996,15407.0,3360.0,4,2,1
db642f74-0943-46c2-bf35-10cc37a029cd,3686.5,422.5,127.5,0.0572,74046.0,9022.0,2,4,0
db690706-9221-4e90-95b4-a0b7f9657bb0,3116.0,268.0,59.0,0.0566,60849.0,1619.0,1,15,3
db70efef-bf8d-480e-b725-641193c4baa1,1671.0,179.0,61.0,0.0574,33311.0,9643.0,1,13,3
db76d37d-70c8-4206-8baa-96a770748830,1928.0,163.83333333333334,133.5,0.057716666666666666,38566.0,8741.0,6,7,3
db77e688-640f-4949-9d2c-7b5242bc69a8,3283.5,374.0,214.5,0.059399999999999994,65199.0,8327.0,2,2,0
db7c0c77-74f2-4fb6-8793-bc5eb5079f91,893.0,90.0,33.0,0.0598,16991.0,916.0,1,12,3
db949713-c9f2-45a0-bc42-629fd5876329,2039.75,232.75,106.75,0.0581,40953.0,810.0,4,0,2
db980787-2f42-496c-9e2c-b1f5ee32b1cb,1165.6,115.0,56.8,0.056679999999999994,23594.0,1854.0,5,1,1
dba16d40-cb2d-40fc-9be8-581b592bf4fa,1383.0,144.66666666666666,46.666666666666664,0.05673333333333333,27753.0,3533.0,3,7,3
dbb6e162-29a9-4680-a1a1-38aceb7a5041,3331.6666666666665,391.6666666666667,135.66666666666666,0.057633333333333335,66937.0,6449.0,3,8,0
dbc3f651-74ec-475e-a7d6-591c4b581c9f,1474.0,170.0,97.75,0.058775,29623.0,7119.0,4,1,1
dbc4ad2d-69a3-4814-b8b8-faceaea385a8,1533.1666666666667,164.83333333333334,79.33333333333333,0.05823333333333333,30522.0,9678.0,6,11,3
dbdd8626-8976-4d65-91dc-937cf9362efb,388.3333333333333,35.0,21.0,0.05499999999999999,8082.0,6163.0,3,4,1
dc290ea5-0668-4899-a90f-17ba07f161fb,1424.0,130.33333333333334,109.0,0.05833333333333333,28517.0,5127.0,3,9,3
dc2a10f5-d084-4bb5-afca-bd768be65f54,616.25,53.25,32.0,0.057625,12174.0,1891.0,4,6,1
dc2c6e77-5763-43c9-b170-dfec3cad36ad,1177.0,104.0,62.0,0.05745,23386.0,8206.0,2,7,1
dc34d0b7-b952-420a-b80d-536077473707,4462.5,528.5,251.5,0.058575,89508.0,5294.0,4,6,0
dc3a6c1f-c069-4812-a4ec-b0741b00fb56,1789.2,187.6,134.0,0.0581,36339.0,4586.0,5,10,3
dc4ab70a-b5c9-4e3c-bffe-bb84cd9241be,3958.0,436.4,280.2,0.05834,80125.0,1147.0,5,4,0
dc5d5632-61b7-4e85-b18a-918c0931dcc3,2934.2,330.6,98.0,0.05746,58542.0,2488.0,5,6,2
dc772fd1-7a33-4ef8-80b1-42671f497d60,3186.6666666666665,293.3333333333333,163.33333333333334,0.057600000000000005,63267.0,6355.0,3,13,3
dc7a593e-65be-4fdd-af0e-e39062d9bc30,4229.0,471.5,109.5,0.05675,84785.0,8252.0,2,10,0
dc848e9b-3bc0-4f9c-9deb-e79cc4279550,2871.3333333333335,208.0,228.66666666666666,0.05806666666666666,56961.0,6669.0,3,15,3
dca51497-48d6-4f16-8ea4-7d999dbda34d,2746.3333333333335,284.0,120.33333333333333,0.056799999999999996,55481.0,3063.0,3,8,2
dcb31d9c-474d-43c0-a52a-e32e58844e2e,7.0,0.25,0.0,0.056825,125.0,4710.0,4,4,1
dcbc641c-b327-4899-87bf-bd45cdd83878,1298.0,115.0,61.0,0.0543,27130.0,1488.0,1,5,1
dcf76128-2d49-4658-be84-ac5ff59c1af1,4404.833333333333,446.3333333333333,243.66666666666666,0.057883333333333335,87996.0,1537.0,6,1,0
dcfaf45f-acc9-49b0-a68b-01d961e4b8a3,1353.5,156.0,45.5,0.057300000000000004,27137.0,4858.0,2,0,1
dd0a2a14-4472-4283-bb5b-6c18ff4c87a0,1506.0,157.0,110.0,0.0577,30709.0,557.0,1,0,1
dd14a394-4527-4598-8c11-6d4ecfb6e0e7,3528.25,467.0,264.75,0.060225,70744.0,7069.0,4,8,0
dd310301-9fe1-43c3-8915-51ed1241c2d7,4161.6,350.6,176.6,0.05612,83560.0,5148.0,5,6,0
dd3990d3-51d4-4ea3-b5a4-1070a8a1dd7b,2173.3333333333335,195.66666666666666,141.33333333333334,0.05836666666666667,43017.0,7957.0,3,7,3
dd3ec1f9-76a0-425e-b66e-724628b388d1,3346.6666666666665,337.6666666666667,137.33333333333334,0.05783333333333333,66076.0,9398.0,3,2,2
dd41237f-60e9-455f-ac19-dcfcece9e517,4752.285714285715,420.2857142857143,313.5,0.057499999999999996,95420.0,3639.0,7,7,0
dd449c6c-6660-4157-862f-2790c334d2a6,3306.0,371.5,147.66666666666666,0.05873333333333333,65128.0,7040.0,6,3,2
dd4ac327-5f46-4902-a902-2e162f832c6a,346.8,30.0,19.6,0.056459999999999996,7024.0,8881.0,5,4,1
dd4c68fe-64d4-4761-8fe4-6cd1d7cd1b06,2717.5714285714284,292.0,162.42857142857142,0.05745714285714286,55216.0,503.0,7,14,3
dd508faa-28a2-431f-a458-d898fd70e79f,1806.0,213.71428571428572,92.28571428571429,0.05858571428571429,36045.0,2303.0,7,9,3
dd54fb09-e33d-4396-892e-06960d5e343d,1774.6,175.2,116.6,0.05782,35733.0,5941.0,5,13,3
dd5f2181-60e1-4bf1-806e-2868d6e8fdbc,3815.0,411.25,171.0,0.05735,76656.0,9482.0,4,1,0
dd73bb50-0ed3-48ae-b491-f4f95cd49f13,1360.25,122.25,84.5,0.05865,26730.0,3840.0,4,3,1
dd8806cc-07bb-4ee7-be8b-d0767ff9d8f0,4107.8,403.2,214.0,0.05774,81823.0,9081.0,5,1,0
dd88154b-25dc-4782-969d-2de08b433456,763.0,83.25,42.25,0.05985,14844.0,2075.0,4,0,1
dd8c954d-73a3-48ec-bb86-9a1e1d2f4ade,395.0,38.333333333333336,17.333333333333332,0.056900000000000006,7917.0,8798.0,3,4,1
dd8ef649-2f3f-4228-85d5-d732d3cb62b8,3525.0,290.0,66.0,0.0549,70644.0,1335.0,1,0,2
dd8f2086-aa4b-4295-ace8-9547ab9817fd,891.2,99.8,38.0,0.058499999999999996,17586.0,8995.0,5,2,1
dd9200f4-51d3-443e-bdfa-8bde17a77774,3678.0,345.5,145.5,0.05635,73999.0,2368.0,2,2,2
dd941891-9b46-4895-aeb2-ed9eabcb28e6,2821.8,290.2,143.8,0.057420000000000006,56706.0,2181.0,5,5,2
dd98bb0d-6714-4e47-9d31-68a69f861dd5,577.0,42.714285714285715,35.857142857142854,0.05598571428571429,11709.0,9419.0,7,2,1
dda3649b-221d-4196-8a8c-804730b87400,146.66666666666666,13.333333333333334,8.0,0.05773333333333333,2910.0,3264.0,3,0,1
ddce51ad-fec1-4836-9a1a-f5e0312a7c89,1944.2222222222222,172.88888888888889,105.11111111111111,0.057166666666666664,38869.0,3092.0,9,0,2
dde1f421-a2c3-4df5-8bab-7a91779f74b6,1724.5,180.33333333333334,86.16666666666667,0.05695,34962.0,8979.0,6,1,1
ddeabdd0-531d-48b6-8ef6-fcecff10f4ff,2405.0,202.66666666666666,183.33333333333334,0.057499999999999996,48522.0,3437.0,3,3,2
ddf7d487-b6c8-4b42-81d1-6b520d6135f1,775.0,60.0,47.0,0.0574,15354.0,1122.0,1,13,3
de00cc58-f031-4df6-baca-99cb825617cd,1058.8333333333333,107.83333333333333,56.5,0.057383333333333335,21311.0,5206.0,6,5,1
de01d725-84b4-4c25-b657-1504a3d0856c,906.8571428571429,96.28571428571429,49.42857142857143,0.058742857142857145,17914.0,4773.0,7,0,1
de07fef4-2455-44c5-9a95-7f441944bf7e,3742.4,471.0,233.4,0.06044000000000001,73588.0,6207.0,5,1,0
de24faa5-3505-4be7-bb19-ed2e9fad434c,552.0,59.833333333333336,24.666666666666668,0.055299999999999995,11513.0,805.0,6,2,1
de5b588b-ba93-4f6c-9e9f-e44ea356a168,2300.5,193.25,127.25,0.057075,45930.0,3702.0,4,15,3
de5b7bd0-456b-4442-aab3-afc369b19912,236.16666666666666,23.833333333333332,12.833333333333334,0.058499999999999996,4664.0,2991.0,6,14,3
de6865d2-ea75-44a0-aacb-f344bfdab44f,3662.6,311.4,206.6,0.057120000000000004,73200.0,1975.0,5,2,2
de740233-7cdb-40a5-924a-cfd826cd0c84,4702.25,580.25,175.25,0.0579,94247.0,7730.0,4,10,0
de7fb02d-2504-4806-a328-8e33f1eb890e,2687.2,274.6,128.2,0.056679999999999994,54511.0,1537.0,5,0,2
de81c6a6-8dcc-4a0c-8dc4-5cd7df44eef2,190.0,20.0,9.5,0.055349999999999996,3966.0,3650.0,2,2,1
de8c53e8-7824-4dbe-bc57-c27c082f4ca2,515.0,37.5,25.0,0.05365,10765.0,7850.0,2,12,3
de97a503-bce9-432b-a739-8ccca39a844e,4999.0,365.0,297.0,0.0568,99663.0,1360.0,1,8,0
dea310e9-2c49-40b6-bee0-d6e9a1f15ff5,4893.5,376.5,269.5,0.0567,97702.0,8149.0,2,14,0
deadf8ee-74d4-47b2-baed-60c47421b8c1,2188.6,260.4,141.0,0.05884,44034.0,2509.0,5,0,2
debcf865-8cb3-45a9-83c1-4528fc77724d,546.5,55.333333333333336,26.333333333333332,0.05703333333333333,11014.0,5837.0,6,9,1
dec3a1b7-71ec-42bf-b409-97abe21b2683,1300.0,133.0,79.5,0.05785,26144.0,7185.0,2,3,1
dedd3cf9-671a-4e7f-9dd2-e33d909bd5bf,2582.25,278.5,165.75,0.058525,51717.0,3872.0,4,4,2
dee009f6-0d10-4521-9217-5d72cd8869c7,4881.0,471.0,118.0,0.0556,98348.0,3429.0,1,5,0
def61022-d48c-4305-8d19-2fe4ad61bf83,3880.0,358.0,238.0,0.0583,76737.0,4032.0,1,4,0
df0052fd-2ac6-4219-aafc-13c06d163723,4371.0,438.0,376.0,0.06,86382.0,464.0,1,13,0
df0525b8-d591-4ea6-8ac8-fcf98efc2041,4709.25,492.75,201.0,0.057050000000000003,94690.0,2278.0,4,1,0
df0f22b7-4ec2-4e56-9e73-ec79278fadf0,4930.666666666667,406.3333333333333,253.66666666666666,0.056666666666666664,98672.0,7528.0,3,0,0
df1d73d9-8abc-41cf-af03-e2c01047ec40,3311.0,220.0,61.0,0.0546,65821.0,5196.0,1,12,3
df472ca6-7e87-43df-9428-35317f9eb1a9,4561.0,456.3333333333333,206.5,0.05798333333333333,90095.0,2223.0,6,2,0
df4be62c-1f7a-4fe4-a814-8a3b5e02742d,4470.0,443.5,352.25,0.05915,89017.0,782.0,4,0,0
df548767-d0b0-47e8-8195-afc43bf616bd,1793.6,173.6,77.4,0.056940000000000004,35908.0,6743.0,5,11,3
df5f6314-413e-4fa4-95a7-f33667b85ddf,2493.5,267.5,88.33333333333333,0.05703333333333333,49973.0,1571.0,6,2,2
df7a50b1-a7c2-458e-be89-036ee1564c11,3251.5,399.5,193.5,0.0608,63197.0,7334.0,2,8,0
df861e14-af9f-449f-b7c5-020191d46064,3273.0,358.3333333333333,212.0,0.05926666666666667,64825.0,6494.0,3,4,0
df8b7878-2503-4281-b101-8d4b2d230700,2955.25,302.25,189.0,0.057999999999999996,59427.0,6738.0,4,2,2
df8b8f33-2429-4497-8cd6-617c0d2acb70,4545.666666666667,521.3333333333334,249.0,0.05896666666666667,90127.0,6985.0,3,2,0
df8ea5ff-39e6-45e2-a6aa-b2874d48cf06,2952.0,310.6,199.4,0.059340000000000004,58339.0,6485.0,5,2,2
df90d94c-ba4c-4210-9fdc-f45ddd101bfe,4207.428571428572,395.14285714285717,228.14285714285714,0.05727142857142857,84359.0,4389.0,7,4,0
dfa3f46b-b951-4fbe-ac86-bd01766837fd,1667.3333333333333,187.66666666666666,107.33333333333333,0.0582,33710.0,6803.0,3,9,3
dfbd4749-b4c3-4d72-930f-3a1c6f4e040d,2444.25,193.0,105.25,0.0553,49608.0,3913.0,4,13,3
dfbd6c91-e6e4-4368-a275-74a50ad7ed01,3811.0,378.0,294.0,0.0596,75167.0,8850.0,1,11,0
dfdee2e3-8c94-4110-8f76-4d0c2279247d,3128.2,285.2,151.0,0.05726,62223.0,4257.0,5,1,2
dfdf2201-9bb9-4a98-9592-3a8450446cb2,4849.5,467.5,205.5,0.0569,97040.0,83.0,2,9,0
dffc3498-7496-4610-bf28-8e71f4d07936,1263.75,163.5,55.75,0.058925,25169.0,3193.0,4,0,1
e0076372-e2af-4bb3-8460-078a10952d80,4431.0,498.5,259.5,0.0584,88798.0,648.0,2,10,0
e0131e5b-c687-4631-96b8-d0cf9a5dc486,4688.5,367.5,128.5,0.0552,93974.0,1816.0,2,3,0
e015073e-4651-4ead-b973-f8bd1d5c8090,4909.333333333333,555.3333333333334,196.83333333333334,0.057433333333333336,98571.0,9868.0,6,6,0
e01ce274-9238-409b-8b8c-f547c00e7258,2832.8571428571427,238.14285714285714,206.0,0.057699999999999994,56794.0,2044.0,7,8,2
e01d92c1-1541-4b28-ac54-7efbd1f1ad84,2396.2,256.2,77.0,0.05664,48199.0,9358.0,5,5,2
e02e5e2c-d897-4ee5-b53d-2b6a7207c822,101.0,7.0,6.666666666666667,0.05458333333333334,2138.0,8739.0,3,9,1
e052d5f4-8256-4b8e-8a13-8dc13136a036,246.85714285714286,25.857142857142858,11.285714285714286,0.057814285714285714,4913.0,9521.0,7,2,1
e054252c-81f1-45c0-953c-2ad1c449095b,2156.3,206.2,80.2,0.05636,43346.0,327.0,10,1,2
e065fa18-b9d2-4779-a283-8d82125322c6,3389.5,300.0,191.16666666666666,0.056883333333333334,68213.0,1774.0,6,10,0
e0669c38-d711-488a-a0b3-5c706fedac6d,1045.75,85.75,47.0,0.056825,20735.0,1362.0,4,2,1
e06f51aa-690d-4226-9387-ad73933a748e,3228.285714285714,347.14285714285717,221.57142857142858,0.05894285714285714,64395.0,2571.0,7,8,0
e0704a18-ddd0-4a7e-9c5c-6dc89ad4e4f2,46.0,3.5,3.0,0.061225,831.0,6225.0,2,9,1
e081db90-9fc1-4e16-98e3-b59dc4021f31,136.33333333333334,12.5,9.5,0.056566666666666675,2815.0,981.0,6,8,1
e084918e-0f26-4c80-bd6a-6932a59960a1,3488.6,286.0,209.2,0.05696,69941.0,3582.0,5,9,0
e0857712-e55e-49c8-b277-a0cb640b0d8b,3643.285714285714,393.7142857142857,207.42857142857142,0.05735714285714285,73980.0,468.0,7,3,0
e092eb4a-72df-45bd-ba35-07d9ca6abec2,4704.166666666667,389.3333333333333,145.83333333333334,0.05566666666666667,94095.0,2395.0,6,6,0
e0a80af2-3963-4074-a504-4fc269e682e3,167.0,18.5,5.5,0.0572,3338.0,8476.0,2,1,1
e0c02192-3611-409e-9d31-35d8296599f4,1885.142857142857,177.28571428571428,93.85714285714286,0.05715714285714286,37721.0,7345.0,7,12,3
e0ce8a5f-7293-4b12-93c9-e7f507f66f78,4902.25,565.0,193.5,0.0584,96911.0,9037.0,4,0,0
e0e9432e-6605-42f1-a271-5358691092e8,4619.0,471.5,254.5,0.057525,92912.0,3933.0,4,2,0
e11ed57c-3890-4d76-b311-214cf83f5dfc,192.0,14.0,18.0,0.0575,3894.0,5112.0,1,6,1
e11ff3c6-e96c-4904-8eb8-1f4622f971bf,1735.1666666666667,207.5,84.66666666666667,0.05843333333333334,34688.0,9816.0,6,4,2
e12730ad-ff4a-4804-a5f1-4a63fd6ee51a,4862.0,397.3333333333333,219.66666666666666,0.057100000000000005,95946.0,6517.0,3,0,0
e138d5c0-4bfe-4829-8e4b-8de06dba357d,2969.0,328.0,133.0,0.0566,60575.0,7610.0,1,5,2
e13bed1a-fd17-4100-be2f-265b72c8771e,1625.7142857142858,161.42857142857142,103.71428571428571,0.058057142857142856,32583.0,5042.0,7,12,3
e15aa0b4-2839-4759-8388-ee3bf25e5116,4984.666666666667,633.0,350.0,0.0598,99780.0,7501.0,3,9,0
e162577f-127c-4d00-bee2-d9a49dec17b9,3542.285714285714,401.42857142857144,224.42857142857142,0.05884285714285714,70823.0,4123.0,7,6,0
e16313b8-6c41-46f5-9c2e-da2c49cb13ac,1459.5,133.0,112.0,0.05875,29019.0,3391.0,2,5,1
e17424d1-84d1-4660-b743-0745e69ab2d5,619.3333333333334,73.33333333333333,48.0,0.05993333333333333,12360.0,5490.0,3,6,1
e1934ebd-12f0-43bc-9c4d-14973804a337,1478.0,152.0,91.0,0.057725,29806.0,1532.0,4,2,1
e19f5987-c6df-4d1e-8dcd-43806e1588e7,2020.5,205.5,149.25,0.05875,40432.0,1192.0,4,1,2
e1a52273-74d2-41d5-8be3-eb6335c9288f,4388.0,345.4,241.4,0.05678,87625.0,6826.0,5,14,0
e1deff8e-f666-4790-ba64-bfceed2f1b4b,1233.6666666666667,115.33333333333333,86.0,0.0577,24861.0,1444.0,3,2,1
e1fa33af-44ff-42f4-81e5-50b13e0256c3,147.0,14.75,8.25,0.06242500000000001,2659.0,7909.0,4,5,1
e2500543-9bb8-4586-9992-49f618af2d1a,4012.0,266.5,310.0,0.05735,79991.0,2582.0,2,0,0
e252bc0e-108d-4b57-9825-3ab7c6d158d4,4582.333333333333,333.3333333333333,268.3333333333333,0.056633333333333334,91507.0,891.0,3,6,0
e25746ee-e6be-45ba-a8e9-b83f945de91b,1906.0,158.0,84.0,0.0548,39207.0,8970.0,1,10,3
e258181a-952f-4c9d-8351-060f7ebf064f,2468.0,285.0,123.5,0.0589,48817.0,1786.0,2,0,2
e25b8229-15a7-4e36-91c8-55fcb8798f10,3887.0,350.0,181.4,0.05666,77957.0,9604.0,5,5,0
e25ced4d-7113-4418-b2d2-656a6676713b,1481.5,135.33333333333334,62.333333333333336,0.05653333333333333,29707.0,164.0,6,1,1
e25d72de-6682-4c58-bc17-fd7bebc94f73,4853.0,672.6666666666666,270.0,0.05936666666666666,97645.0,5478.0,3,3,0
e262f25a-6b19-437c-a27c-c8861d299922,338.0,18.0,6.0,0.0536,6758.0,6989.0,1,4,1
e267d877-aeea-40e8-a8db-b1462ef992bb,2587.7,214.7,85.6,0.05553,52015.0,9205.0,10,4,2
e2792b29-8083-473a-879f-55bc7666d132,3938.5,512.0,136.5,0.0576,79655.0,7250.0,2,1,0
e27ceedc-6799-4ef0-8a94-7a91663570f9,1694.0,189.16666666666666,109.33333333333333,0.05801666666666667,34342.0,7994.0,6,2,2
e28492c2-734c-490b-8fe6-b19d8d57558b,1532.0,213.0,134.0,0.0631,29758.0,295.0,1,8,3
e2937590-9913-4076-92af-e56c8867be94,3087.0,264.0,158.83333333333334,0.05745,61094.0,6039.0,6,13,3
e2992619-43f7-47fb-bf15-5b076dee5c9f,4687.0,378.2,236.4,0.05608,94498.0,9420.0,5,0,0
e2ca5798-9265-4092-838b-f6c27cd7d285,4786.5,408.5,203.0,0.0566,95399.0,6833.0,2,5,0
e2e9a4cd-c9f4-4ccd-9b92-ecb0dab6d4e5,1702.6666666666667,199.0,101.0,0.059533333333333334,33640.0,7533.0,3,10,3
e2ec63dd-9ef9-4d30-8e73-6cbfbbc7bce9,2627.0,282.8333333333333,173.5,0.059283333333333334,52028.0,1399.0,6,5,2
e2fddefd-8d80-4a2d-a70e-c66dd7520009,437.875,43.0,30.875,0.058124999999999996,8804.0,3491.0,8,0,1
e3077ee3-80e0-47e6-8790-d8e65c7cb9e4,988.3333333333334,110.66666666666667,54.0,0.05733333333333334,20107.0,1304.0,3,5,1
e318e016-7663-483e-9846-b06e62ed1ebf,839.3333333333334,89.0,44.666666666666664,0.0573,16980.0,2057.0,3,0,1
e31b3e2e-d52e-4378-9e61-373ca49b565a,510.0,73.0,42.0,0.0627,9965.0,8308.0,1,4,1
e321a46a-325d-4658-9e09-f6038bfcd528,163.5,13.5,8.5,0.058249999999999996,3184.0,2978.0,4,1,1
e33e4903-c827-4e6e-977d-3c68fbdaccdd,1775.0,138.0,24.0,0.055,35223.0,2577.0,1,10,3
e33f7c94-a86d-4fcd-8af7-c2d7c5080813,2077.6666666666665,207.0,167.33333333333334,0.058166666666666665,42156.0,9961.0,3,2,2
e357d91c-d967-4f93-9356-2007e93cd6af,4448.142857142857,424.57142857142856,347.85714285714283,0.058685714285714285,88969.0,658.0,7,5,0
e35fefb8-b8fc-426a-8bea-8228da6ec9ea,1326.1666666666667,129.16666666666666,81.66666666666667,0.057333333333333326,26802.0,5662.0,6,5,1
e3630483-1b77-4c3e-8547-647df083bef0,1505.3333333333333,160.83333333333334,81.0,0.05909999999999999,29568.0,4078.0,6,1,1
e36e65e0-dfbc-48c6-a1ea-0afa84296073,1313.0,128.8,70.0,0.058699999999999995,25752.0,8871.0,5,2,1
e370abbc-c7b6-4c94-92b7-667151154732,1284.5,138.75,46.75,0.057475,25580.0,225.0,4,2,1
e37ac619-fbf1-4778-9e3a-e1c7738eac64,2811.6666666666665,244.0,175.0,0.05826666666666667,55428.0,3018.0,3,2,2
e37bac0e-1cf4-4ed6-918a-a5757559eaf0,4123.0,414.6666666666667,266.3333333333333,0.05883333333333333,81634.0,4024.0,3,6,0
e38af1ca-3f1f-4923-bbc0-fcc5743a2dd1,4048.4,479.8,185.8,0.05872000000000001,80301.0,835.0,5,11,0
e38cefe9-3a39-4408-9a0b-f1da97da49c5,341.4,39.8,21.6,0.05820000000000001,6922.0,9065.0,5,0,1
e398962b-4a0d-4af0-a0b7-085d9fe9214a,4408.666666666667,463.0,233.33333333333334,0.05833333333333333,87493.0,3932.0,3,3,0
e3a74f32-d634-4137-a60d-d500a5a7e992,2704.5,200.0,187.0,0.057999999999999996,53323.0,6368.0,2,1,2
e3ac0658-98fd-4979-bf54-22f9bb19d646,90.0,5.0,3.5,0.050649999999999994,2251.0,968.0,2,6,1
e3ba7091-0a3a-440f-bad8-0f7c60185d8b,2654.0,341.3333333333333,162.0,0.05823333333333333,54216.0,7365.0,3,1,2
e3bf38af-6fb0-4afe-9577-4816b7376957,956.0,142.0,40.0,0.0575,19789.0,4990.0,1,3,1
e3c609a1-0e45-4479-b861-b5a29caed552,1720.4,185.4,98.6,0.058519999999999996,34253.0,6479.0,5,4,2
e3c74282-1987-4cc6-9811-0c98f4df977d,727.0,59.25,38.25,0.056475,14605.0,709.0,4,0,1
e3e30121-1969-49a3-bcad-61fa66b12696,2923.5,273.875,168.375,0.0569125,59126.0,8860.0,8,12,3
e3e3431b-c91a-4dad-8b73-07433aabfd2e,3626.3333333333335,411.0,160.33333333333334,0.058133333333333335,72208.0,5956.0,3,4,0
e3edd0a1-af4e-47bc-a8ac-e5ea83198afc,918.6666666666666,96.0,51.0,0.057666666666666665,18485.0,6780.0,3,2,1
e3fa476c-9abf-48d7-9b8a-33432a2e54b1,4171.0,372.0,317.75,0.058374999999999996,83238.0,1133.0,4,1,0
e3fd1a08-b0ed-4eff-83ec-380609f98bc9,4002.0,460.0,324.0,0.0612,78261.0,2160.0,1,13,0
e40caf1b-be7a-4c0b-9eec-4877bbae6723,3660.6666666666665,248.66666666666666,200.0,0.055400000000000005,74226.0,1793.0,3,1,2
e41abb69-86eb-4253-bffc-1e9d3e107134,3729.0,387.0,204.75,0.057124999999999995,75650.0,1090.0,4,11,0
e4284bfb-1710-4650-a6be-3b68139947bf,2080.0,281.0,185.0,0.0588,43289.0,2529.0,1,10,3
e42c3ae1-7029-4ab4-b53c-7b9b917ed0c8,351.6666666666667,30.0,13.333333333333334,0.05553333333333333,7112.0,1512.0,3,5,1
e42d3ccf-63d9-4f94-b626-bae056c3d03a,3851.777777777778,336.8888888888889,179.33333333333334,0.056177777777777785,77758.0,1119.0,9,2,2
e430d6b1-7c59-48b8-b4ad-7b07cf122989,4406.0,478.0,246.78571428571428,0.05802857142857143,88417.0,1713.0,7,0,0
e432a0f2-5234-4ece-8584-fb67f940c68a,3630.0,354.8,214.2,0.05774,72732.0,3014.0,5,1,0
e439b6c5-05fb-4767-871d-de2a1c0026b2,3146.0,321.0,114.4,0.05674,63120.0,4849.0,5,10,2
e43a383a-5a8f-4e8a-a3e9-dcd3332af15c,3218.75,214.5,208.75,0.056575,64382.0,970.0,4,9,2
e43eb4ce-14c7-4163-a321-c8c2685659b9,794.6,76.0,64.2,0.058679999999999996,15930.0,9802.0,5,0,1
e4596f87-5116-4ec0-bd32-99fdf5433bcd,3962.0,462.0,173.0,0.05885,78118.0,662.0,2,1,0
e45a4bfb-119a-4379-806e-6d98f7576ddf,4813.0,497.6666666666667,101.33333333333333,0.05573333333333333,97075.0,319.0,3,0,0
e4630459-76b8-4dd2-a778-e81bdfce3307,1989.4,154.2,126.6,0.05728,39646.0,7570.0,5,0,2
e4653ab6-4d6f-4c62-a647-139a15dc4a74,787.3333333333334,54.666666666666664,51.666666666666664,0.05823333333333333,15338.0,1465.0,3,0,1
e4689bf2-131c-4f69-9f90-ef7846f119fd,4918.0,558.0,230.33333333333334,0.05726666666666667,99671.0,2722.0,3,4,0
e46a1030-aa5f-4388-93b8-4b6989035ef0,3629.75,283.25,156.0,0.0558,72929.0,4790.0,4,1,2
e47339f0-63a4-4780-b60a-43f1abf0be9e,3308.0,278.0,233.0,0.056650000000000006,67371.0,7455.0,2,0,2
e479ae0c-324c-4d5b-8ead-0580f4f55ab1,2461.5,310.0,127.5,0.05885,49285.0,7437.0,2,0,2
e47cfd0b-7bf0-4014-931e-6437c073f13f,3971.3333333333335,336.3333333333333,197.66666666666666,0.055999999999999994,80436.0,2948.0,3,2,0
e481917d-6890-41ec-a2bd-7e2eb7a9a0a1,1394.0,133.5,80.25,0.05785,27786.0,1571.0,4,6,1
e4833b50-3eb4-4c53-be2f-39d743302287,4368.0,468.0,361.0,0.0597,86984.0,3497.0,1,12,0
e4a6b937-0aa1-4136-b4c4-ff747ebe98ca,159.0,20.0,4.0,0.0634,2888.0,9107.0,1,14,3
e4af039b-1988-47b8-8445-94ec29de66b7,943.6666666666666,96.83333333333333,57.333333333333336,0.05783333333333333,18983.0,3567.0,6,0,1
e4b4bd54-06d1-4819-955d-70fdf034a022,4150.0,347.25,275.5,0.057275,83303.0,1734.0,4,0,0
e4bff54d-9506-4e0b-896e-a6517b2a5484,2648.25,256.0,114.25,0.0579,52137.0,1752.0,4,2,2
e4ccd512-3ede-4d07-ac63-b73e9eda4237,1877.5,216.16666666666666,95.0,0.05856666666666666,37379.0,8350.0,6,8,3
e4d48807-1248-4174-a62e-c008f266e7a3,1888.0,221.16666666666666,102.16666666666667,0.0579,38197.0,9391.0,6,14,3
e4e2ede5-fce0-454a-8c89-68ed6c87dcdb,601.6,52.8,36.0,0.05598000000000001,12334.0,4152.0,5,0,1
e4ee813c-7f08-44d6-a0fa-b259ee010d11,2747.1428571428573,284.7142857142857,172.28571428571428,0.058428571428571434,54853.0,4190.0,7,14,3
e4fe9681-cc58-4bd6-b60a-1a4bb35ddfcf,1379.0,186.0,97.0,0.0586,28357.0,8337.0,2,5,1
e5009c04-4728-47df-878e-94fc1f4cf9bc,3358.75,298.75,141.5,0.057075,66548.0,7027.0,4,0,2
e508fb27-df07-4844-925e-e40a78c0f59c,1755.5,181.5,120.0,0.05955,34542.0,7826.0,2,3,2
e51c9762-9e06-48ec-9f3a-f0f196bd1ddd,887.2,93.4,50.0,0.05722000000000001,18018.0,9692.0,5,2,1
e523acce-10a6-4918-9ea4-258b04cdf877,2818.2,343.6,128.6,0.05886,55899.0,8858.0,5,8,2
e527588b-e956-4616-9bf3-f28969a462ea,3526.0,378.5,249.5,0.05925,70068.0,663.0,4,9,0
e52f5436-146f-4ae3-8975-cb6354914de8,2080.25,269.75,96.75,0.0584,41900.0,782.0,4,2,2
e5332de4-9e00-4a8d-88cb-4d3e0d146e1c,3306.2,343.4,243.4,0.058620000000000005,66415.0,6241.0,5,0,0
e53c3813-1113-4cbc-8894-18cffa308460,425.6666666666667,49.166666666666664,21.166666666666668,0.05911666666666667,8388.0,795.0,6,0,1
e554af1c-5acf-4feb-87d0-f0249feaf153,2753.75,261.75,193.75,0.059475,53952.0,1864.0,4,3,2
e5582111-72b9-4cc3-8608-44980748b919,3113.5,261.0,108.33333333333333,0.05648333333333333,61661.0,719.0,6,2,2
e58641ba-a58c-4861-aa3b-7d339bc576bf,2596.5,308.75,112.5,0.057300000000000004,52640.0,3440.0,4,2,2
e5a4fa3f-17b3-412b-b531-b3d1c95b6a57,1289.6666666666667,121.33333333333333,38.333333333333336,0.05486666666666667,26418.0,2960.0,3,2,1
e5c251d4-fafd-4f92-aca0-ef73a2247d43,4779.777777777777,450.22222222222223,282.44444444444446,0.05793333333333333,95156.0,9911.0,9,11,0
e5e4b464-c3e8-4ccc-9a12-971fefd703ca,1346.0,134.5,34.5,0.05455,27757.0,6414.0,2,0,1
e5edfd85-2fc3-400d-a6d7-7c635c35cbd9,2652.75,223.25,138.25,0.057575,52344.0,5923.0,4,3,2
e5f9e99c-f9a2-4aab-963f-b68fbc47be05,2023.0,165.0,92.0,0.055940000000000004,40768.0,3680.0,5,3,2
e5fad5d4-30a7-4bee-96ad-f35cd9fbb4d2,1745.6666666666667,174.33333333333334,131.0,0.0584,35103.0,4769.0,3,5,2
e606eaea-761a-4c9a-930e-15693153bd2d,4189.0,376.3333333333333,282.6666666666667,0.0573,84642.0,8748.0,6,11,0
e60940cf-8cdf-4c4e-8916-763032053bbd,574.125,58.375,24.375,0.057624999999999996,11396.0,6047.0,8,8,1
e60d72fa-4858-4a88-8a58-e59122421da1,2988.3333333333335,358.6666666666667,193.33333333333334,0.05856666666666666,60459.0,3881.0,3,4,2
e60f8d77-ae8e-456a-94eb-db6e04b00f1d,1862.5,189.0,106.5,0.057050000000000003,37821.0,8949.0,4,5,2
e623b662-5de8-4416-9a74-37d60976fa91,4300.666666666667,510.6666666666667,324.0,0.059133333333333336,86803.0,2498.0,3,1,0
e6437114-d0a1-4701-847f-bfd36c5590a5,2571.0,259.0,166.2,0.05811999999999999,51551.0,5750.0,5,0,2
e64ade81-603b-4555-9cdb-b5584b1bf886,2026.0,126.0,129.0,0.0559,40779.0,1659.0,1,2,2
e652cfb7-81a5-4a54-af70-5e1aafd471e2,2020.8,191.8,84.4,0.056479999999999995,40677.0,5431.0,5,6,2
e66eb9bd-65cc-4d9c-8e48-de7877638d81,4588.666666666667,336.0,401.1666666666667,0.05783333333333333,92132.0,7272.0,3,1,0
e670598a-a28b-48eb-9b7c-dc2a10f6f87d,2365.25,224.33333333333334,116.41666666666667,0.05724166666666666,47274.0,3312.0,12,1,2
e687d21b-cf6e-4a09-8a05-11da852834d7,625.0,68.0,27.0,0.0598,12039.0,9884.0,1,1,1
e6935516-b2c9-443f-b321-e386fceed225,2722.75,278.0,126.0,0.056825,55029.0,188.0,4,0,2
e693d971-6f40-4ffc-925a-a080f5388caa,469.3333333333333,49.25,28.416666666666668,0.057791666666666665,9465.0,366.0,12,9,3
e69e42e6-ac11-461f-819a-2bea4ba6ad59,1466.4444444444443,128.66666666666666,91.33333333333333,0.057300000000000004,29438.0,5590.0,9,3,1
e6a2c240-9d40-4ffc-b6eb-17612a6ba17e,2517.6666666666665,303.3333333333333,97.33333333333333,0.0579,50396.0,4388.0,3,2,2
e6a44763-f200-4d4d-b679-dbf1d898fa97,3641.0,311.6,198.8,0.056620000000000004,73307.0,3797.0,5,2,2
e6a75858-44ee-45c3-a286-12c0a61daa5a,4257.0,342.3333333333333,296.3333333333333,0.057633333333333335,84974.0,1587.0,3,6,0
e6c479eb-2ae0-40af-a01e-2b418e7dbead,4002.75,433.0,237.75,0.058725,79603.0,7220.0,4,1,0
e6cf8afa-b7b4-444c-be0b-91c894e21d64,1486.0,124.0,54.6,0.05664,29384.0,9611.0,5,12,3
e6e6463d-8127-459b-b0ea-794ceffe4237,1067.6666666666667,115.66666666666667,50.333333333333336,0.05806666666666666,21246.0,9797.0,3,1,1
e6f30716-39f5-41cf-8877-23b123ab2c13,2143.5,226.5,152.0,0.057749999999999996,43659.0,8790.0,2,5,2
e6fadfcc-f6d5-4c30-9217-735d666a9fbc,2290.0,282.0,164.0,0.05973333333333333,45820.0,5320.0,3,2,2
e70a4a1e-8f12-4a4a-b511-c87d38188e2d,2562.4285714285716,261.85714285714283,152.57142857142858,0.057800000000000004,51502.0,8157.0,7,13,3
e714e416-43d0-424e-af84-a0df6e137df5,3745.6,375.8,133.6,0.05726,74299.0,4959.0,5,1,2
e71f47f7-eddd-4bbc-aa84-addf3caa7312,3804.0,442.0,250.28571428571428,0.05885714285714285,76389.0,3624.0,7,10,0
e72aaf26-6774-4f5c-b254-b63c3d8fa07a,4873.333333333333,370.6666666666667,188.33333333333334,0.056600000000000004,95963.0,1382.0,3,3,0
e72fff9e-c4cb-4da1-b4ca-8ae2f9f84d45,1669.0,201.0,63.0,0.0587,32937.0,4989.0,1,9,3
e733aa2e-b87f-4263-a34b-f3a1e93be219,540.1428571428571,55.857142857142854,36.714285714285715,0.05745714285714286,11009.0,8851.0,7,1,1
e7414848-200d-46a5-b9e1-8510cc7a0bef,346.0,26.75,16.5,0.056,6949.0,562.0,4,6,1
e7581fd9-8df3-4b88-a18d-f006616de846,4008.0,282.5,172.5,0.055099999999999996,80963.0,4710.0,2,9,0
e758340d-c030-4878-863d-5eab342da86b,3441.6666666666665,341.0,238.0,0.058666666666666666,68490.0,3671.0,3,7,0
e759b211-118d-4c06-a5ef-4bcb6fcb21ce,2155.3333333333335,174.0,106.66666666666667,0.0557,43736.0,1616.0,3,7,3
e759f408-dbb1-4cba-9dee-dc88e3799223,2732.8333333333335,249.83333333333334,166.83333333333334,0.05725,55019.0,4096.0,6,8,2
e770dd1f-eefa-4bef-9fcc-60681273796a,774.5,106.0,44.0,0.06125,15099.0,9865.0,2,5,1
e7755a1b-9d6c-474b-88f3-21b2855c746e,2513.75,273.75,139.25,0.05845,50087.0,4253.0,4,0,2
e7884f94-3589-4459-a26e-f53708fefc18,363.5,38.0,20.833333333333332,0.05840833333333334,7222.0,3591.0,6,9,1
e78adcdb-47c6-4f90-8517-2f6ddd36ed7f,3611.0,370.0,277.0,0.058,73451.0,3434.0,1,0,0
e7b83596-812f-45f1-93c5-cdea4b137732,4476.5,483.0,272.25,0.058800000000000005,88957.0,9991.0,4,7,0
e7b98bc7-494f-4483-b9cc-4524c04eec32,4464.833333333333,439.6666666666667,225.16666666666666,0.05706666666666666,89891.0,2726.0,6,3,0
e7b9daae-1d7a-4399-af77-5d340f0fec6f,363.0,34.25,19.0,0.056793750000000004,7349.0,2342.0,8,8,1
e7ba25b2-b41e-460d-b3ad-19f162aae472,505.75,41.5,29.5,0.056625,10182.0,4090.0,4,9,1
e7bddc05-6eeb-4e5f-a034-0cfab98db2ce,4080.6666666666665,338.3333333333333,201.33333333333334,0.056433333333333335,81893.0,6499.0,6,1,0
e7bfb0d0-d79f-479e-8a82-2b062ab4c4af,772.0,59.5,40.75,0.0548375,15957.0,8801.0,4,1,1
e7d27ac1-5a6a-4de4-aeb2-6eb4370a0cc2,1191.0,126.6,39.0,0.05738,23644.0,5620.0,5,4,1
e7f585c8-e034-4994-826d-b5533a683648,3257.25,305.0,157.25,0.0568,65469.0,2534.0,4,8,2
e8031a25-207e-4f30-a6db-5f6499e546ad,466.75,37.25,15.5,0.055525,9353.0,6943.0,4,3,1
e806e51f-a559-45f9-b9ad-27bd08cdc6a9,4806.75,581.25,312.5,0.058925,96738.0,7526.0,4,3,0
e80e82fd-ee8c-4d25-9ff2-e28331a4f597,4415.333333333333,319.5,272.8333333333333,0.0572,87564.0,5835.0,6,3,0
e8206a7e-c2fd-48a6-b54b-98c3db4cd01c,4940.4,563.1,251.0,0.05778,99590.0,4181.0,5,0,0
e8447396-75e1-4171-af15-c5895d8d1722,203.5,21.0,6.0,0.0579,3983.0,7431.0,2,10,1
e87e2eae-4d7e-447d-9268-674a981adf10,2152.0,205.0,101.83333333333333,0.05695,43178.0,4445.0,6,6,2
e8aef92d-edbf-4953-a87f-a7deb64e4e03,1614.0,139.33333333333334,100.66666666666667,0.057466666666666666,32263.0,1590.0,3,7,3
e8b4088d-b000-4a7c-bacf-62dfb98375c7,1228.5,120.375,84.25,0.0578,24788.0,3987.0,8,15,3
e8bcc4f4-c2c0-468c-9e7c-450897f6a9cc,3403.0,330.75,184.5,0.05715,68568.0,1469.0,4,13,0
e8c4b342-4e07-453c-b50c-dd26d9158b23,1179.3333333333333,81.66666666666667,32.666666666666664,0.0545,23751.0,5772.0,3,3,1
e8f6b4da-5ff4-4717-8958-887383634859,3703.4,392.6,245.2,0.0591,73446.0,6496.0,5,2,0
e93071d6-bdf2-4fdd-9f14-a481c981ef78,4662.4,324.6,226.2,0.05524,94388.0,6821.0,5,10,0
e9367d71-b967-4691-ad18-35f38b2cf0f9,1494.0,129.4,94.0,0.05728,29978.0,4619.0,5,14,3
e93fe94e-0994-4d07-9ed0-5f94b34b2025,3487.5,267.75,256.25,0.057575,69665.0,3683.0,4,3,0
e945987a-4273-4857-ad59-cebde6989d99,2595.0,259.2,162.2,0.05734,52609.0,3270.0,5,0,2
e945c5b2-a356-407f-872d-132ee25653f0,3921.5,226.5,134.5,0.0539,79411.0,3061.0,2,6,2
e94debf4-0c01-4823-99d2-580577510ed3,3486.2,429.6,182.4,0.05836,70216.0,1169.0,5,7,0
e94e5baf-6fbd-4323-83b5-f4ebd4f9b78d,49.6,4.2,1.2,0.05747,997.0,8631.0,5,10,1
e99f7e69-85a5-43f3-9ce1-e0923579031b,3018.3333333333335,280.6666666666667,227.66666666666666,0.05943333333333334,59351.0,2812.0,3,0,2
e9b4d67c-572e-4bc4-8709-dade5f9bb79d,2832.6666666666665,254.33333333333334,172.33333333333334,0.057666666666666665,56514.0,7424.0,3,2,2
e9b99a91-962e-4ee2-8930-464b65b4f1ba,2204.3333333333335,172.66666666666666,156.33333333333334,0.05726666666666667,44223.0,4452.0,3,5,2
e9c0b0d8-728d-42a2-9382-cb47aae07b5e,2596.0,209.0,245.0,0.0583,52327.0,1187.0,1,3,2
e9c65982-3b63-4f51-89c3-979ef577021d,1839.4,177.4,107.4,0.05718000000000001,37151.0,1821.0,5,14,3
e9d85fd1-f582-4258-b212-78c27d53ad3c,1097.0,110.0,76.5,0.0594,21616.0,4062.0,2,8,3
e9e2557b-fd3f-46e6-aceb-6292f5dba5cb,3031.4,369.6,124.8,0.057800000000000004,60989.0,4132.0,5,0,2
e9f2842a-0a7e-4c1f-8837-cf306dc34378,2972.5,272.0,206.25,0.058,59488.0,2168.0,4,0,2
e9f9d485-3d69-41de-aabc-198a75cc0c3c,4184.5,480.75,144.25,0.0575,83663.0,9263.0,4,3,0
ea005e42-d900-4194-a579-72be70e8ec44,1801.3333333333333,211.66666666666666,102.0,0.059666666666666666,35438.0,8397.0,3,9,3
ea011bad-7a55-4d22-9621-64c2f7e44b77,4486.0,444.0,269.5,0.05695,91297.0,6234.0,2,2,0
ea02f672-bee2-4ce1-9f24-61f42d080f79,2582.5,283.5,98.0,0.05745,51600.0,7112.0,2,2,2
ea10ecab-c3ad-4d29-bf08-1c950169eb61,4474.125,449.375,247.0625,0.05695,90780.0,8785.0,8,3,0
ea305c3f-cd8e-40b6-bb6b-8926f59321fb,759.5,59.0,19.5,0.053675,15612.0,760.0,4,3,1
ea3788ab-fbfe-4794-942f-dead5fce2f62,2992.6,347.0,188.2,0.05908,59696.0,3645.0,5,0,2
ea492a88-9ff6-40ea-b7ce-d983a3e28c0c,994.0,90.5,25.5,0.05645,19670.0,7400.0,2,1,1
ea60b8e1-5e16-4421-ab97-84875981ecba,4553.0,326.3333333333333,121.0,0.054733333333333335,91355.0,1802.0,3,2,2
ea657c9a-2310-44f0-a8af-6482d8253865,4645.333333333333,409.5,243.83333333333334,0.05665,93529.0,8996.0,6,4,0
ea6cabc7-93e8-417d-8450-4a5442d47a1a,1257.6666666666667,120.33333333333333,65.66666666666667,0.057433333333333336,25142.0,6708.0,3,3,1
ea6ceaaf-6315-484c-82ba-0dd5afd1fc9e,2672.4285714285716,226.57142857142858,120.85714285714286,0.05657142857142857,53390.0,6413.0,7,0,2
ea6ff3f1-f1bb-40a4-8e7d-a28cad323e55,2788.5,306.75,148.5,0.058075,55871.0,5469.0,4,6,2
ea790c99-d144-4486-96c3-8c68b1140138,2280.0,198.0,91.66666666666667,0.056833333333333326,45221.0,1530.0,3,5,2
ea7bcdcd-e575-48ca-9d98-52f1ccda5a40,3585.25,371.75,162.0,0.05795,71055.0,9689.0,4,0,2
ea924adf-1d83-466e-a005-e1fe33546e11,909.6666666666666,88.33333333333333,41.333333333333336,0.056600000000000004,18358.0,4586.0,3,3,1
ea93517d-5687-40db-9706-ad4dad282860,3105.1666666666665,340.5,235.16666666666666,0.05908333333333333,62305.0,8740.0,6,12,0
eaa2c53e-08c2-4357-83e9-98b8de9d017b,1040.0,125.5,72.0,0.06125,20209.0,9783.0,2,11,3
eabd8663-ee37-4795-b4aa-c3667c1ba704,3486.5,310.5,240.0,0.0572,70571.0,4596.0,2,2,0
eac60106-91db-4de4-af6a-9dfbfd16c761,4593.0,322.0,76.0,0.0551,90566.0,7898.0,1,1,2
eadb8bda-984e-4e83-9a44-2fbe804ba328,4199.0,442.5,229.5,0.057925,84058.0,5645.0,4,6,0
eae3275d-e681-42da-abed-585d335e6868,3083.0,395.0,147.5,0.0587,61736.0,7703.0,2,1,2
eae8da21-c146-4224-9da3-0b0665dcb7ab,3859.5714285714284,361.14285714285717,230.57142857142858,0.05754285714285714,77364.0,6400.0,7,14,0
eaf5ecb7-8ddb-4612-87f7-d535b9fbf49d,1096.0,107.5,65.0,0.055875,22699.0,8920.0,4,12,3
eb0d85a6-2bc1-4cee-884d-129a84e09fe1,3458.3333333333335,376.22222222222223,150.44444444444446,0.05775555555555556,69003.0,9469.0,9,7,0
eb17fbbd-742e-4943-9437-5d44beb1c60a,2517.0,263.3333333333333,111.0,0.05686666666666667,50860.0,6093.0,3,8,2
eb279590-4d13-45aa-8dc3-37d207f3b3c8,1984.0,230.0,105.5,0.0604,38404.0,6554.0,2,3,2
eb434286-0969-4738-800e-bdbd2922ea63,3938.0,395.25,255.75,0.057575,79709.0,8627.0,4,5,0
eb5d0955-94f0-4584-a01c-0170bb164209,817.0,87.66666666666667,44.0,0.05976666666666667,15869.0,6714.0,3,1,1
eb627951-47ec-4289-b729-0ca5c771512c,1335.2,171.2,69.2,0.05689999999999999,27705.0,2727.0,5,3,1
eb63ef0a-474d-4fec-a7df-5153644876f2,4213.5,553.0,216.0,0.059399999999999994,83902.0,7237.0,2,1,0
eb6acca5-f49e-4583-a750-b5c3a29d6377,96.0,7.0,6.0,0.06302500000000001,1710.0,9763.0,2,3,1
eb863737-73cc-4e7e-987b-aa0be65f6fd1,4324.25,438.5,216.125,0.0575375,86512.0,3894.0,8,10,0
eb880592-8d5b-4c59-a846-4fb7b61ae707,3126.3333333333335,313.8333333333333,191.16666666666666,0.05805,62547.0,9885.0,6,1,2
eb904bed-7bdf-44d6-9643-37c8182c8b4a,3555.5,244.5,225.0,0.056749999999999995,70949.0,725.0,4,5,2
eb947170-2bcc-4d73-979a-7523691dd09c,2262.4,179.4,115.8,0.05626,45464.0,9324.0,5,7,2
eb9841b2-dd27-409f-8f5f-5480cfa9d8b6,1324.0,101.75,42.75,0.0547,26850.0,5971.0,4,2,1
eb9bde08-0757-4ff9-a790-3c363eb3baf5,3311.6666666666665,191.33333333333334,249.33333333333334,0.056433333333333335,66502.0,8957.0,3,6,2
eba4b7f6-ca7a-4c94-a9d0-672c01a23f5b,1841.0,205.0,90.5,0.059,36213.0,8331.0,2,6,3
ebabc465-697e-4091-9a4a-194fbc6d195d,1373.25,115.25,65.5,0.05715,27200.0,9569.0,4,0,1
ebb7d0bb-eaa8-4a10-9d83-525d2912b0b1,3188.6666666666665,233.66666666666666,254.33333333333334,0.05723333333333334,64231.0,3189.0,3,6,2
ebb8aeb8-8e48-444b-9f72-bb91cf52f43a,1775.5,177.75,81.75,0.05695,35729.0,7885.0,4,15,3
ebc8e527-dcf9-429b-824a-37d5d1f8d04a,4872.5,477.0,139.0,0.05625,97607.0,2676.0,2,3,0
ebd57ac8-f724-43b2-8547-0f3bdc7e0f1f,2355.2,242.8,123.4,0.05789999999999999,46990.0,3503.0,5,1,2
ebf4e3e2-c29b-44f7-9f37-f3a18eeba7d9,3177.0,301.6666666666667,127.33333333333333,0.056466666666666665,63848.0,5870.0,3,12,3
ec0046ce-82fe-4e19-aeea-2b7c6b5daa28,4807.333333333333,416.6666666666667,316.3333333333333,0.05806666666666666,95411.0,409.0,3,4,0
ec1337f4-f24d-4186-8c6a-a72d72d0528e,3328.0,272.8888888888889,203.88888888888889,0.05763333333333333,66021.0,1800.0,9,0,2
ec152977-afeb-47a0-94e3-2012d2faa0b3,317.25,29.25,18.75,0.0565875,6489.0,3971.0,4,1,1
ec1bbc8c-2283-464a-9599-24fecf4d318e,2495.2,274.4,170.2,0.057640000000000004,51033.0,4280.0,5,1,2
ec32e000-d517-4473-8796-643ad7968dba,3706.0,281.0,355.0,0.0579,74983.0,6960.0,1,13,0
ec3f3a84-e3da-40a9-bfdb-ad6e57a60f1b,3082.1666666666665,332.0,142.33333333333334,0.05876666666666666,60518.0,3991.0,6,0,2
ec4a76cb-a1b6-4d8e-9005-4c262781fe94,822.0,97.0,48.25,0.0598625,15989.0,1773.0,4,13,3
ec503657-43fc-40f1-959a-f70edf8829fe,2811.5,291.75,137.0,0.058175000000000004,55711.0,3609.0,4,1,2
ec645e8f-14c2-417d-95bb-213a9bd1c433,1106.5,120.5,45.5,0.056775,22423.0,2342.0,4,1,1
ec692840-d07b-4d9b-9404-385386c78e2b,1463.6666666666667,174.0,52.333333333333336,0.0578,29244.0,2382.0,3,4,1
ec70aebe-2d98-4b98-969a-5c5ea2245973,1517.875,161.375,97.75,0.0581875,30532.0,477.0,8,0,1
ec802525-4fb9-4cbf-9ba5-a08bc30b01bd,2729.6666666666665,343.3333333333333,155.66666666666666,0.05963333333333334,54128.0,5023.0,3,3,2
ec8f8540-5a1a-4df1-8355-4125eb90f2ed,4859.5,377.0,311.75,0.05635,98575.0,6181.0,2,5,0
ec919873-8919-4294-ac72-54aa89c8a45e,60.5,5.5,2.5,0.060175000000000006,1113.0,2928.0,2,2,1
ec9dded8-4724-4f3c-922c-933e1c55b1ea,4472.5,450.0,300.0,0.0576,90673.0,640.0,2,4,0
ec9e8d41-0fe3-4b9e-8093-ff85059423fc,4290.333333333333,313.6666666666667,134.33333333333334,0.05483333333333334,86398.0,3064.0,3,11,0
ecacb0fc-d147-42cc-9bf5-2ae39c6c5578,3231.0,372.0,162.0,0.0568,66255.0,8420.0,1,13,0
ecc3a2cc-fc62-4314-9c70-765f0d4b2ef7,1755.75,120.0,81.5,0.0533875,36755.0,4576.0,4,0,1
ecd8f659-4127-4ec6-b8c9-b13dc1a3e262,662.1666666666666,60.333333333333336,36.333333333333336,0.05741666666666667,13214.0,3423.0,6,9,3
ecf81f86-047e-4055-bde8-4bbc06c74ba3,3130.8,357.8,245.6,0.05948,62794.0,8282.0,5,12,0
ed0a3e32-4c44-483f-ae3e-ece45c19a3d6,2579.75,226.25,158.75,0.058475,50715.0,3728.0,4,5,2
ed48a407-bab9-4476-8829-05c204035b11,4185.666666666667,437.3333333333333,325.6666666666667,0.05963333333333334,82963.0,2634.0,3,3,0
ed631e67-0af7-4561-a637-eaa94f750f03,3410.3333333333335,391.3333333333333,108.33333333333333,0.05893333333333334,66349.0,3574.0,3,1,2
ed76253b-cf0b-4cae-a131-7d72975df473,1831.2857142857142,185.71428571428572,95.71428571428571,0.058114285714285716,36358.0,5366.0,7,14,3
ed83b90d-3a56-4708-8765-cb714b18c74f,3683.0,215.5,152.5,0.0553,73262.0,6233.0,2,2,2
ed87d654-2f83-4393-aeca-8af38a1022e7,175.66666666666666,12.333333333333334,7.666666666666667,0.05561666666666667,3625.0,2968.0,3,2,1
ed8c32d5-5d10-4d96-b08d-1cdf485ad178,2310.6666666666665,198.66666666666666,107.0,0.056999999999999995,45882.0,2372.0,3,0,2
edad3009-4c4f-4437-ba60-6067196c4b0b,4752.5,603.5,252.5,0.0597,93972.0,6452.0,4,1,0
edcf556a-a260-4c6b-83d2-4f8b16ef0d49,704.25,57.75,38.75,0.0573375,14021.0,6099.0,4,2,1
edd87313-6b25-45ad-af54-194d35d78b99,2156.6666666666665,219.0,134.0,0.05846666666666667,42926.0,3205.0,3,0,2
ede09eff-3ba5-4bed-9629-cba80e0314c8,868.0,94.0,50.5,0.060200000000000004,16816.0,947.0,2,4,1
edf6bb42-5bd5-4ce2-a6d7-96543d5c1428,694.0,67.66666666666667,41.0,0.056466666666666665,14211.0,6237.0,3,7,1
edf97a28-4258-4835-8856-26ae6d7e2888,1011.0,93.5,91.5,0.057499999999999996,20801.0,7843.0,2,4,1
edf9e23c-6b52-4907-aa87-c0712fb797ac,3776.75,424.25,286.25,0.059325,75651.0,342.0,4,4,0
edff6dff-d0b4-425a-babc-acd6b25844a2,3749.3333333333335,459.5,226.33333333333334,0.05853333333333333,75734.0,5466.0,6,1,0
ee095500-d63b-4414-8f5e-f78d5084bcf5,2602.5,267.5,89.0,0.057050000000000003,51864.0,2863.0,2,1,2
ee146425-add3-4b71-a616-e852297f3411,1113.6,91.4,60.0,0.0556,22759.0,3207.0,5,1,1
ee1c5353-96c8-4922-82ad-1b35fb47c68c,268.57142857142856,28.571428571428573,13.571428571428571,0.059421428571428576,5213.0,4440.0,7,6,1
ee268cb9-e72c-4ff3-981e-76ea30ea0c64,3055.6,252.4,145.4,0.05566,62070.0,4720.0,5,2,2
ee3a26a9-903d-4081-a12d-23147d2289fb,223.5,29.25,14.0,0.060875,4382.0,2562.0,4,1,1
ee5872d1-2c00-494d-a0da-29fa6778819b,312.6666666666667,39.666666666666664,21.666666666666668,0.05886666666666667,6355.0,788.0,3,15,3
ee6ceeea-4429-4ebe-8598-b9cb8757c7b5,4212.666666666667,453.0,278.3333333333333,0.05876666666666667,84167.0,8476.0,3,6,0
ee8c8f72-09f9-4048-b7de-b5fca41ac2e8,1052.0,141.0,12.0,0.0576,20911.0,5134.0,1,2,1
ee97aa3d-aedf-4331-95bc-2a88d9170d2d,969.8333333333334,101.5,51.833333333333336,0.057100000000000005,19675.0,7967.0,6,3,1
eea074ec-fb44-49e5-bcb9-6548ea485d29,3668.0,392.3333333333333,172.33333333333334,0.05723333333333333,73931.0,142.0,3,2,2
eeb2573d-ab2a-4aa0-a454-f47b53eb51d3,2072.3333333333335,221.66666666666666,144.0,0.05926666666666667,41139.0,9577.0,3,5,2
eeb6f6f8-9e86-4a2c-90cf-06458f842c78,3630.0,534.0,327.0,0.0611,73480.0,3848.0,1,13,0
eeb857d1-1725-44b5-908b-76278513d31d,1956.5,160.5,35.0,0.05555,38726.0,9085.0,2,2,1
eebbc27b-1a4d-4505-b5fd-48f4c3036aec,1601.3333333333333,179.66666666666666,74.0,0.056299999999999996,32946.0,8027.0,3,3,1
eedc53cb-fe2d-42e9-bac6-97f9f1938d5f,4836.666666666667,593.3333333333334,242.0,0.059133333333333336,95907.0,4040.0,3,5,0
eede0586-b686-4692-aa69-c980ae3d16b4,555.0,35.0,30.5,0.05475,11332.0,4087.0,2,14,3
eee525ee-6d6b-438f-948f-9ec9c69476d7,3059.6666666666665,372.0,193.66666666666666,0.06010000000000001,60322.0,4791.0,3,0,2
eee67133-ea99-43fb-a655-191b64c74cf6,1188.8333333333333,108.16666666666667,43.666666666666664,0.056833333333333326,23596.0,8641.0,6,0,1
eee6f334-c5c1-483a-a757-adf61380c948,3885.0,378.5,342.0,0.05855,78658.0,355.0,2,0,0
eeebfc5e-afc3-4f01-b372-79b865935929,3267.6,323.2,160.0,0.05669999999999999,66174.0,4117.0,5,0,2
eeecdb13-da7f-4532-82d9-cee55405e122,2476.3333333333335,315.0,157.0,0.060066666666666664,49093.0,4840.0,3,2,2
eef219b6-6586-479e-b9f0-db620d0133b1,4794.8,427.6,312.1,0.05798,95471.0,845.0,5,0,0
eef32c5c-d906-41dd-b4e2-b738da573fa0,2834.5,286.0,178.0,0.0591,55795.0,3233.0,2,8,2
eef9122f-af72-4874-b34e-e6a281fd83f0,2279.0,229.25,107.125,0.0571125,45798.0,6891.0,8,2,2
eeff9f8b-d5e1-496e-88cd-59d77fb04e0d,800.6666666666666,66.33333333333333,34.0,0.05686666666666667,15845.0,230.0,3,5,1
ef002a4c-3dd0-46ee-ad8c-10bc6d66f737,3388.714285714286,334.0,176.0,0.05745714285714286,67825.0,7550.0,7,7,0
ef01665c-217c-4d62-85b6-0ac2a6e441ba,1430.0,153.66666666666666,67.66666666666667,0.0578,28567.0,5154.0,3,3,1
ef06cd4e-1827-465f-9ede-112e2891dee5,2107.0,310.0,52.0,0.0568,43431.0,7662.0,1,12,3
ef094e01-3855-4411-998a-635035201bb5,4743.0,293.0,307.0,0.0562,95153.0,9584.0,1,10,0
ef387480-18ca-4464-809b-16a558285734,83.33333333333333,10.333333333333334,4.333333333333333,0.056683333333333336,1717.0,9363.0,3,1,1
ef635301-433f-4458-b0ba-d48d33b8efc6,3897.5,469.5,201.5,0.057499999999999996,79420.0,6549.0,2,11,0
ef8f2a6a-b118-430a-8e9b-00d3b2dd1ede,2992.75,243.25,189.0,0.057499999999999996,59548.0,9385.0,4,1,2
ef97596b-18ce-441a-85c3-e7fdd2c6925b,3256.7,327.3,164.6,0.057069999999999996,65693.0,3235.0,10,9,2
efb532b3-3ce8-4d61-89fa-554309f7b1f0,4498.2,466.4,294.4,0.05854,89801.0,9970.0,5,2,0
efb655fe-b8a3-4f79-9bf9-58efc330dcb9,4989.0,532.8,191.6,0.05778,98839.0,8239.0,5,15,0
efc09d0a-2c62-458d-a5cb-32c6c499b9db,4549.333333333333,420.3333333333333,276.5,0.05695,92137.0,4779.0,6,1,0
efc16f62-c62d-4d55-9783-2345f3079496,1659.3333333333333,188.33333333333334,92.0,0.05893333333333334,32921.0,7809.0,3,3,1
efc56b37-35c4-4075-a13c-0d7951513661,2759.75,302.25,112.5,0.057625,55082.0,1645.0,4,4,2
f005e816-ae61-478f-b575-eaa6c46a74ae,4493.0,498.0,211.5,0.058899999999999994,88352.0,8634.0,2,8,0
f0116409-a0f4-4fe7-baae-724fcdb9df49,342.0,34.0,13.0,0.0583,6672.0,8288.0,3,5,1
f01ad069-ee57-45eb-b7cf-b1ecb053ae66,768.5,70.5,23.5,0.05605,15379.0,6859.0,2,3,1
f0325150-f90b-484f-91b2-26541d5430db,344.3333333333333,42.333333333333336,17.666666666666668,0.06233333333333333,6485.0,8727.0,3,2,1
f035b9bc-5bd2-413c-90e2-8dbe38c2f03d,4881.25,496.25,257.75,0.0572,98480.0,8519.0,4,1,0
f03ef5fb-b9bd-44b0-a253-5f4dcb35989a,4023.8,347.0,113.6,0.05552,80758.0,2666.0,5,4,2
f040e9f7-3721-47bb-b726-b9ce39d04f1a,3698.25,364.5,238.75,0.05765,74599.0,6004.0,4,13,0
f049ea21-2d1c-48a1-a9d7-f2a181e93980,1213.0,115.0,73.0,0.0553,25327.0,6340.0,1,14,3
f04ebb0c-d35a-4d3b-9adc-121048bc143b,917.6,82.2,42.6,0.05689999999999999,18320.0,8620.0,5,8,1
f054e56b-f157-4174-840f-27b0ec114ea6,1989.6666666666667,240.33333333333334,107.33333333333333,0.06013333333333334,38874.0,6515.0,3,5,2
f05c18fa-5882-4141-93cc-579596a8856b,2214.0,305.0,181.0,0.0618,43672.0,1420.0,1,13,3
f0794f43-c101-4b9a-9a69-5a40c122792c,4098.6,415.0,195.4,0.05754,81841.0,8337.0,5,4,0
f0a5090d-cd23-4157-aa02-911e80dcf31b,3438.8,371.8,208.0,0.0581,69136.0,9712.0,5,1,0
f0a67b36-9ad7-480e-b4f8-5bdb577b015a,4575.5,425.0,305.5,0.0586,90550.0,8815.0,2,2,0
f0bdbc5d-946f-412b-bedb-5254683dfc0f,323.0,27.666666666666668,21.666666666666668,0.06096666666666667,6106.0,4791.0,3,10,3
f0dcdc61-47f5-4f57-975c-d37721c59568,1708.3333333333333,183.66666666666666,103.83333333333333,0.05861666666666667,34044.0,7181.0,6,0,2
f0eb337e-b9b3-416c-8ced-ceb99acd9b7c,2774.5,286.8333333333333,130.5,0.05753333333333333,55469.0,5756.0,6,6,2
f1106879-ae60-4d10-9da8-ce146593c179,174.0,17.0,9.333333333333334,0.05943333333333334,3370.0,4626.0,6,3,1
f124239b-c080-4fc9-90f8-36d0feeb5f2f,334.8,33.2,17.0,0.05726,6724.0,9839.0,5,0,1
f12b69b0-9ef9-490e-9b08-141e65433d6f,743.75,70.75,38.0,0.0571,14928.0,9277.0,4,1,1
f1515032-3292-421c-b0b9-d0dc195fc54e,4559.333333333333,537.0,255.66666666666666,0.05853333333333333,91442.0,1248.0,3,5,0
f1760a38-32d4-4ca0-a896-9bd26189490c,3034.25,222.75,211.75,0.0579,59907.0,7218.0,4,12,3
f17b3c1f-060c-473f-8034-d228bcd1ae78,1317.2,150.6,53.6,0.05828,26109.0,3852.0,5,2,1
f1991ff0-30ac-442b-8f18-3a4f4668b84f,2293.5,212.0,49.0,0.05265,48518.0,781.0,2,2,2
f19cc183-2485-44ee-8f81-1effe9593b2f,2637.25,266.25,170.5,0.057525,53429.0,2957.0,4,5,2
f1b58022-60f2-464f-a39b-7f8748b44751,3204.25,323.5,153.625,0.0571625,64401.0,7004.0,8,10,2
f1c288dd-2ed3-42e1-b185-0dca555ef0c2,884.5,87.75,50.0,0.05875,17401.0,9270.0,4,15,3
f1d36673-c41f-4cb3-a7b3-ce544578dace,1140.25,108.5,63.5,0.056825,23095.0,7949.0,4,3,1
f1df1bda-b20f-47d4-8120-456b66333844,4422.285714285715,476.14285714285717,247.71428571428572,0.058499999999999996,87972.0,8318.0,7,8,0
f1e1d885-a53f-41f9-9a15-43123a7cd109,3641.25,330.75,219.125,0.0570375,73485.0,2582.0,8,15,0
f1f36368-70f2-4842-887e-a4ce626fa530,220.0,17.5,13.5,0.0569,4412.0,3298.0,2,6,1
f1f50988-5a6d-48de-a0b8-8389c246e554,3090.25,322.75,193.5,0.058374999999999996,61770.0,2979.0,4,2,2
f1fcd259-0d7a-4fb8-8b92-8108feceb100,1525.5,120.0,66.0,0.055175,31026.0,2450.0,4,0,1
f21aaf47-62c5-4cdc-85a4-9111e0506839,710.1666666666666,68.66666666666667,36.5,0.05805,14038.0,1442.0,6,3,1
f22882ad-a1ce-480b-ad35-7ebccecd40cf,4580.0,521.0,323.0,0.0585,92689.0,7539.0,1,8,0
f237ec36-f41d-4828-9997-84e3200faf0c,2610.3333333333335,228.33333333333334,131.0,0.056333333333333326,52696.0,3198.0,3,3,2
f23e80f9-a04e-4929-9c11-5010f161dc31,3771.0,476.5,301.0,0.0597,76216.0,6665.0,2,10,0
f2498cd0-ed24-4b45-b419-8ed7ff415283,1338.5714285714287,127.71428571428571,104.57142857142857,0.058114285714285716,27031.0,1317.0,7,11,3
f2523c0b-a4f6-4643-bbc9-9b5ec77c3c3d,1306.5,132.5,95.0,0.057749999999999996,26567.0,8207.0,2,0,1
f253ce30-4fb5-4bb5-90e6-8acad947d43e,4890.0,560.5,139.0,0.0563,99253.0,6083.0,2,6,0
f2636cbb-759b-4def-afb6-9cb9900bd8f4,1838.142857142857,190.28571428571428,72.28571428571429,0.05772857142857143,36389.0,2543.0,7,3,2
f265d468-7fdd-43fe-8118-3520631b3082,174.8,17.0,12.6,0.05686,3595.0,6545.0,5,1,1
f2756991-ddb7-480e-828b-813136a04317,3180.0,341.6,251.8,0.05954,63381.0,3508.0,5,2,0
f280d80f-1762-4c89-8dc7-feb09f70596f,3695.0,449.0,249.5,0.060700000000000004,72378.0,2574.0,2,13,0
f2859bc8-6b89-402b-a571-06c2a183279b,2119.8333333333335,248.33333333333334,75.0,0.056850000000000005,42975.0,7992.0,6,10,3
f29ac772-4b58-4f69-885c-d9c2c5a76b94,2766.75,348.25,168.75,0.059075,55614.0,3170.0,4,0,2
f29ccfa9-eb1f-41a1-9412-554377a241ed,3036.0,292.75,176.625,0.0576,60852.0,9361.0,8,6,2
f29e9a44-b0e1-41a1-95b2-8aba56a04177,657.8,53.0,41.6,0.05728,13137.0,2763.0,5,12,3
f2a91911-75b1-4963-a02e-5aa2b5f54bc1,4700.5,565.5,233.0,0.0585,94004.0,2765.0,2,0,0
f2aa13a8-76d5-4fc0-a873-cc3db06fb2b6,24.571428571428573,1.8571428571428572,0.7142857142857143,0.05657142857142857,502.0,1980.0,7,12,3
f2c4af74-1b88-46b7-8121-3308ead87e39,852.0,91.0,74.0,0.0596,17072.0,9500.0,1,10,3
f2ccceaf-800d-47a8-98f9-7a62e007a8cb,3444.625,314.125,124.875,0.0560625,69277.0,4544.0,8,1,2
f2d207cf-f32b-48a8-8a1d-885bea8a3847,1250.0,162.0,110.0,0.0613,24813.0,5321.0,1,4,1
f2d7b53a-ddc9-4baa-b13d-1f55a2352d9a,898.25,98.75,44.25,0.05735,18156.0,2014.0,4,12,3
f2dfecb8-33f7-4bd3-ab52-6876ede950ab,640.5,68.5,38.833333333333336,0.05731666666666666,13050.0,514.0,6,9,3
f2f7cef6-5a54-4cf6-8f88-b2813959c69f,4101.5,416.5,288.0,0.057749999999999996,83238.0,6794.0,2,9,0
f2ff3ba4-c356-440a-a96d-58574b3e19c0,154.0,21.0,14.0,0.06465000000000001,2872.0,5688.0,1,12,3
f30d2c86-ec10-48bd-84e1-0e9df4ed7472,1340.0,98.0,120.0,0.0603,25825.0,800.0,1,6,3
f30d4c24-aac1-407d-b26e-847a5fb23866,3631.8,343.4,227.4,0.05806,72408.0,7862.0,5,4,0
f3157dc9-94a4-4362-a8af-1bde36c707e1,674.0,45.0,33.5,0.055,13673.0,9889.0,2,10,3
f3506121-45af-4be1-9271-2ee929a61ec5,4673.5,367.0,179.0,0.0552,94536.0,9482.0,2,4,0
f35c9622-80b4-4b72-beda-1defab069709,2313.125,215.375,164.5,0.0573625,46940.0,974.0,8,5,2
f35e17bb-3f4c-411a-95a1-4ca8f86597b8,3341.0,354.0,105.75,0.056575,67181.0,8085.0,4,12,3
f35fbe7e-6ca0-4f3a-bb0c-c2c69234d66e,4420.2,472.0,327.2,0.05902,88458.0,3792.0,5,5,0
f363e376-c84a-4a84-8509-3d5277afa3fb,5024.571428571428,443.85714285714283,246.07142857142858,0.0575,99396.0,2988.0,7,3,0
f3733f5f-e3e6-47c8-8a3c-7a7540c8b96f,4245.111111111111,423.77777777777777,240.77777777777777,0.05806666666666666,84573.0,4118.0,9,8,0
f3795dec-abbf-4b27-98fe-d251057e752b,3761.25,354.0,201.0,0.057300000000000004,75335.0,6397.0,4,0,0
f3832a22-f437-4a9e-b711-513e2f906a85,3408.0,374.0,238.25,0.06,67003.0,278.0,4,3,0
f38b9120-07aa-4dd9-b56a-d6a40401c587,4821.0,436.5,350.375,0.0584,96030.0,2489.0,4,0,0
f38da8b3-cb39-448c-bbc8-b930bb1e8741,2494.5,142.5,102.5,0.056900000000000006,48160.0,386.0,2,1,2
f3931f08-d6aa-414f-9a31-3aa2b48ffd26,3602.8,261.8,187.8,0.05608,72254.0,9230.0,5,0,2
f393846a-c801-4627-9a5b-ffb9cbdfab91,3063.0,456.0,286.0,0.063,60431.0,5400.0,1,0,0
f3a242e9-f698-409a-86e8-6f56b416e12e,4529.666666666667,438.0,301.6666666666667,0.058633333333333336,89917.0,2466.0,3,3,0
f3b825a9-cbfa-4a63-a30a-937d2eae677f,2395.5,236.5,194.25,0.0592,47728.0,7259.0,4,0,2
f3bfccae-ae36-4a24-b072-fec85d764c25,5043.2,453.6,201.3,0.057179999999999995,99657.0,1029.0,5,2,0
f3cdb40c-9e9f-43e1-b13b-ba5880754a7d,903.2,83.4,41.0,0.05808,17700.0,307.0,5,2,1
f3ddbefb-b6fa-4b01-814b-f736a7d1d1f5,2580.0,167.0,136.0,0.05505,52344.0,3946.0,2,0,2
f3df1138-6d31-46a8-8960-cf25fc732b58,4510.0,339.0,128.0,0.05586666666666667,89087.0,2330.0,3,1,2
f3e40d75-684f-4e21-9c34-36fbeb4710b8,837.5,88.5,56.75,0.058425,16822.0,3455.0,4,5,1
f3e755e0-38bd-488c-9a31-bfd51695f1d9,1349.3333333333333,124.33333333333333,38.666666666666664,0.055799999999999995,27105.0,3711.0,3,2,1
f3e78455-fa48-4700-9b8b-8d3b946d1b06,3261.3333333333335,288.8333333333333,161.5,0.05631666666666666,65909.0,8227.0,6,14,3
f3e9201c-6cb3-4723-92e3-3de485fed3bc,2481.8,287.6,78.8,0.0576,49451.0,3005.0,5,5,2
f3f83261-d5e1-4ae0-ab65-2dfd459cf9d5,1875.75,176.75,92.25,0.057425000000000004,37349.0,3826.0,4,2,2
f3fb24c6-94e3-4827-814a-4d4d24fa9673,2069.0,208.5,170.5,0.059899999999999995,40884.0,5795.0,2,13,3
f3fe8fb0-7b5c-4a2c-a934-444703b45a76,2374.5,271.3333333333333,134.33333333333334,0.05853333333333333,47495.0,3116.0,6,0,2
f408a49b-b5b8-4a03-abf0-834f1bfd2cd0,4257.333333333333,484.6666666666667,192.0,0.0577,85503.0,4331.0,3,3,0
f40f6718-dcf7-405f-9446-c345a2453e93,899.7142857142857,81.14285714285714,43.857142857142854,0.05744285714285714,17841.0,120.0,7,0,1
f4241279-644a-4a86-afd8-5ac0b546ed51,3168.0,271.75,228.5,0.05785,63400.0,6703.0,4,15,3
f42d4c0e-6be0-47c5-9e5e-b2fe4b501b1a,1686.8333333333333,164.16666666666666,85.66666666666667,0.0579,33460.0,1423.0,6,13,3
f43569a3-10fd-4bfb-82cc-60d15bdfe36b,2655.5,316.5,236.5,0.06155,52128.0,550.0,2,0,2
f44aff63-f749-4a47-8a75-866e42e618e0,1513.0,140.5,84.0,0.05435,31959.0,4383.0,2,7,3
f453f32e-bb76-46af-b6b7-3ad5e3149d79,3241.1428571428573,274.14285714285717,177.42857142857142,0.05691428571428571,64879.0,8086.0,7,14,3
f459ff6f-793c-4c67-ba11-64cd4ed5e8bc,4657.0,465.5,194.25,0.056925,93393.0,6301.0,4,1,0
f45a53d5-67fb-4017-80fc-44b141fd477f,1756.0,208.0,53.0,0.0564,35765.0,4235.0,1,4,1
f45f9d1c-1e05-47ea-b8fd-5d263528593d,3825.5,423.0,161.0,0.056650000000000006,77837.0,8783.0,2,11,0
f4831708-710a-492a-afc8-3f82d23efc24,2589.6666666666665,254.33333333333334,59.666666666666664,0.05616666666666666,51693.0,1343.0,3,2,2
f491041a-ccec-4d13-88f9-cae8a21dcc96,2395.0,227.33333333333334,128.33333333333334,0.0572,48088.0,5892.0,3,6,2
f49b7864-4f05-45fc-a8a1-616e3bb8cd8d,2777.0,366.0,251.0,0.0608,55794.0,7662.0,1,11,0
f4a36f7c-be53-4320-8b4c-aa6c987d098d,810.3333333333334,75.66666666666667,42.666666666666664,0.059033333333333333,15727.0,8463.0,3,3,1
f4a44c11-51fb-4766-8952-300f5467a672,4431.0,438.2,120.4,0.05626,88659.0,5929.0,5,0,0
f4aa8163-dbbf-4b56-9711-cc22afacba9d,2980.0,203.0,151.5,0.05555,60025.0,8540.0,2,9,2
f4b320b5-a6a4-462b-a7da-7fbe6b6d249b,3417.0,348.2,177.6,0.05778,68264.0,570.0,5,2,2
f4c06468-01d1-4227-9236-bf30be0436b2,2600.75,311.25,123.5,0.0583,52076.0,1436.0,4,15,3
f4d6a67a-4f72-4974-9b31-2c097c8a3608,4884.666666666667,508.0,136.66666666666666,0.05676666666666667,97410.0,4512.0,3,2,0
f4f15073-f2da-477e-aa7f-2e8fb5ec79ac,3545.75,414.5,152.5,0.05895,69772.0,7933.0,4,0,2
f50612a1-84ff-4a6d-b0d5-872d59360d9e,4985.5,578.5,207.5,0.0579,99655.0,1343.0,2,1,0
f5161109-7072-4237-bf01-9de2618cc6f1,737.0,83.625,47.625,0.059025,14710.0,156.0,8,10,3
f516add2-2dd8-4c25-b318-f5966043a7f9,4109.25,385.0,192.75,0.0566,82789.0,8120.0,4,5,0
f51b9231-8997-41f3-ae47-0cbafcba3feb,4583.25,424.75,121.25,0.055999999999999994,91594.0,8135.0,4,3,0
f51bd3d6-814d-419e-99ca-66d0966bfa24,3123.6,240.2,147.6,0.055459999999999995,63297.0,5223.0,5,0,2
f52963d9-8690-4d70-ab38-3dd312ba0e89,2943.0,229.0,91.0,0.0543,60050.0,8310.0,1,4,2
f53365d1-4d98-4824-8c5f-cefea7c3be3d,2614.6666666666665,246.16666666666666,177.5,0.05778333333333333,52602.0,8646.0,6,5,2
f53667ca-ae61-47cb-a7b4-c9a24e04cfcb,807.4285714285714,84.14285714285714,52.142857142857146,0.05942857142857143,15875.0,5921.0,7,4,1
f5520570-de97-4951-8fef-d24052c55f8f,4376.166666666667,527.0,214.5,0.05861666666666667,87294.0,6949.0,6,0,0
f5673dc8-d3ab-4d29-b5a0-63f4c73d8516,114.0,9.5,3.3333333333333335,0.05630833333333333,2291.0,8661.0,6,5,1
f5720c07-2c3f-43c9-9b3b-682a21b3559c,273.5,27.75,14.0,0.0566875,5618.0,9722.0,4,1,1
f583e16d-f269-4d39-a35a-f82fdb5484e6,4352.4,483.8,209.4,0.0583,86539.0,1328.0,5,12,0
f58ef402-c8c9-4067-930f-292468972762,4000.5,406.75,272.0,0.058175,80452.0,6764.0,4,5,0
f593dfa0-3bb6-4e15-905c-63a7ae2a4c86,3799.0,373.5,193.5,0.057749999999999996,75560.0,4999.0,2,0,0
f594b849-90be-43e9-bd08-0d76d8852d9c,4214.666666666667,480.0,217.0,0.058600000000000006,83824.0,3822.0,3,2,0
f5bcfc88-1737-4ead-9030-099d6a606563,395.25,37.75,26.5,0.0566,8122.0,2985.0,4,1,1
f5d9e1f3-9ec5-40da-9707-05760da96df4,3911.625,393.25,237.375,0.0581625,78092.0,3903.0,8,9,0
f5dc7bd4-d4a4-4d59-b00a-ab8c4938a787,4488.75,397.5,241.75,0.05625,91166.0,9876.0,4,3,0
f5e37dbc-217a-4c39-b655-cdc6f9a16e1e,2241.3333333333335,247.0,129.83333333333334,0.058633333333333336,44648.0,92.0,6,7,2
f5e45f58-3233-4e84-8415-dc7b8e94b13c,4581.833333333333,471.1666666666667,219.16666666666666,0.05761666666666667,91510.0,2973.0,6,6,0
f5ebfcd2-67b2-4d69-9d28-29cd8dd78df9,668.3333333333334,50.0,46.666666666666664,0.0569,13446.0,5880.0,3,0,1
f5fdb17c-8ffc-4771-98a6-e2c201eea86f,4647.714285714285,275.0,267.57142857142856,0.056171428571428574,92379.0,6777.0,7,10,0
f605c73b-8b12-42e7-9661-ef9de5469d86,1292.4,140.2,42.4,0.058140000000000004,25376.0,8831.0,5,1,1
f613665d-0131-4716-82ac-2bfc8e4c2631,4582.333333333333,501.6666666666667,107.0,0.056633333333333334,91689.0,8536.0,3,6,0
f622a6c7-2ecf-4bc7-bc0b-9a19521d1a21,4657.333333333333,573.3333333333334,225.66666666666666,0.058100000000000006,93904.0,9818.0,3,2,0
f629f629-e279-4da4-ac0f-aa8f0099d5c0,4124.0,340.5,270.5,0.0568,83359.0,736.0,2,7,0
f64a9723-7db1-4192-9a34-8466adce1183,4170.875,376.625,213.0,0.057575,82695.0,2279.0,8,2,0
f65da539-35e5-4387-bac6-7816d66bfe55,2372.0,213.0,110.5,0.057249999999999995,47061.0,5101.0,2,5,2
f6715c31-5b3e-478a-ace6-30a434d0d575,4090.0,335.5,255.0,0.0566,82711.0,5256.0,2,3,0
f6ae3866-6c7d-4089-b13f-aacf823e1478,1913.0,96.0,54.0,0.0537,38414.0,787.0,1,7,3
f6b26f60-394c-4870-b56b-8fc2442306da,1357.0,112.0,50.0,0.05436666666666667,27934.0,7970.0,3,0,1
f6b88b0c-3fe1-4396-be13-63bb90b5dd1f,1474.6666666666667,160.83333333333334,76.33333333333333,0.05901666666666666,29010.0,2800.0,6,14,3
f6ba581e-068a-4bbf-aa4c-58db80f26fe9,173.0,19.5,8.0,0.0545,3680.0,1051.0,2,7,1
f6c1fded-e0c8-4a22-a60f-43f908a82c6e,3507.5,420.5,180.0,0.057925000000000004,70937.0,438.0,4,0,2
f6c21031-8f35-477a-a909-519988a7f23b,288.0,28.875,18.0,0.05791875,5783.0,8593.0,8,0,1
f6c7c840-0ad1-4c07-a713-38ef67742038,4855.5,633.5,192.5,0.058575,97010.0,8022.0,4,0,0
f6cf3582-668b-45fa-b01a-84506c0af9c1,242.25,22.0,11.0,0.056325,4885.0,9312.0,4,0,1
f6da19f2-58d6-4880-906e-85ffbc95818c,4534.714285714285,357.57142857142856,265.35714285714283,0.05671428571428572,90974.0,8476.0,7,12,0
f6dba146-39ae-4fb0-9957-b993378b38f6,3207.0,263.0,44.0,0.054,65108.0,2789.0,1,2,2
f6dcc0ba-278b-4c3a-bd89-9ce156651985,2278.3333333333335,305.6666666666667,138.33333333333334,0.059,46114.0,8538.0,3,1,2
f6dd2af7-e5f6-4b65-94e4-02cdd3cbb524,1176.3333333333333,159.66666666666666,69.33333333333333,0.05943333333333333,23644.0,8494.0,3,1,1
f6e54bd0-4c8f-4106-899d-f511f15563a1,3839.3333333333335,349.0,226.83333333333334,0.057716666666666666,76518.0,3161.0,6,2,0
f6e62f24-d26f-4e9d-a5f1-15ddcf594a05,2930.5,315.25,219.75,0.05955,58182.0,878.0,4,4,2
f6e8b102-d000-491e-9430-2d3aaea8d9c9,744.25,66.0,42.75,0.058275,14638.0,1238.0,4,3,1
f700265b-d959-4213-8908-2d8f100156e0,304.5,29.5,11.0,0.0548125,6317.0,919.0,4,4,1
f7106fc3-a3da-42cc-b490-caaecc9c03b6,3125.6666666666665,256.3333333333333,182.66666666666666,0.057499999999999996,62008.0,3444.0,3,8,2
f717fb8c-2aa9-492f-8c1c-41ed6d5bc090,1217.5,128.5,73.5,0.0577,24605.0,3278.0,2,6,1
f719d248-0c7a-4257-92fc-0e60f3b85a8f,818.4,66.0,58.2,0.05716,16495.0,3176.0,5,0,1
f74a8bc2-d023-4a93-9ea1-3eb7939b37b0,1446.2,148.2,41.2,0.055459999999999995,29485.0,3665.0,5,10,3
f755af1c-68e7-400a-ad0b-86828e2fdd03,1887.3333333333333,197.0,94.33333333333333,0.057066666666666675,38185.0,5173.0,3,0,2
f75c5a62-951b-4ad4-89ab-cddfe6769df7,1350.0,148.0,51.0,0.058,26709.0,1552.0,1,11,3
f76d9496-ee9f-4d4a-8972-3c3d6c38e273,4545.0,640.0,257.0,0.0593,91703.0,9053.0,1,14,0
f774f90f-5c9f-4260-9113-9e4b19e1f08a,352.2857142857143,42.42857142857143,19.571428571428573,0.05915,6984.0,6583.0,7,5,1
f777e99b-6c17-49fa-820c-6e781ceb63bf,1704.25,221.25,100.25,0.059975,33776.0,427.0,4,6,3
f786bb83-0bcc-47a0-83b3-7bf6a9525e4a,4183.5,367.8333333333333,184.33333333333334,0.056133333333333334,84375.0,7636.0,6,1,0
f79b79f1-7014-4d43-8c0e-a9dcdaed68d9,1112.25,134.25,84.0,0.059175,22483.0,9006.0,4,12,3
f7a0bf90-1fef-4f65-9578-00b105d03573,3921.0,438.2,138.0,0.05746,78274.0,6336.0,5,0,0
f7bb1dab-87f1-4019-9b10-b650c17667c1,2611.5,205.75,125.375,0.0559,52642.0,4979.0,8,13,3
f7d2d88d-2b75-4760-9cc7-86237d905407,4733.2,465.6,342.4,0.058620000000000005,94581.0,7448.0,5,4,0
f7d42cb7-e23c-4727-b686-597b923a3e0c,4215.0,454.25,140.0,0.05725,83997.0,7913.0,4,1,0
f7d68251-e251-4dcc-8a1e-bc6dfc0c2290,4311.0,541.0,236.5,0.0587,86663.0,3523.0,4,0,0
f7decf41-fccf-4a6d-96b6-7756f92b05fe,4653.666666666667,519.2222222222222,297.6666666666667,0.05865555555555556,93248.0,9305.0,9,7,0
f7e9c1ad-7f1b-4aba-a7ce-a1157a58334e,4764.0,352.2,343.4,0.05702,95747.0,2095.0,5,0,0
f806dac7-1b4a-4dc2-9969-b1ef77bf1498,2895.0,319.8,195.4,0.05826,58529.0,7636.0,5,15,3
f84d8d47-cb58-4eec-9ccd-76fd10a5314f,37.5,3.0,1.75,0.058800000000000005,709.0,2197.0,4,0,1
f8528ea3-8c26-4f2b-8088-1fe7e7a586b3,5031.5,496.5,355.0,0.0589,99924.0,5184.0,2,7,0
f85f0973-9f54-4bfd-b327-83215288727e,3673.5,428.0,186.25,0.058,73904.0,1519.0,4,3,0
f85f4134-2649-4a97-8674-350c98146e7d,3456.6666666666665,336.6666666666667,184.33333333333334,0.05836666666666667,68170.0,1958.0,3,2,2
f8c07aa3-ba4a-4006-88f1-5d93d411bdab,3138.6666666666665,337.6666666666667,131.66666666666666,0.05753333333333333,62680.0,161.0,3,2,2
f8cd507c-f6a3-47fc-8645-b62c0955adaf,1720.5,121.5,89.5,0.05545,34841.0,6982.0,2,10,3
f8dbc962-ae90-49cc-906c-a89def71d13d,2692.75,294.75,111.0,0.0574,53964.0,4784.0,4,4,2
f8e8f2c5-08e3-45f1-97d2-f59b14e1d2dd,2754.6666666666665,255.66666666666666,67.66666666666667,0.0567,54286.0,8506.0,3,5,2
f8ed1ca6-ebb6-46f2-a31e-3dc5e2f73fae,4064.25,395.75,225.25,0.05835,80325.0,9066.0,4,2,0
f8f1bf87-8f29-4321-ba44-bbf4e8add8ad,4726.666666666667,539.0,330.0,0.05946666666666667,94084.0,7571.0,3,7,0
f8fe8916-0a70-407a-9eaa-96a7f01cbabf,1192.75,117.375,53.5,0.0581,23464.0,2096.0,8,4,1
f904deb9-0726-4c42-85ab-ecd874d5f2c0,1175.3333333333333,113.83333333333333,73.33333333333333,0.057383333333333335,23736.0,5006.0,6,0,1
f90e360d-b4f2-4e34-8901-53148aeb9bde,4304.833333333333,422.6666666666667,280.3333333333333,0.058100000000000006,86205.0,6312.0,6,5,0
f91c8700-29d4-4345-b1e9-ab80ba4be310,1512.75,133.5,36.0,0.056499999999999995,29784.0,3076.0,4,3,1
f92a8497-b39c-4202-acc4-60f782f09fb4,2817.0,312.875,201.25,0.0591375,56317.0,2495.0,8,2,2
f95214ad-f761-4878-8122-abbb0e7c0864,1418.0,140.2,71.0,0.05726,28458.0,9755.0,5,0,1
f95eeb09-ae76-46b6-9f24-0545affa0b8d,1478.0,196.0,60.0,0.0579,29970.0,7327.0,1,10,3
f95ef6c2-e8c3-4b9c-b9a3-f87d95d89b08,4856.5,448.5,386.0,0.05815,97884.0,1436.0,2,2,0
f979146d-89ec-4a0a-8837-cdbc7e10a5eb,493.6666666666667,61.666666666666664,46.333333333333336,0.061483333333333334,9667.0,2037.0,3,2,1
f9794d01-2b18-4066-9628-d822342fd0e1,1740.2,151.8,80.2,0.055720000000000006,35411.0,5671.0,5,13,3
f979b897-4678-42b6-8426-320503606e22,2633.0,163.33333333333334,118.66666666666667,0.05503333333333333,52958.0,7571.0,3,1,2
f99b6c83-2938-4ef6-97be-6a70fbd282a9,4506.916666666667,429.6666666666667,284.375,0.057683333333333336,90517.0,4450.0,12,5,0
f9a0d3cd-54c6-4094-a1a8-d8c70802d54c,4452.25,365.75,321.0,0.057874999999999996,88826.0,8298.0,4,4,0
f9a77a6b-1af6-4fd1-8ef0-ce098322c20a,4287.0,470.0,343.5,0.06025,84693.0,945.0,2,6,0
f9a7a56b-a702-4907-9eda-1064fe8a6dc0,3311.3333333333335,206.0,185.0,0.056133333333333334,65920.0,3963.0,3,6,2
f9b80001-5e64-4dfd-924d-71e567599733,2771.6666666666665,352.0,127.33333333333333,0.0583,55786.0,3130.0,3,2,2
f9c2689a-a694-4aa5-8922-0845f7ec5357,3304.5,212.0,116.0,0.05375,67588.0,6969.0,2,4,2
f9c79af8-8c52-4e66-af3d-c8ed0361312a,4451.0,434.8,287.8,0.05804,89149.0,8924.0,5,11,0
f9c8dadc-a3e6-4519-bb4d-b241ec7904be,2255.0,211.75,95.75,0.0564,45423.0,1299.0,4,4,2
f9d1072f-d490-40d7-8070-fd285c41b417,523.5,50.25,34.0,0.056737499999999996,10725.0,3169.0,4,8,1
f9dba011-c9f0-4310-a8f0-5c76d6151ea0,706.25,68.25,42.25,0.0586,13933.0,7582.0,4,5,1
f9dbdd2e-8a2c-44db-971d-c885be77c850,4420.75,537.25,233.0,0.05885,88192.0,7227.0,4,0,0
f9e210a8-4482-40d2-b53e-7b03d4055099,1764.0,202.5,69.75,0.058300000000000005,34915.0,5933.0,4,0,1
f9fae82a-6cf1-4b7d-a523-7c1c1a4401b5,4839.5,533.3333333333334,283.3333333333333,0.0588,96183.0,8951.0,6,2,0
fa15c1ec-bb4e-4f2a-bd99-d180857f2175,3768.5,414.6666666666667,178.0,0.05826666666666667,74847.0,5989.0,6,1,0
fa19aed2-3578-4858-a326-e0d4b386808d,2281.0,162.14285714285714,106.42857142857143,0.05632857142857143,45245.0,3831.0,7,2,2
fa38c7bd-a03e-4dd3-b827-1f28fe596e46,2349.0,283.0,72.0,0.0579,46693.0,2945.0,2,11,3
fa4a41f3-0e6c-4275-aa9b-3c9ce20fae9c,4313.75,431.75,230.25,0.058025,85731.0,4056.0,4,1,0
fa4f3180-003f-4832-8206-0968cd13a32d,4149.0,564.0,179.0,0.05885,83139.0,4459.0,2,8,0
fa957845-8b2d-4834-846b-cefc0fc4e8c0,630.75,71.5,38.375,0.059275,12496.0,7500.0,8,1,1
faaaa783-36b2-40f4-8e73-9afc43696e64,1170.0,147.0,87.75,0.058725,23927.0,5959.0,4,14,3
faba7cda-e7d8-4872-bc04-7f7dc3dc52e8,4058.2,402.4,233.8,0.0583,80525.0,3047.0,5,0,0
fac8e8cd-8b40-4b70-a252-3da6c30eaa7d,1608.0,169.0,114.0,0.0586,32254.0,6139.0,1,5,1
fad3cbcc-60dc-4001-af0e-d6aa103bc64b,12.0,1.0,1.0,0.0567,247.0,2355.0,1,10,1
fad80b7f-3936-4eb2-aa89-b34498b8b5c8,3239.0,405.8,157.0,0.05882,64653.0,3862.0,5,12,0
fae6c4b5-e136-4365-9e0d-dd0383287e18,1560.8333333333333,163.0,74.16666666666667,0.0577,31156.0,5794.0,6,0,1
fafcd890-86ab-4ead-893e-8466c7e8317f,1736.2,190.8,60.4,0.056679999999999994,35060.0,6964.0,5,6,3
fafeb469-e175-4727-8c6e-3e65485627c1,3953.8333333333335,418.3333333333333,181.16666666666666,0.057350000000000005,79395.0,4724.0,6,8,0
fb0b0cd1-00d4-4d38-b561-1f88a5e318e2,3285.6666666666665,366.8333333333333,181.0,0.05821666666666667,65874.0,1070.0,6,9,0
fb45bbf9-812e-472b-9852-1b9c12b8adce,2624.3333333333335,299.0,100.33333333333333,0.0578,52335.0,2186.0,3,0,2
fb4aa537-fc0f-411e-9367-5328bba78d9c,3855.75,453.75,237.0,0.05845,77787.0,6915.0,4,2,0
fb5c2fee-1a27-4a29-927a-f7641a783bd4,961.4,95.6,65.2,0.05734,19572.0,922.0,5,4,1
fb74cd8b-2509-4568-be76-c651004608e4,844.0909090909091,89.27272727272727,36.36363636363637,0.05730909090909091,16921.0,9680.0,11,5,1
fb7b7a4c-f9bd-4dc1-b92b-8d9179cd5b25,1967.0,199.5,161.25,0.058625,39723.0,6225.0,4,12,3
fb95dcac-2b5a-4cc9-bbf3-15518c6a0d8d,1819.5,195.83333333333334,126.83333333333333,0.058600000000000006,36558.0,3698.0,6,6,2
fb961ccf-b457-4cce-bc4b-463e9513cfee,3356.2,413.4,215.6,0.05956,66907.0,1849.0,5,8,0
fb9b05ec-ca86-42c5-b590-a19ce2cb0220,4677.5,378.75,245.0,0.05735,92423.0,1421.0,4,4,0
fbd1bd23-29cf-4dca-8a29-0769efcc5b99,616.0,83.0,21.0,0.0598,12045.0,6399.0,1,13,3
fbd9ed9f-50d0-45ed-b2c3-534ae7246d5f,4194.166666666667,438.8333333333333,223.0,0.05795,83801.0,9849.0,6,7,0
fbddfe2e-e9b3-4f20-bdfa-41732e251b7d,1180.5,120.25,97.5,0.059425,23533.0,332.0,4,8,3
fbee073e-5cbf-4dc1-9306-d2cd10b64558,4759.25,471.75,146.25,0.057,94359.0,3338.0,4,8,0
fbf941fd-883f-40b5-bbfb-daa544692137,3457.0,243.0,239.5,0.0569,69252.0,7880.0,4,1,2
fc28661e-41b8-4ced-a493-ba00d3f191f6,2268.0,198.83333333333334,115.83333333333333,0.057183333333333336,45154.0,802.0,6,0,2
fc4a5d6a-f6e5-4172-aae4-7ea82185f460,991.0,126.33333333333333,80.33333333333333,0.0615,19485.0,2370.0,3,6,1
fc6e3593-faa8-49c1-89f2-bb93524c8ec5,1528.3333333333333,156.5,92.33333333333333,0.05741666666666667,30938.0,7383.0,6,6,1
fc70d643-e911-47af-996d-f977e5768e52,2774.6666666666665,242.0,152.0,0.056133333333333334,56463.0,6462.0,3,2,2
fc7f86e6-3215-41ca-a465-dda4dd6643d4,4598.0,437.6666666666667,99.0,0.0551,93223.0,4437.0,3,3,0
fc9ffa22-5c6a-410b-9c6e-27050c8a28b1,4423.75,491.0,234.5,0.057124999999999995,90123.0,1544.0,4,4,0
fca4dc11-6909-48d5-a756-7cf252152b11,1908.8,201.4,85.2,0.05682,38641.0,7759.0,5,13,3
fcc01531-a1c0-418b-8a1d-7eceedad0c7d,1642.1666666666667,195.16666666666666,104.33333333333333,0.05723333333333334,33920.0,3521.0,6,4,2
fcc2cab8-c028-42ac-bc51-8d6311fe8113,2204.3333333333335,220.66666666666666,136.33333333333334,0.0579,44242.0,9036.0,3,1,2
fcc9e5fa-7b7a-432c-b715-834800a751b7,2748.777777777778,264.77777777777777,163.77777777777777,0.05777777777777778,54979.0,6003.0,9,8,2
fcf20b51-5828-44f7-a252-38d23056b1a7,1919.2,195.8,68.4,0.05674,38498.0,6673.0,5,2,2
fd034ef3-2165-4a1f-9053-7b640af01100,4411.555555555556,475.8888888888889,180.0,0.057611111111111106,87951.0,4424.0,9,0,0
fd084b85-b179-442c-b115-db93d1284464,1492.0,153.375,85.375,0.0577125,29978.0,7191.0,8,10,3
fd1ed5a6-3d52-48fd-aef5-6496bfc453f0,1579.25,125.75,128.5,0.05865,31249.0,7073.0,4,3,1
fd219ec1-e48a-4bb1-9fdb-4123c3dd3043,4000.5,463.25,246.75,0.058425,80592.0,4076.0,4,15,0
fd36911f-5b46-4a00-a5fa-e7fd4a2335f3,192.5,15.0,8.833333333333334,0.05582499999999999,3904.0,6674.0,6,12,3
fd395790-b56a-416e-8ef8-f8f6af7c9955,3521.5,480.5,223.5,0.05925,71329.0,8233.0,2,6,0
fd3b5429-b03c-4c01-bd53-d885605ec410,1072.2,110.2,66.6,0.057440000000000005,21734.0,8548.0,5,5,1
fd3ca024-9b01-43e9-8cb9-2357694375fa,4438.0,496.8333333333333,184.5,0.05783333333333333,88503.0,3554.0,6,7,0
fd480ed6-95f9-4a77-a12c-2a8f369cb741,1845.75,166.0,88.75,0.0564,37225.0,9767.0,4,2,1
fd49c373-193e-4158-a132-97933ee43b0c,1495.0,119.0,111.33333333333333,0.057166666666666664,30177.0,4213.0,3,0,1
fd6a7366-d825-4af1-aa7c-0b5766f1ef6e,2843.5,293.5,143.5,0.05725,57319.0,2575.0,2,11,3
fd889698-7392-4dee-8aaa-7d11f0013a63,2979.25,260.5,175.0,0.0577,59185.0,6119.0,4,1,2
fd92df77-ee20-4c56-b6cc-0a3cc65ad1a0,4649.0,439.8,298.6,0.057679999999999995,93382.0,3524.0,5,7,0
fd9a7f23-f22b-4f69-be5a-ceaa7965143c,1133.0,119.0,107.0,0.0614,22120.0,2869.0,1,13,3
fdb4208f-a233-4101-8f0b-d44b2bfc488b,792.25,51.0,50.75,0.0561,15932.0,3325.0,4,1,1
fdcd693e-d842-443c-912f-7a21cc7d0a20,775.5,90.0,47.25,0.058050000000000004,15726.0,6613.0,4,2,1
fdf06007-28d1-4e6f-bb9c-76cc8fae3da2,2295.6,220.0,141.8,0.05754,46177.0,5826.0,5,1,2
fdfd54bf-581e-472e-bb5a-611e9e1bec3e,646.0,49.0,29.4,0.05569999999999999,13008.0,9753.0,5,1,1
fe089ba2-0311-4122-9097-7401bfa5e93c,1182.0,63.0,22.0,0.0545,23263.0,4626.0,1,1,1
fe15abbb-d27e-428d-a5b5-ec91307e83c8,3978.5,333.5,236.5,0.05635,80716.0,8918.0,4,0,0
fe192059-133a-4715-8cbf-134a6fbe3ae8,1946.4,216.2,117.4,0.059519999999999997,38309.0,411.0,5,9,3
fe234207-301a-4fc5-97aa-a21a90902b41,1570.3333333333333,129.66666666666666,75.0,0.056433333333333335,31447.0,2415.0,3,4,1
fe29d08b-7161-495e-ada8-8f9560a9db59,3509.25,278.75,137.0,0.0562,69842.0,1917.0,4,13,3
fe346e20-86a1-45f2-b69d-34267cd75240,3820.0,305.6,213.8,0.05602,77493.0,6053.0,5,0,2
fe386a91-8611-42f2-8b5f-359a2e187c2d,3304.0,327.25,126.0,0.057675000000000004,65165.0,1282.0,4,14,3
fe40a8b2-a4f0-4a3c-b420-328f521d9035,26.25,2.5,1.5,0.0579625,552.0,5972.0,4,6,1
fe6729e2-0ad2-45de-85e1-49629e91de64,334.75,28.75,11.5,0.0548,6841.0,8642.0,4,7,1
fe727c99-30b5-415b-bc9c-d906cded9ccf,3477.0,352.6666666666667,102.33333333333333,0.05686666666666667,69117.0,1063.0,3,2,2
fe8741fb-5ff0-49ed-83ca-826665785fba,3458.0,463.0,159.5,0.060649999999999996,67282.0,7749.0,2,4,0
fe8c1edb-2036-402e-a803-3a4546264470,1659.3333333333333,164.0,51.333333333333336,0.055299999999999995,33909.0,7292.0,3,4,1
fe8f2031-59fe-4466-ad00-1da8d4ff038b,3729.4,379.2,237.2,0.0581,74814.0,9199.0,5,0,0
fe9a6c53-eb1a-453a-a103-99bc6c637a41,2426.5,235.5,118.0,0.058649999999999994,47407.0,6096.0,2,0,2
fea238b1-3932-4b92-b5ed-8838be88f5c4,345.6,39.4,18.6,0.0586,6887.0,5055.0,5,3,1
fea40d49-21b3-40bf-b6cc-6a2b352563f6,1957.0,243.0,78.0,0.05945,38325.0,4221.0,2,7,3
feae14b7-9199-4e9c-90d2-3a15d6338e3a,2906.0,275.5,153.5,0.0566,58883.0,7195.0,2,3,2
feb68502-a2ce-45a4-b104-710adb53f24b,1824.5,189.75,90.25,0.058225,36152.0,9060.0,4,14,3
fed2b40d-f3a0-4900-b218-54e5b5ff5376,2874.75,301.25,198.5,0.05955,56647.0,2785.0,4,2,2
fedf0340-ed2c-4908-929b-639fad2349d1,3015.75,312.75,239.75,0.058875,60615.0,4312.0,4,6,0
fee128d8-c146-49b0-b896-08e2e485f787,3226.75,342.25,199.25,0.0577,65310.0,756.0,4,0,2
fef84956-e9c3-4f32-9fa8-75b441866c4b,1612.0,128.66666666666666,104.66666666666667,0.057166666666666664,32281.0,619.0,3,5,1
ff070468-de58-4070-9094-4d46cacb7067,3361.4285714285716,303.42857142857144,199.57142857142858,0.05802857142857143,66608.0,9115.0,7,3,2
ff1204c4-24b7-4586-a688-147628ca1f16,3175.0,368.3333333333333,191.0,0.058166666666666665,64192.0,8508.0,6,4,2
ff27e87a-7498-4164-901f-a2a9f89c0b89,2347.5,166.5,96.0,0.055125,47350.0,2345.0,4,0,2
ff35ab22-8d85-4233-9597-95eb548682e4,4286.5,439.5,309.0,0.058499999999999996,86080.0,1925.0,2,7,0
ff4436ab-fd7e-48c1-8f4f-36773afec056,520.7142857142857,45.857142857142854,21.0,0.05747142857142857,10227.0,2312.0,7,9,1
ff4a89a6-2c7a-4170-bcbd-7567d42bda56,4829.0,528.75,263.5,0.05775,97343.0,3003.0,4,5,0
ff577ce7-26aa-4c32-adf1-d4a13dcc141d,2903.0,265.0,188.0,0.0584,57425.0,4971.0,1,9,2
ff6142a2-f58f-465d-9bb6-386df5371671,4112.75,341.75,163.25,0.0556,83013.0,3485.0,4,2,2
ff6942fd-9d57-49f3-b478-a45042847f27,4796.4,488.0,355.9,0.05854,96333.0,2192.0,5,7,0
ff6ba2ee-1d82-4251-b5bc-8d331bd67089,2728.2,365.4,174.4,0.0601,54374.0,1422.0,5,3,2
ff8013c5-de9c-4207-9920-965f8f30c45a,3157.625,315.5,167.875,0.0578375,62958.0,4164.0,8,2,2
ff878e90-8380-4e3a-81d0-1d8887b8ce7f,2541.25,228.0,136.25,0.056125,51797.0,7314.0,4,11,3
ff8dfe4a-6457-47eb-8824-bd39b7251dfa,4248.5,341.3333333333333,254.66666666666666,0.05715,84781.0,8241.0,6,8,0
ff91729d-526b-4e8d-8fd8-b8f929d70673,3506.6666666666665,428.3333333333333,104.0,0.05723333333333333,70566.0,9630.0,3,11,0
ff96d55b-13c3-4e61-8258-6df68e30499d,1261.25,90.5,68.5,0.056625,25079.0,117.0,4,0,1
ffa4e561-5d8a-444e-b139-8a505ace555d,2671.5,279.0,137.0,0.05785,53334.0,9833.0,2,8,2
ffb01619-fac7-4b0b-b74f-6ae6b69fa629,3967.5,403.0,105.0,0.05685,78732.0,5213.0,2,1,2
ffb01ffb-4e8b-4ef5-a114-9abfc73c45d5,1399.8333333333333,137.0,78.16666666666667,0.05691666666666667,28377.0,6570.0,6,5,1
ffcb4a82-2c67-4c13-abef-42b59fa77cc0,4689.555555555556,409.22222222222223,314.55555555555554,0.05775555555555556,93739.0,8771.0,9,8,0
